timestamp_iso,unix_ms,state,source_symbol
2025-01-01T23:00:00.000Z,1735772400000,0,NQ1!
2025-01-03T06:45:00.000Z,1735886700000,1,NQ1!
2025-01-06T06:00:00.000Z,1736143200000,0,NQ1!
2025-01-06T06:30:00.000Z,1736145000000,1,NQ1!
2025-01-06T07:30:00.000Z,1736148600000,0,NQ1!
2025-01-06T08:00:00.000Z,1736150400000,1,NQ1!
2025-01-06T08:15:00.000Z,1736151300000,0,NQ1!
2025-01-06T08:30:00.000Z,1736152200000,1,NQ1!
2025-01-06T13:00:00.000Z,1736168400000,0,NQ1!
2025-01-06T13:15:00.000Z,1736169300000,1,NQ1!
2025-01-06T13:30:00.000Z,1736170200000,0,NQ1!
2025-01-06T13:45:00.000Z,1736171100000,1,NQ1!
2025-01-06T14:15:00.000Z,1736172900000,0,NQ1!
2025-01-06T14:30:00.000Z,1736173800000,1,NQ1!
2025-01-06T18:00:00.000Z,1736186400000,0,NQ1!
2025-01-07T08:30:00.000Z,1736238600000,1,NQ1!
2025-01-07T09:45:00.000Z,1736243100000,0,NQ1!
2025-01-07T10:00:00.000Z,1736244000000,1,NQ1!
2025-01-07T14:45:00.000Z,1736261100000,0,NQ1!
2025-01-07T23:45:00.000Z,1736293500000,1,NQ1!
2025-01-08T11:30:00.000Z,1736335800000,0,NQ1!
2025-01-08T11:45:00.000Z,1736336700000,1,NQ1!
2025-01-08T12:00:00.000Z,1736337600000,0,NQ1!
2025-01-08T13:00:00.000Z,1736341200000,1,NQ1!
2025-01-08T15:00:00.000Z,1736348400000,0,NQ1!
2025-01-08T15:45:00.000Z,1736351100000,1,NQ1!
2025-01-08T17:00:00.000Z,1736355600000,0,NQ1!
2025-01-08T18:00:00.000Z,1736359200000,1,NQ1!
2025-01-08T18:45:00.000Z,1736361900000,0,NQ1!
2025-01-08T19:15:00.000Z,1736363700000,1,NQ1!
2025-01-08T19:30:00.000Z,1736364600000,0,NQ1!
2025-01-08T20:15:00.000Z,1736367300000,1,NQ1!
2025-01-09T00:30:00.000Z,1736382600000,0,NQ1!
2025-01-09T00:45:00.000Z,1736383500000,1,NQ1!
2025-01-09T03:45:00.000Z,1736394300000,0,NQ1!
2025-01-10T04:45:00.000Z,1736484300000,1,NQ1!
2025-01-10T06:00:00.000Z,1736488800000,0,NQ1!
2025-01-10T07:30:00.000Z,1736494200000,1,NQ1!
2025-01-10T13:30:00.000Z,1736515800000,0,NQ1!
2025-01-10T18:45:00.000Z,1736534700000,1,NQ1!
2025-01-10T19:00:00.000Z,1736535600000,0,NQ1!
2025-01-10T19:45:00.000Z,1736538300000,1,NQ1!
2025-01-10T20:00:00.000Z,1736539200000,0,NQ1!
2025-01-13T06:00:00.000Z,1736748000000,1,NQ1!
2025-01-13T08:15:00.000Z,1736756100000,0,NQ1!
2025-01-13T11:45:00.000Z,1736768700000,1,NQ1!
2025-01-13T12:00:00.000Z,1736769600000,0,NQ1!
2025-01-13T12:15:00.000Z,1736770500000,1,NQ1!
2025-01-13T15:15:00.000Z,1736781300000,0,NQ1!
2025-01-13T15:30:00.000Z,1736782200000,1,NQ1!
2025-01-14T06:45:00.000Z,1736837100000,0,NQ1!
2025-01-14T08:30:00.000Z,1736843400000,1,NQ1!
2025-01-14T09:00:00.000Z,1736845200000,0,NQ1!
2025-01-14T18:45:00.000Z,1736880300000,1,NQ1!
2025-01-14T19:15:00.000Z,1736882100000,0,NQ1!
2025-01-14T21:00:00.000Z,1736888400000,1,NQ1!
2025-01-16T02:45:00.000Z,1736995500000,0,NQ1!
2025-01-17T05:15:00.000Z,1737090900000,1,NQ1!
2025-01-17T21:00:00.000Z,1737147600000,0,NQ1!
2025-01-20T11:30:00.000Z,1737372600000,1,NQ1!
2025-01-20T12:00:00.000Z,1737374400000,0,NQ1!
2025-01-20T13:30:00.000Z,1737379800000,1,NQ1!
2025-01-21T00:45:00.000Z,1737420300000,0,NQ1!
2025-01-21T01:15:00.000Z,1737422100000,1,NQ1!
2025-01-21T01:30:00.000Z,1737423000000,0,NQ1!
2025-01-21T01:45:00.000Z,1737423900000,1,NQ1!
2025-01-21T02:15:00.000Z,1737425700000,0,NQ1!
2025-01-21T03:00:00.000Z,1737428400000,1,NQ1!
2025-01-21T03:45:00.000Z,1737431100000,0,NQ1!
2025-01-21T09:00:00.000Z,1737450000000,1,NQ1!
2025-01-21T10:45:00.000Z,1737456300000,0,NQ1!
2025-01-21T11:00:00.000Z,1737457200000,1,NQ1!
2025-01-21T11:15:00.000Z,1737458100000,0,NQ1!
2025-01-21T13:45:00.000Z,1737467100000,1,NQ1!
2025-01-21T14:00:00.000Z,1737468000000,0,NQ1!
2025-01-21T17:15:00.000Z,1737479700000,1,NQ1!
2025-01-22T10:00:00.000Z,1737540000000,0,NQ1!
2025-01-22T10:15:00.000Z,1737540900000,1,NQ1!
2025-01-22T11:15:00.000Z,1737544500000,0,NQ1!
2025-01-22T12:00:00.000Z,1737547200000,1,NQ1!
2025-01-22T12:15:00.000Z,1737548100000,0,NQ1!
2025-01-22T12:30:00.000Z,1737549000000,1,NQ1!
2025-01-22T13:45:00.000Z,1737553500000,0,NQ1!
2025-01-22T14:30:00.000Z,1737556200000,1,NQ1!
2025-01-22T19:15:00.000Z,1737573300000,0,NQ1!
2025-01-22T19:45:00.000Z,1737575100000,1,NQ1!
2025-01-22T20:00:00.000Z,1737576000000,0,NQ1!
2025-01-23T13:45:00.000Z,1737639900000,1,NQ1!
2025-01-24T04:15:00.000Z,1737692100000,0,NQ1!
2025-01-24T05:00:00.000Z,1737694800000,1,NQ1!
2025-01-24T05:45:00.000Z,1737697500000,0,NQ1!
2025-01-24T12:00:00.000Z,1737720000000,1,NQ1!
2025-01-24T13:00:00.000Z,1737723600000,0,NQ1!
2025-01-24T14:00:00.000Z,1737727200000,1,NQ1!
2025-01-24T15:00:00.000Z,1737730800000,0,NQ1!
2025-01-24T16:15:00.000Z,1737735300000,1,NQ1!
2025-01-24T16:45:00.000Z,1737737100000,0,NQ1!
2025-01-27T14:30:00.000Z,1737988200000,1,NQ1!
2025-01-28T11:15:00.000Z,1738062900000,0,NQ1!
2025-01-28T15:15:00.000Z,1738077300000,1,NQ1!
2025-01-28T16:15:00.000Z,1738080900000,0,NQ1!
2025-01-28T16:45:00.000Z,1738082700000,1,NQ1!
2025-01-28T23:45:00.000Z,1738107900000,0,NQ1!
2025-01-29T06:00:00.000Z,1738130400000,1,NQ1!
2025-01-29T09:15:00.000Z,1738142100000,0,NQ1!
2025-01-29T19:30:00.000Z,1738179000000,1,NQ1!
2025-01-29T19:45:00.000Z,1738179900000,0,NQ1!
2025-01-29T20:15:00.000Z,1738181700000,1,NQ1!
2025-01-29T20:30:00.000Z,1738182600000,0,NQ1!
2025-01-29T21:15:00.000Z,1738185300000,1,NQ1!
2025-01-29T23:15:00.000Z,1738192500000,0,NQ1!
2025-01-29T23:30:00.000Z,1738193400000,1,NQ1!
2025-01-30T10:45:00.000Z,1738233900000,0,NQ1!
2025-01-30T11:00:00.000Z,1738234800000,1,NQ1!
2025-01-30T11:45:00.000Z,1738237500000,0,NQ1!
2025-01-30T20:00:00.000Z,1738267200000,1,NQ1!
2025-01-30T20:30:00.000Z,1738269000000,0,NQ1!
2025-01-30T23:00:00.000Z,1738278000000,1,NQ1!
2025-01-31T12:45:00.000Z,1738327500000,0,NQ1!
2025-01-31T14:30:00.000Z,1738333800000,1,NQ1!
2025-01-31T18:15:00.000Z,1738347300000,0,NQ1!
2025-02-03T06:30:00.000Z,1738564200000,1,NQ1!
2025-02-03T20:45:00.000Z,1738615500000,0,NQ1!
2025-02-03T21:15:00.000Z,1738617300000,1,NQ1!
2025-02-04T01:00:00.000Z,1738630800000,0,NQ1!
2025-02-04T12:00:00.000Z,1738670400000,1,NQ1!
2025-02-05T01:45:00.000Z,1738719900000,0,NQ1!
2025-02-05T14:00:00.000Z,1738764000000,1,NQ1!
2025-02-06T06:15:00.000Z,1738822500000,0,NQ1!
2025-02-06T18:15:00.000Z,1738865700000,1,NQ1!
2025-02-06T18:45:00.000Z,1738867500000,0,NQ1!
2025-02-06T20:45:00.000Z,1738874700000,1,NQ1!
2025-02-06T21:00:00.000Z,1738875600000,0,NQ1!
2025-02-06T21:15:00.000Z,1738876500000,1,NQ1!
2025-02-07T05:15:00.000Z,1738905300000,0,NQ1!
2025-02-07T07:30:00.000Z,1738913400000,1,NQ1!
2025-02-07T07:45:00.000Z,1738914300000,0,NQ1!
2025-02-07T08:00:00.000Z,1738915200000,1,NQ1!
2025-02-07T08:15:00.000Z,1738916100000,0,NQ1!
2025-02-07T13:30:00.000Z,1738935000000,1,NQ1!
2025-02-07T15:00:00.000Z,1738940400000,0,NQ1!
2025-02-09T23:45:00.000Z,1739144700000,1,NQ1!
2025-02-10T21:00:00.000Z,1739221200000,0,NQ1!
2025-02-11T12:45:00.000Z,1739277900000,1,NQ1!
2025-02-11T13:00:00.000Z,1739278800000,0,NQ1!
2025-02-11T14:30:00.000Z,1739284200000,1,NQ1!
2025-02-11T17:00:00.000Z,1739293200000,0,NQ1!
2025-02-11T17:15:00.000Z,1739294100000,1,NQ1!
2025-02-11T17:30:00.000Z,1739295000000,0,NQ1!
2025-02-11T18:30:00.000Z,1739298600000,1,NQ1!
2025-02-11T20:30:00.000Z,1739305800000,0,NQ1!
2025-02-12T12:30:00.000Z,1739363400000,1,NQ1!
2025-02-12T13:30:00.000Z,1739367000000,0,NQ1!
2025-02-12T16:30:00.000Z,1739377800000,1,NQ1!
2025-02-13T07:00:00.000Z,1739430000000,0,NQ1!
2025-02-13T15:00:00.000Z,1739458800000,1,NQ1!
2025-02-14T05:30:00.000Z,1739511000000,0,NQ1!
2025-02-14T15:00:00.000Z,1739545200000,1,NQ1!
2025-02-14T15:15:00.000Z,1739546100000,0,NQ1!
2025-02-14T15:45:00.000Z,1739547900000,1,NQ1!
2025-02-14T16:00:00.000Z,1739548800000,0,NQ1!
2025-02-14T17:45:00.000Z,1739555100000,1,NQ1!
2025-02-17T07:15:00.000Z,1739776500000,0,NQ1!
2025-02-18T02:30:00.000Z,1739845800000,1,NQ1!
2025-02-18T14:15:00.000Z,1739888100000,0,NQ1!
2025-02-18T20:45:00.000Z,1739911500000,1,NQ1!
2025-02-19T10:15:00.000Z,1739960100000,0,NQ1!
2025-02-19T12:00:00.000Z,1739966400000,1,NQ1!
2025-02-19T12:15:00.000Z,1739967300000,0,NQ1!
2025-02-19T18:30:00.000Z,1739989800000,1,NQ1!
2025-02-19T18:45:00.000Z,1739990700000,0,NQ1!
2025-02-19T19:00:00.000Z,1739991600000,1,NQ1!
2025-02-19T20:15:00.000Z,1739996100000,0,NQ1!
2025-02-19T20:45:00.000Z,1739997900000,1,NQ1!
2025-02-19T21:00:00.000Z,1739998800000,0,NQ1!
2025-02-19T23:00:00.000Z,1740006000000,1,NQ1!
2025-02-19T23:15:00.000Z,1740006900000,0,NQ1!
2025-02-20T00:45:00.000Z,1740012300000,1,NQ1!
2025-02-20T01:00:00.000Z,1740013200000,0,NQ1!
2025-02-20T09:00:00.000Z,1740042000000,1,NQ1!
2025-02-20T14:45:00.000Z,1740062700000,0,NQ1!
2025-02-20T23:30:00.000Z,1740094200000,1,NQ1!
2025-02-21T00:15:00.000Z,1740096900000,0,NQ1!
2025-02-21T02:00:00.000Z,1740103200000,1,NQ1!
2025-02-21T02:15:00.000Z,1740104100000,0,NQ1!
2025-02-21T02:45:00.000Z,1740105900000,1,NQ1!
2025-02-21T03:30:00.000Z,1740108600000,0,NQ1!
2025-02-21T06:00:00.000Z,1740117600000,1,NQ1!
2025-02-21T14:30:00.000Z,1740148200000,0,NQ1!
2025-02-24T03:15:00.000Z,1740366900000,1,NQ1!
2025-02-24T14:45:00.000Z,1740408300000,0,NQ1!
2025-02-24T17:30:00.000Z,1740418200000,1,NQ1!
2025-02-24T17:45:00.000Z,1740419100000,0,NQ1!
2025-02-24T18:15:00.000Z,1740420900000,1,NQ1!
2025-02-24T18:45:00.000Z,1740422700000,0,NQ1!
2025-02-25T02:30:00.000Z,1740450600000,1,NQ1!
2025-02-25T07:15:00.000Z,1740467700000,0,NQ1!
2025-02-25T08:00:00.000Z,1740470400000,1,NQ1!
2025-02-25T08:15:00.000Z,1740471300000,0,NQ1!
2025-02-25T11:30:00.000Z,1740483000000,1,NQ1!
2025-02-25T14:30:00.000Z,1740493800000,0,NQ1!
2025-02-25T19:30:00.000Z,1740511800000,1,NQ1!
2025-02-26T13:45:00.000Z,1740577500000,0,NQ1!
2025-02-26T16:00:00.000Z,1740585600000,1,NQ1!
2025-02-26T16:15:00.000Z,1740586500000,0,NQ1!
2025-02-26T16:30:00.000Z,1740587400000,1,NQ1!
2025-02-26T16:45:00.000Z,1740588300000,0,NQ1!
2025-02-26T17:00:00.000Z,1740589200000,1,NQ1!
2025-02-26T17:45:00.000Z,1740591900000,0,NQ1!
2025-02-26T21:45:00.000Z,1740606300000,1,NQ1!
2025-02-26T23:00:00.000Z,1740610800000,0,NQ1!
2025-02-27T05:00:00.000Z,1740632400000,1,NQ1!
2025-02-27T14:30:00.000Z,1740666600000,0,NQ1!
2025-02-28T05:30:00.000Z,1740720600000,1,NQ1!
2025-02-28T18:45:00.000Z,1740768300000,0,NQ1!
2025-02-28T19:30:00.000Z,1740771000000,1,NQ1!
2025-03-03T06:00:00.000Z,1740981600000,0,NQ1!
2025-03-03T06:30:00.000Z,1740983400000,1,NQ1!
2025-03-03T07:00:00.000Z,1740985200000,0,NQ1!
2025-03-04T04:00:00.000Z,1741060800000,1,NQ1!
2025-03-04T12:00:00.000Z,1741089600000,0,NQ1!
2025-03-04T18:00:00.000Z,1741111200000,1,NQ1!
2025-03-05T10:15:00.000Z,1741169700000,0,NQ1!
2025-03-05T17:45:00.000Z,1741196700000,1,NQ1!
2025-03-05T18:00:00.000Z,1741197600000,0,NQ1!
2025-03-05T18:45:00.000Z,1741200300000,1,NQ1!
2025-03-06T07:30:00.000Z,1741246200000,0,NQ1!
2025-03-06T15:30:00.000Z,1741275000000,1,NQ1!
2025-03-06T15:45:00.000Z,1741275900000,0,NQ1!
2025-03-06T16:00:00.000Z,1741276800000,1,NQ1!
2025-03-06T16:15:00.000Z,1741277700000,0,NQ1!
2025-03-06T21:15:00.000Z,1741295700000,1,NQ1!
2025-03-07T12:15:00.000Z,1741349700000,0,NQ1!
2025-03-07T13:30:00.000Z,1741354200000,1,NQ1!
2025-03-07T13:45:00.000Z,1741355100000,0,NQ1!
2025-03-07T18:30:00.000Z,1741372200000,1,NQ1!
2025-03-09T22:00:00.000Z,1741557600000,0,NQ1!
2025-03-10T00:45:00.000Z,1741567500000,1,NQ1!
2025-03-10T04:45:00.000Z,1741581900000,0,NQ1!
2025-03-10T05:00:00.000Z,1741582800000,1,NQ1!
2025-03-10T05:45:00.000Z,1741585500000,0,NQ1!
2025-03-10T06:00:00.000Z,1741586400000,1,NQ1!
2025-03-10T07:15:00.000Z,1741590900000,0,NQ1!
2025-03-10T07:30:00.000Z,1741591800000,1,NQ1!
2025-03-10T07:45:00.000Z,1741592700000,0,NQ1!
2025-03-11T02:00:00.000Z,1741658400000,1,NQ1!
2025-03-11T12:45:00.000Z,1741697100000,0,NQ1!
2025-03-11T18:30:00.000Z,1741717800000,1,NQ1!
2025-03-11T19:30:00.000Z,1741721400000,0,NQ1!
2025-03-12T05:30:00.000Z,1741757400000,1,NQ1!
2025-03-12T06:45:00.000Z,1741761900000,0,NQ1!
2025-03-12T07:30:00.000Z,1741764600000,1,NQ1!
2025-03-12T14:30:00.000Z,1741789800000,0,NQ1!
2025-03-12T15:45:00.000Z,1741794300000,1,NQ1!
2025-03-12T17:45:00.000Z,1741801500000,0,NQ1!
2025-03-12T18:00:00.000Z,1741802400000,1,NQ1!
2025-03-12T19:30:00.000Z,1741807800000,0,NQ1!
2025-03-12T23:00:00.000Z,1741820400000,1,NQ1!
2025-03-13T00:45:00.000Z,1741826700000,0,NQ1!
2025-03-13T09:30:00.000Z,1741858200000,1,NQ1!
2025-03-13T11:15:00.000Z,1741864500000,0,NQ1!
2025-03-13T12:30:00.000Z,1741869000000,1,NQ1!
2025-03-13T13:30:00.000Z,1741872600000,0,NQ1!
2025-03-13T22:00:00.000Z,1741903200000,1,NQ1!
2025-03-14T14:15:00.000Z,1741961700000,0,NQ1!
2025-03-14T14:30:00.000Z,1741962600000,1,NQ1!
2025-03-16T22:00:00.000Z,1742162400000,0,NQ1!
2025-03-17T10:00:00.000Z,1742205600000,1,NQ1!
2025-03-17T15:30:00.000Z,1742225400000,0,NQ1!
2025-03-17T16:00:00.000Z,1742227200000,1,NQ1!
2025-03-17T16:15:00.000Z,1742228100000,0,NQ1!
2025-03-17T16:45:00.000Z,1742229900000,1,NQ1!
2025-03-18T01:30:00.000Z,1742261400000,0,NQ1!
2025-03-18T18:45:00.000Z,1742323500000,1,NQ1!
2025-03-18T19:00:00.000Z,1742324400000,0,NQ1!
2025-03-18T20:00:00.000Z,1742328000000,1,NQ1!
2025-03-18T22:15:00.000Z,1742336100000,0,NQ1!
2025-03-18T22:30:00.000Z,1742337000000,1,NQ1!
2025-03-19T12:15:00.000Z,1742386500000,0,NQ1!
2025-03-19T13:45:00.000Z,1742391900000,1,NQ1!
2025-03-19T14:45:00.000Z,1742395500000,0,NQ1!
2025-03-19T15:00:00.000Z,1742396400000,1,NQ1!
2025-03-19T17:00:00.000Z,1742403600000,0,NQ1!
2025-03-19T18:00:00.000Z,1742407200000,1,NQ1!
2025-03-19T18:15:00.000Z,1742408100000,0,NQ1!
2025-03-19T18:30:00.000Z,1742409000000,1,NQ1!
2025-03-20T04:30:00.000Z,1742445000000,0,NQ1!
2025-03-20T14:00:00.000Z,1742479200000,1,NQ1!
2025-03-20T15:45:00.000Z,1742485500000,0,NQ1!
2025-03-20T19:30:00.000Z,1742499000000,1,NQ1!
2025-03-20T23:00:00.000Z,1742511600000,0,NQ1!
2025-03-20T23:30:00.000Z,1742513400000,1,NQ1!
2025-03-21T05:00:00.000Z,1742533200000,0,NQ1!
2025-03-21T05:15:00.000Z,1742534100000,1,NQ1!
2025-03-21T05:30:00.000Z,1742535000000,0,NQ1!
2025-03-21T06:15:00.000Z,1742537700000,1,NQ1!
2025-03-21T07:30:00.000Z,1742542200000,0,NQ1!
2025-03-21T08:00:00.000Z,1742544000000,1,NQ1!
2025-03-21T08:15:00.000Z,1742544900000,0,NQ1!
2025-03-21T16:00:00.000Z,1742572800000,1,NQ1!
2025-03-24T07:30:00.000Z,1742801400000,0,NQ1!
2025-03-24T08:00:00.000Z,1742803200000,1,NQ1!
2025-03-24T08:15:00.000Z,1742804100000,0,NQ1!
2025-03-24T15:15:00.000Z,1742829300000,1,NQ1!
2025-03-24T17:00:00.000Z,1742835600000,0,NQ1!
2025-03-24T18:30:00.000Z,1742841000000,1,NQ1!
2025-03-24T22:00:00.000Z,1742853600000,0,NQ1!
2025-03-25T10:15:00.000Z,1742897700000,1,NQ1!
2025-03-25T17:15:00.000Z,1742922900000,0,NQ1!
2025-03-25T17:30:00.000Z,1742923800000,1,NQ1!
2025-03-26T01:30:00.000Z,1742952600000,0,NQ1!
2025-03-27T00:00:00.000Z,1743033600000,1,NQ1!
2025-03-27T13:00:00.000Z,1743080400000,0,NQ1!
2025-03-27T14:00:00.000Z,1743084000000,1,NQ1!
2025-03-27T15:45:00.000Z,1743090300000,0,NQ1!
2025-03-27T16:00:00.000Z,1743091200000,1,NQ1!
2025-03-27T16:45:00.000Z,1743093900000,0,NQ1!
2025-03-27T17:00:00.000Z,1743094800000,1,NQ1!
2025-03-27T17:15:00.000Z,1743095700000,0,NQ1!
2025-03-27T18:00:00.000Z,1743098400000,1,NQ1!
2025-03-27T19:45:00.000Z,1743104700000,0,NQ1!
2025-03-28T01:15:00.000Z,1743124500000,1,NQ1!
2025-03-28T01:45:00.000Z,1743126300000,0,NQ1!
2025-03-28T02:00:00.000Z,1743127200000,1,NQ1!
2025-03-28T06:45:00.000Z,1743144300000,0,NQ1!
2025-03-31T02:30:00.000Z,1743388200000,1,NQ1!
2025-03-31T03:00:00.000Z,1743390000000,0,NQ1!
2025-03-31T03:15:00.000Z,1743390900000,1,NQ1!
2025-03-31T13:30:00.000Z,1743427800000,0,NQ1!
2025-03-31T14:00:00.000Z,1743429600000,1,NQ1!
2025-03-31T14:15:00.000Z,1743430500000,0,NQ1!
2025-03-31T14:45:00.000Z,1743432300000,1,NQ1!
2025-03-31T15:00:00.000Z,1743433200000,0,NQ1!
2025-03-31T15:15:00.000Z,1743434100000,1,NQ1!
2025-04-01T10:00:00.000Z,1743501600000,0,NQ1!
2025-04-01T14:45:00.000Z,1743518700000,1,NQ1!
2025-04-01T16:30:00.000Z,1743525000000,0,NQ1!
2025-04-01T16:45:00.000Z,1743525900000,1,NQ1!
2025-04-01T17:45:00.000Z,1743529500000,0,NQ1!
2025-04-01T19:30:00.000Z,1743535800000,1,NQ1!
2025-04-02T00:00:00.000Z,1743552000000,0,NQ1!
2025-04-02T13:30:00.000Z,1743600600000,1,NQ1!
2025-04-02T20:15:00.000Z,1743624900000,0,NQ1!
2025-04-03T04:45:00.000Z,1743655500000,1,NQ1!
2025-04-03T05:15:00.000Z,1743657300000,0,NQ1!
2025-04-03T05:30:00.000Z,1743658200000,1,NQ1!
2025-04-03T05:45:00.000Z,1743659100000,0,NQ1!
2025-04-03T06:00:00.000Z,1743660000000,1,NQ1!
2025-04-03T10:00:00.000Z,1743674400000,0,NQ1!
2025-04-03T10:30:00.000Z,1743676200000,1,NQ1!
2025-04-03T12:30:00.000Z,1743683400000,0,NQ1!
2025-04-04T05:15:00.000Z,1743743700000,1,NQ1!
2025-04-04T10:00:00.000Z,1743760800000,0,NQ1!
2025-04-07T01:45:00.000Z,1743990300000,1,NQ1!
2025-04-08T05:00:00.000Z,1744088400000,0,NQ1!
2025-04-08T13:15:00.000Z,1744118100000,1,NQ1!
2025-04-08T15:00:00.000Z,1744124400000,0,NQ1!
2025-04-09T06:00:00.000Z,1744178400000,1,NQ1!
2025-04-10T02:45:00.000Z,1744253100000,0,NQ1!
2025-04-10T18:15:00.000Z,1744308900000,1,NQ1!
2025-04-10T19:15:00.000Z,1744312500000,0,NQ1!
2025-04-10T19:45:00.000Z,1744314300000,1,NQ1!
2025-04-11T00:15:00.000Z,1744330500000,0,NQ1!
2025-04-11T01:00:00.000Z,1744333200000,1,NQ1!
2025-04-11T08:15:00.000Z,1744359300000,0,NQ1!
2025-04-11T09:15:00.000Z,1744362900000,1,NQ1!
2025-04-11T12:45:00.000Z,1744375500000,0,NQ1!
2025-04-11T13:30:00.000Z,1744378200000,1,NQ1!
2025-04-11T14:00:00.000Z,1744380000000,0,NQ1!
2025-04-11T15:45:00.000Z,1744386300000,1,NQ1!
2025-04-14T07:00:00.000Z,1744614000000,0,NQ1!
2025-04-14T07:15:00.000Z,1744614900000,1,NQ1!
2025-04-14T08:00:00.000Z,1744617600000,0,NQ1!
2025-04-14T19:00:00.000Z,1744657200000,1,NQ1!
2025-04-14T19:45:00.000Z,1744659900000,0,NQ1!
2025-04-15T01:00:00.000Z,1744678800000,1,NQ1!
2025-04-15T01:30:00.000Z,1744680600000,0,NQ1!
2025-04-15T02:00:00.000Z,1744682400000,1,NQ1!
2025-04-15T02:15:00.000Z,1744683300000,0,NQ1!
2025-04-15T03:15:00.000Z,1744686900000,1,NQ1!
2025-04-15T11:45:00.000Z,1744717500000,0,NQ1!
2025-04-15T12:00:00.000Z,1744718400000,1,NQ1!
2025-04-15T12:15:00.000Z,1744719300000,0,NQ1!
2025-04-15T13:00:00.000Z,1744722000000,1,NQ1!
2025-04-15T16:45:00.000Z,1744735500000,0,NQ1!
2025-04-15T17:00:00.000Z,1744736400000,1,NQ1!
2025-04-15T17:15:00.000Z,1744737300000,0,NQ1!
2025-04-15T17:30:00.000Z,1744738200000,1,NQ1!
2025-04-15T17:45:00.000Z,1744739100000,0,NQ1!
2025-04-15T18:30:00.000Z,1744741800000,1,NQ1!
2025-04-15T19:15:00.000Z,1744744500000,0,NQ1!
2025-04-16T08:30:00.000Z,1744792200000,1,NQ1!
2025-04-16T12:45:00.000Z,1744807500000,0,NQ1!
2025-04-16T14:15:00.000Z,1744812900000,1,NQ1!
2025-04-16T15:30:00.000Z,1744817400000,0,NQ1!
2025-04-17T00:00:00.000Z,1744848000000,1,NQ1!
2025-04-17T00:15:00.000Z,1744848900000,0,NQ1!
2025-04-17T00:30:00.000Z,1744849800000,1,NQ1!
2025-04-17T11:00:00.000Z,1744887600000,0,NQ1!
2025-04-17T11:15:00.000Z,1744888500000,1,NQ1!
2025-04-17T13:30:00.000Z,1744896600000,0,NQ1!
2025-04-21T05:30:00.000Z,1745213400000,1,NQ1!
2025-04-21T07:00:00.000Z,1745218800000,0,NQ1!
2025-04-21T08:30:00.000Z,1745224200000,1,NQ1!
2025-04-21T08:45:00.000Z,1745225100000,0,NQ1!
2025-04-21T09:15:00.000Z,1745226900000,1,NQ1!
2025-04-21T11:15:00.000Z,1745234100000,0,NQ1!
2025-04-21T11:45:00.000Z,1745235900000,1,NQ1!
2025-04-21T13:30:00.000Z,1745242200000,0,NQ1!
2025-04-21T19:30:00.000Z,1745263800000,1,NQ1!
2025-04-22T17:15:00.000Z,1745342100000,0,NQ1!
2025-04-22T22:00:00.000Z,1745359200000,1,NQ1!
2025-04-23T05:00:00.000Z,1745384400000,0,NQ1!
2025-04-23T05:30:00.000Z,1745386200000,1,NQ1!
2025-04-23T15:45:00.000Z,1745423100000,0,NQ1!
2025-04-24T10:30:00.000Z,1745490600000,1,NQ1!
2025-04-24T11:00:00.000Z,1745492400000,0,NQ1!
2025-04-24T11:45:00.000Z,1745495100000,1,NQ1!
2025-04-25T01:45:00.000Z,1745545500000,0,NQ1!
2025-04-25T16:15:00.000Z,1745597700000,1,NQ1!
2025-04-28T03:00:00.000Z,1745809200000,0,NQ1!
2025-04-28T03:15:00.000Z,1745810100000,1,NQ1!
2025-04-28T04:00:00.000Z,1745812800000,0,NQ1!
2025-04-28T04:15:00.000Z,1745813700000,1,NQ1!
2025-04-28T04:45:00.000Z,1745815500000,0,NQ1!
2025-04-28T06:00:00.000Z,1745820000000,1,NQ1!
2025-04-28T09:30:00.000Z,1745832600000,0,NQ1!
2025-04-28T12:30:00.000Z,1745843400000,1,NQ1!
2025-04-28T13:45:00.000Z,1745847900000,0,NQ1!
2025-04-28T14:30:00.000Z,1745850600000,1,NQ1!
2025-04-28T14:45:00.000Z,1745851500000,0,NQ1!
2025-04-28T18:30:00.000Z,1745865000000,1,NQ1!
2025-04-29T10:30:00.000Z,1745922600000,0,NQ1!
2025-04-29T14:45:00.000Z,1745937900000,1,NQ1!
2025-04-29T15:15:00.000Z,1745939700000,0,NQ1!
2025-04-29T15:30:00.000Z,1745940600000,1,NQ1!
2025-04-29T15:45:00.000Z,1745941500000,0,NQ1!
2025-04-29T16:00:00.000Z,1745942400000,1,NQ1!
2025-04-29T16:45:00.000Z,1745945100000,0,NQ1!
2025-04-29T17:15:00.000Z,1745946900000,1,NQ1!
2025-04-29T23:00:00.000Z,1745967600000,0,NQ1!
2025-04-29T23:30:00.000Z,1745969400000,1,NQ1!
2025-04-30T00:15:00.000Z,1745972100000,0,NQ1!
2025-04-30T00:30:00.000Z,1745973000000,1,NQ1!
2025-04-30T00:45:00.000Z,1745973900000,0,NQ1!
2025-04-30T02:30:00.000Z,1745980200000,1,NQ1!
2025-04-30T02:45:00.000Z,1745981100000,0,NQ1!
2025-04-30T04:15:00.000Z,1745986500000,1,NQ1!
2025-04-30T05:00:00.000Z,1745989200000,0,NQ1!
2025-04-30T05:30:00.000Z,1745991000000,1,NQ1!
2025-04-30T10:00:00.000Z,1746007200000,0,NQ1!
2025-04-30T17:30:00.000Z,1746034200000,1,NQ1!
2025-05-01T06:45:00.000Z,1746081900000,0,NQ1!
2025-05-01T07:00:00.000Z,1746082800000,1,NQ1!
2025-05-01T07:45:00.000Z,1746085500000,0,NQ1!
2025-05-01T19:15:00.000Z,1746126900000,1,NQ1!
2025-05-01T19:30:00.000Z,1746127800000,0,NQ1!
2025-05-02T00:45:00.000Z,1746146700000,1,NQ1!
2025-05-02T07:45:00.000Z,1746171900000,0,NQ1!
2025-05-02T08:00:00.000Z,1746172800000,1,NQ1!
2025-05-02T08:45:00.000Z,1746175500000,0,NQ1!
2025-05-02T10:00:00.000Z,1746180000000,1,NQ1!
2025-05-02T11:30:00.000Z,1746185400000,0,NQ1!
2025-05-02T12:15:00.000Z,1746188100000,1,NQ1!
2025-05-04T22:15:00.000Z,1746396900000,0,NQ1!
2025-05-05T13:30:00.000Z,1746451800000,1,NQ1!
2025-05-05T19:45:00.000Z,1746474300000,0,NQ1!
2025-05-06T14:15:00.000Z,1746540900000,1,NQ1!
2025-05-06T20:15:00.000Z,1746562500000,0,NQ1!
2025-05-06T22:00:00.000Z,1746568800000,1,NQ1!
2025-05-07T02:30:00.000Z,1746585000000,0,NQ1!
2025-05-07T02:45:00.000Z,1746585900000,1,NQ1!
2025-05-07T03:15:00.000Z,1746587700000,0,NQ1!
2025-05-07T03:30:00.000Z,1746588600000,1,NQ1!
2025-05-07T05:00:00.000Z,1746594000000,0,NQ1!
2025-05-07T20:00:00.000Z,1746648000000,1,NQ1!
2025-05-08T12:30:00.000Z,1746707400000,0,NQ1!
2025-05-08T15:30:00.000Z,1746718200000,1,NQ1!
2025-05-09T11:15:00.000Z,1746789300000,0,NQ1!
2025-05-09T14:45:00.000Z,1746801900000,1,NQ1!
2025-05-09T16:15:00.000Z,1746807300000,0,NQ1!
2025-05-09T17:15:00.000Z,1746810900000,1,NQ1!
2025-05-12T13:15:00.000Z,1747055700000,0,NQ1!
2025-05-12T16:45:00.000Z,1747068300000,1,NQ1!
2025-05-12T19:15:00.000Z,1747077300000,0,NQ1!
2025-05-12T19:45:00.000Z,1747079100000,1,NQ1!
2025-05-13T00:00:00.000Z,1747094400000,0,NQ1!
2025-05-13T10:30:00.000Z,1747132200000,1,NQ1!
2025-05-13T10:45:00.000Z,1747133100000,0,NQ1!
2025-05-13T11:00:00.000Z,1747134000000,1,NQ1!
2025-05-13T11:15:00.000Z,1747134900000,0,NQ1!
2025-05-13T11:30:00.000Z,1747135800000,1,NQ1!
2025-05-13T23:15:00.000Z,1747178100000,0,NQ1!
2025-05-13T23:30:00.000Z,1747179000000,1,NQ1!
2025-05-13T23:45:00.000Z,1747179900000,0,NQ1!
2025-05-14T13:00:00.000Z,1747227600000,1,NQ1!
2025-05-14T13:15:00.000Z,1747228500000,0,NQ1!
2025-05-14T13:30:00.000Z,1747229400000,1,NQ1!
2025-05-14T17:15:00.000Z,1747242900000,0,NQ1!
2025-05-14T18:30:00.000Z,1747247400000,1,NQ1!
2025-05-14T18:45:00.000Z,1747248300000,0,NQ1!
2025-05-14T19:45:00.000Z,1747251900000,1,NQ1!
2025-05-14T23:00:00.000Z,1747263600000,0,NQ1!
2025-05-15T00:30:00.000Z,1747269000000,1,NQ1!
2025-05-15T00:45:00.000Z,1747269900000,0,NQ1!
2025-05-15T02:30:00.000Z,1747276200000,1,NQ1!
2025-05-15T03:30:00.000Z,1747279800000,0,NQ1!
2025-05-15T04:15:00.000Z,1747282500000,1,NQ1!
2025-05-15T04:30:00.000Z,1747283400000,0,NQ1!
2025-05-15T12:30:00.000Z,1747312200000,1,NQ1!
2025-05-15T12:45:00.000Z,1747313100000,0,NQ1!
2025-05-15T13:00:00.000Z,1747314000000,1,NQ1!
2025-05-15T19:15:00.000Z,1747336500000,0,NQ1!
2025-05-15T19:45:00.000Z,1747338300000,1,NQ1!
2025-05-15T22:00:00.000Z,1747346400000,0,NQ1!
2025-05-15T23:30:00.000Z,1747351800000,1,NQ1!
2025-05-16T00:15:00.000Z,1747354500000,0,NQ1!
2025-05-16T07:30:00.000Z,1747380600000,1,NQ1!
2025-05-16T10:00:00.000Z,1747389600000,0,NQ1!
2025-05-16T10:15:00.000Z,1747390500000,1,NQ1!
2025-05-16T13:30:00.000Z,1747402200000,0,NQ1!
2025-05-16T14:45:00.000Z,1747406700000,1,NQ1!
2025-05-16T20:45:00.000Z,1747428300000,0,NQ1!
2025-05-18T23:30:00.000Z,1747611000000,1,NQ1!
2025-05-18T23:45:00.000Z,1747611900000,0,NQ1!
2025-05-19T11:45:00.000Z,1747655100000,1,NQ1!
2025-05-19T12:00:00.000Z,1747656000000,0,NQ1!
2025-05-19T12:30:00.000Z,1747657800000,1,NQ1!
2025-05-19T13:00:00.000Z,1747659600000,0,NQ1!
2025-05-19T13:30:00.000Z,1747661400000,1,NQ1!
2025-05-20T01:15:00.000Z,1747703700000,0,NQ1!
2025-05-20T16:30:00.000Z,1747758600000,1,NQ1!
2025-05-20T18:15:00.000Z,1747764900000,0,NQ1!
2025-05-20T19:30:00.000Z,1747769400000,1,NQ1!
2025-05-20T22:00:00.000Z,1747778400000,0,NQ1!
2025-05-20T22:30:00.000Z,1747780200000,1,NQ1!
2025-05-21T05:30:00.000Z,1747805400000,0,NQ1!
2025-05-21T11:15:00.000Z,1747826100000,1,NQ1!
2025-05-21T12:00:00.000Z,1747828800000,0,NQ1!
2025-05-21T12:15:00.000Z,1747829700000,1,NQ1!
2025-05-21T12:30:00.000Z,1747830600000,0,NQ1!
2025-05-21T13:30:00.000Z,1747834200000,1,NQ1!
2025-05-21T17:15:00.000Z,1747847700000,0,NQ1!
2025-05-22T05:15:00.000Z,1747890900000,1,NQ1!
2025-05-22T06:15:00.000Z,1747894500000,0,NQ1!
2025-05-22T06:30:00.000Z,1747895400000,1,NQ1!
2025-05-22T11:45:00.000Z,1747914300000,0,NQ1!
2025-05-22T12:45:00.000Z,1747917900000,1,NQ1!
2025-05-22T13:30:00.000Z,1747920600000,0,NQ1!
2025-05-22T13:45:00.000Z,1747921500000,1,NQ1!
2025-05-22T16:45:00.000Z,1747932300000,0,NQ1!
2025-05-22T17:15:00.000Z,1747934100000,1,NQ1!
2025-05-22T18:30:00.000Z,1747938600000,0,NQ1!
2025-05-22T18:45:00.000Z,1747939500000,1,NQ1!
2025-05-22T19:30:00.000Z,1747942200000,0,NQ1!
2025-05-23T07:00:00.000Z,1747983600000,1,NQ1!
2025-05-23T11:15:00.000Z,1747998900000,0,NQ1!
2025-05-23T17:00:00.000Z,1748019600000,1,NQ1!
2025-05-23T20:00:00.000Z,1748030400000,0,NQ1!
2025-05-25T22:00:00.000Z,1748210400000,1,NQ1!
2025-05-26T11:00:00.000Z,1748257200000,0,NQ1!
2025-05-27T06:15:00.000Z,1748326500000,1,NQ1!
2025-05-27T12:30:00.000Z,1748349000000,0,NQ1!
2025-05-27T12:45:00.000Z,1748349900000,1,NQ1!
2025-05-27T13:15:00.000Z,1748351700000,0,NQ1!
2025-05-27T13:45:00.000Z,1748353500000,1,NQ1!
2025-05-27T22:00:00.000Z,1748383200000,0,NQ1!
2025-05-28T10:30:00.000Z,1748428200000,1,NQ1!
2025-05-28T14:15:00.000Z,1748441700000,0,NQ1!
2025-05-28T15:15:00.000Z,1748445300000,1,NQ1!
2025-05-28T15:45:00.000Z,1748447100000,0,NQ1!
2025-05-28T16:00:00.000Z,1748448000000,1,NQ1!
2025-05-28T19:15:00.000Z,1748459700000,0,NQ1!
2025-05-28T20:30:00.000Z,1748464200000,1,NQ1!
2025-05-29T06:00:00.000Z,1748498400000,0,NQ1!
2025-05-29T07:45:00.000Z,1748504700000,1,NQ1!
2025-05-29T08:00:00.000Z,1748505600000,0,NQ1!
2025-05-30T00:00:00.000Z,1748563200000,1,NQ1!
2025-05-30T01:00:00.000Z,1748566800000,0,NQ1!
2025-05-30T01:15:00.000Z,1748567700000,1,NQ1!
2025-05-30T13:30:00.000Z,1748611800000,0,NQ1!
2025-05-30T14:00:00.000Z,1748613600000,1,NQ1!
2025-05-30T15:30:00.000Z,1748619000000,0,NQ1!
2025-05-30T15:45:00.000Z,1748619900000,1,NQ1!
2025-05-30T16:15:00.000Z,1748621700000,0,NQ1!
2025-05-30T18:15:00.000Z,1748628900000,1,NQ1!
2025-06-02T01:30:00.000Z,1748827800000,0,NQ1!
2025-06-02T01:45:00.000Z,1748828700000,1,NQ1!
2025-06-02T02:00:00.000Z,1748829600000,0,NQ1!
2025-06-02T02:30:00.000Z,1748831400000,1,NQ1!
2025-06-02T02:45:00.000Z,1748832300000,0,NQ1!
2025-06-02T06:30:00.000Z,1748845800000,1,NQ1!
2025-06-02T06:45:00.000Z,1748846700000,0,NQ1!
2025-06-02T07:00:00.000Z,1748847600000,1,NQ1!
2025-06-02T07:15:00.000Z,1748848500000,0,NQ1!
2025-06-02T08:00:00.000Z,1748851200000,1,NQ1!
2025-06-02T08:30:00.000Z,1748853000000,0,NQ1!
2025-06-02T10:00:00.000Z,1748858400000,1,NQ1!
2025-06-03T00:15:00.000Z,1748909700000,0,NQ1!
2025-06-03T11:00:00.000Z,1748948400000,1,NQ1!
2025-06-04T00:00:00.000Z,1748995200000,0,NQ1!
2025-06-04T08:00:00.000Z,1749024000000,1,NQ1!
2025-06-04T08:15:00.000Z,1749024900000,0,NQ1!
2025-06-04T09:30:00.000Z,1749029400000,1,NQ1!
2025-06-04T09:45:00.000Z,1749030300000,0,NQ1!
2025-06-04T10:00:00.000Z,1749031200000,1,NQ1!
2025-06-04T10:15:00.000Z,1749032100000,0,NQ1!
2025-06-04T10:45:00.000Z,1749033900000,1,NQ1!
2025-06-04T11:15:00.000Z,1749035700000,0,NQ1!
2025-06-04T11:30:00.000Z,1749036600000,1,NQ1!
2025-06-04T12:15:00.000Z,1749039300000,0,NQ1!
2025-06-04T13:15:00.000Z,1749042900000,1,NQ1!
2025-06-04T20:45:00.000Z,1749069900000,0,NQ1!
2025-06-04T22:00:00.000Z,1749074400000,1,NQ1!
2025-06-04T22:30:00.000Z,1749076200000,0,NQ1!
2025-06-05T07:00:00.000Z,1749106800000,1,NQ1!
2025-06-05T09:45:00.000Z,1749116700000,0,NQ1!
2025-06-05T10:00:00.000Z,1749117600000,1,NQ1!
2025-06-05T10:30:00.000Z,1749119400000,0,NQ1!
2025-06-05T14:30:00.000Z,1749133800000,1,NQ1!
2025-06-05T16:30:00.000Z,1749141000000,0,NQ1!
2025-06-06T03:30:00.000Z,1749180600000,1,NQ1!
2025-06-06T19:45:00.000Z,1749239100000,0,NQ1!
2025-06-09T07:30:00.000Z,1749454200000,1,NQ1!
2025-06-09T08:00:00.000Z,1749456000000,0,NQ1!
2025-06-09T08:45:00.000Z,1749458700000,1,NQ1!
2025-06-09T09:00:00.000Z,1749459600000,0,NQ1!
2025-06-09T11:00:00.000Z,1749466800000,1,NQ1!
2025-06-09T19:30:00.000Z,1749497400000,0,NQ1!
2025-06-10T01:15:00.000Z,1749518100000,1,NQ1!
2025-06-10T04:15:00.000Z,1749528900000,0,NQ1!
2025-06-10T11:45:00.000Z,1749555900000,1,NQ1!
2025-06-10T18:00:00.000Z,1749578400000,0,NQ1!
2025-06-10T18:15:00.000Z,1749579300000,1,NQ1!
2025-06-11T01:15:00.000Z,1749604500000,0,NQ1!
2025-06-11T12:00:00.000Z,1749643200000,1,NQ1!
2025-06-11T16:00:00.000Z,1749657600000,0,NQ1!
2025-06-11T16:15:00.000Z,1749658500000,1,NQ1!
2025-06-11T16:30:00.000Z,1749659400000,0,NQ1!
2025-06-11T16:45:00.000Z,1749660300000,1,NQ1!
2025-06-11T17:30:00.000Z,1749663000000,0,NQ1!
2025-06-12T06:45:00.000Z,1749710700000,1,NQ1!
2025-06-12T07:30:00.000Z,1749713400000,0,NQ1!
2025-06-12T08:30:00.000Z,1749717000000,1,NQ1!
2025-06-12T22:15:00.000Z,1749766500000,0,NQ1!
2025-06-13T08:00:00.000Z,1749801600000,1,NQ1!
2025-06-13T08:15:00.000Z,1749802500000,0,NQ1!
2025-06-13T09:15:00.000Z,1749806100000,1,NQ1!
2025-06-13T18:30:00.000Z,1749839400000,0,NQ1!
2025-06-13T18:45:00.000Z,1749840300000,1,NQ1!
2025-06-16T03:30:00.000Z,1750044600000,0,NQ1!
2025-06-16T03:45:00.000Z,1750045500000,1,NQ1!
2025-06-16T04:15:00.000Z,1750047300000,0,NQ1!
2025-06-16T04:45:00.000Z,1750049100000,1,NQ1!
2025-06-16T09:00:00.000Z,1750064400000,0,NQ1!
2025-06-16T10:45:00.000Z,1750070700000,1,NQ1!
2025-06-16T11:00:00.000Z,1750071600000,0,NQ1!
2025-06-16T11:30:00.000Z,1750073400000,1,NQ1!
2025-06-16T13:15:00.000Z,1750079700000,0,NQ1!
2025-06-16T13:30:00.000Z,1750080600000,1,NQ1!
2025-06-16T17:45:00.000Z,1750095900000,0,NQ1!
2025-06-16T18:00:00.000Z,1750096800000,1,NQ1!
2025-06-16T18:30:00.000Z,1750098600000,0,NQ1!
2025-06-17T12:00:00.000Z,1750161600000,1,NQ1!
2025-06-17T13:30:00.000Z,1750167000000,0,NQ1!
2025-06-17T13:45:00.000Z,1750167900000,1,NQ1!
2025-06-17T16:45:00.000Z,1750178700000,0,NQ1!
2025-06-18T04:30:00.000Z,1750221000000,1,NQ1!
2025-06-18T10:45:00.000Z,1750243500000,0,NQ1!
2025-06-18T11:15:00.000Z,1750245300000,1,NQ1!
2025-06-18T17:00:00.000Z,1750266000000,0,NQ1!
2025-06-18T18:30:00.000Z,1750271400000,1,NQ1!
2025-06-18T18:45:00.000Z,1750272300000,0,NQ1!
2025-06-19T09:15:00.000Z,1750324500000,1,NQ1!
2025-06-19T12:30:00.000Z,1750336200000,0,NQ1!
2025-06-19T13:15:00.000Z,1750338900000,1,NQ1!
2025-06-19T13:30:00.000Z,1750339800000,0,NQ1!
2025-06-19T16:15:00.000Z,1750349700000,1,NQ1!
2025-06-19T16:45:00.000Z,1750351500000,0,NQ1!
2025-06-19T22:00:00.000Z,1750370400000,1,NQ1!
2025-06-20T08:45:00.000Z,1750409100000,0,NQ1!
2025-06-20T09:00:00.000Z,1750410000000,1,NQ1!
2025-06-20T10:00:00.000Z,1750413600000,0,NQ1!
2025-06-20T11:30:00.000Z,1750419000000,1,NQ1!
2025-06-20T14:30:00.000Z,1750429800000,0,NQ1!
2025-06-20T15:30:00.000Z,1750433400000,1,NQ1!
2025-06-20T15:45:00.000Z,1750434300000,0,NQ1!
2025-06-20T20:30:00.000Z,1750451400000,1,NQ1!
2025-06-22T22:00:00.000Z,1750629600000,0,NQ1!
2025-06-23T02:00:00.000Z,1750644000000,1,NQ1!
2025-06-23T16:15:00.000Z,1750695300000,0,NQ1!
2025-06-23T17:00:00.000Z,1750698000000,1,NQ1!
2025-06-24T08:30:00.000Z,1750753800000,0,NQ1!
2025-06-24T16:15:00.000Z,1750781700000,1,NQ1!
2025-06-24T22:00:00.000Z,1750802400000,0,NQ1!
2025-06-24T22:15:00.000Z,1750803300000,1,NQ1!
2025-06-24T22:30:00.000Z,1750804200000,0,NQ1!
2025-06-24T23:45:00.000Z,1750808700000,1,NQ1!
2025-06-25T01:00:00.000Z,1750813200000,0,NQ1!
2025-06-25T03:15:00.000Z,1750821300000,1,NQ1!
2025-06-25T03:30:00.000Z,1750822200000,0,NQ1!
2025-06-25T04:45:00.000Z,1750826700000,1,NQ1!
2025-06-25T06:45:00.000Z,1750833900000,0,NQ1!
2025-06-25T11:30:00.000Z,1750851000000,1,NQ1!
2025-06-25T15:00:00.000Z,1750863600000,0,NQ1!
2025-06-25T15:15:00.000Z,1750864500000,1,NQ1!
2025-06-25T15:30:00.000Z,1750865400000,0,NQ1!
2025-06-25T19:45:00.000Z,1750880700000,1,NQ1!
2025-06-25T20:15:00.000Z,1750882500000,0,NQ1!
2025-06-25T20:30:00.000Z,1750883400000,1,NQ1!
2025-06-26T13:30:00.000Z,1750944600000,0,NQ1!
2025-06-26T13:45:00.000Z,1750945500000,1,NQ1!
2025-06-26T19:30:00.000Z,1750966200000,0,NQ1!
2025-06-26T19:45:00.000Z,1750967100000,1,NQ1!
2025-06-26T20:00:00.000Z,1750968000000,0,NQ1!
2025-06-26T20:30:00.000Z,1750969800000,1,NQ1!
2025-06-26T20:45:00.000Z,1750970700000,0,NQ1!
2025-06-26T22:00:00.000Z,1750975200000,1,NQ1!
2025-06-26T22:45:00.000Z,1750977900000,0,NQ1!
2025-06-27T07:15:00.000Z,1751008500000,1,NQ1!
2025-06-27T07:30:00.000Z,1751009400000,0,NQ1!
2025-06-27T08:00:00.000Z,1751011200000,1,NQ1!
2025-06-27T08:15:00.000Z,1751012100000,0,NQ1!
2025-06-27T08:45:00.000Z,1751013900000,1,NQ1!
2025-06-27T09:00:00.000Z,1751014800000,0,NQ1!
2025-06-27T11:00:00.000Z,1751022000000,1,NQ1!
2025-06-27T12:30:00.000Z,1751027400000,0,NQ1!
2025-06-27T13:45:00.000Z,1751031900000,1,NQ1!
2025-06-27T18:00:00.000Z,1751047200000,0,NQ1!
2025-06-29T22:00:00.000Z,1751234400000,1,NQ1!
2025-06-30T07:00:00.000Z,1751266800000,0,NQ1!
2025-06-30T07:30:00.000Z,1751268600000,1,NQ1!
2025-06-30T07:45:00.000Z,1751269500000,0,NQ1!
2025-06-30T08:00:00.000Z,1751270400000,1,NQ1!
2025-06-30T08:15:00.000Z,1751271300000,0,NQ1!
2025-06-30T09:15:00.000Z,1751274900000,1,NQ1!
2025-06-30T09:45:00.000Z,1751276700000,0,NQ1!
2025-06-30T10:00:00.000Z,1751277600000,1,NQ1!
2025-06-30T10:30:00.000Z,1751279400000,0,NQ1!
2025-06-30T20:15:00.000Z,1751314500000,1,NQ1!
2025-07-01T05:00:00.000Z,1751346000000,0,NQ1!
2025-07-01T22:00:00.000Z,1751407200000,1,NQ1!
2025-07-02T01:45:00.000Z,1751420700000,0,NQ1!
2025-07-02T02:15:00.000Z,1751422500000,1,NQ1!
2025-07-02T10:30:00.000Z,1751452200000,0,NQ1!
2025-07-02T10:45:00.000Z,1751453100000,1,NQ1!
2025-07-02T11:00:00.000Z,1751454000000,0,NQ1!
2025-07-02T11:15:00.000Z,1751454900000,1,NQ1!
2025-07-02T11:30:00.000Z,1751455800000,0,NQ1!
2025-07-02T13:45:00.000Z,1751463900000,1,NQ1!
2025-07-03T01:00:00.000Z,1751504400000,0,NQ1!
2025-07-03T03:15:00.000Z,1751512500000,1,NQ1!
2025-07-03T03:45:00.000Z,1751514300000,0,NQ1!
2025-07-03T12:30:00.000Z,1751545800000,1,NQ1!
2025-07-04T03:45:00.000Z,1751600700000,0,NQ1!
2025-07-06T22:00:00.000Z,1751839200000,1,NQ1!
2025-07-07T01:00:00.000Z,1751850000000,0,NQ1!
2025-07-07T02:15:00.000Z,1751854500000,1,NQ1!
2025-07-07T02:30:00.000Z,1751855400000,0,NQ1!
2025-07-07T03:30:00.000Z,1751859000000,1,NQ1!
2025-07-07T04:30:00.000Z,1751862600000,0,NQ1!
2025-07-07T10:00:00.000Z,1751882400000,1,NQ1!
2025-07-07T14:00:00.000Z,1751896800000,0,NQ1!
2025-07-07T14:15:00.000Z,1751897700000,1,NQ1!
2025-07-07T14:30:00.000Z,1751898600000,0,NQ1!
2025-07-07T15:45:00.000Z,1751903100000,1,NQ1!
2025-07-07T16:15:00.000Z,1751904900000,0,NQ1!
2025-07-08T00:45:00.000Z,1751935500000,1,NQ1!
2025-07-08T01:30:00.000Z,1751938200000,0,NQ1!
2025-07-08T02:15:00.000Z,1751940900000,1,NQ1!
2025-07-08T12:30:00.000Z,1751977800000,0,NQ1!
2025-07-08T13:00:00.000Z,1751979600000,1,NQ1!
2025-07-08T13:15:00.000Z,1751980500000,0,NQ1!
2025-07-09T04:30:00.000Z,1752035400000,1,NQ1!
2025-07-09T05:15:00.000Z,1752038100000,0,NQ1!
2025-07-09T05:30:00.000Z,1752039000000,1,NQ1!
2025-07-09T06:00:00.000Z,1752040800000,0,NQ1!
2025-07-09T06:30:00.000Z,1752042600000,1,NQ1!
2025-07-10T00:00:00.000Z,1752105600000,0,NQ1!
2025-07-10T08:30:00.000Z,1752136200000,1,NQ1!
2025-07-10T09:00:00.000Z,1752138000000,0,NQ1!
2025-07-10T10:30:00.000Z,1752143400000,1,NQ1!
2025-07-10T13:30:00.000Z,1752154200000,0,NQ1!
2025-07-10T19:30:00.000Z,1752175800000,1,NQ1!
2025-07-10T19:45:00.000Z,1752176700000,0,NQ1!
2025-07-10T23:45:00.000Z,1752191100000,1,NQ1!
2025-07-11T00:00:00.000Z,1752192000000,0,NQ1!
2025-07-11T11:15:00.000Z,1752232500000,1,NQ1!
2025-07-11T13:30:00.000Z,1752240600000,0,NQ1!
2025-07-11T13:45:00.000Z,1752241500000,1,NQ1!
2025-07-11T20:00:00.000Z,1752264000000,0,NQ1!
2025-07-14T07:45:00.000Z,1752479100000,1,NQ1!
2025-07-14T23:00:00.000Z,1752534000000,0,NQ1!
2025-07-14T23:15:00.000Z,1752534900000,1,NQ1!
2025-07-15T00:15:00.000Z,1752538500000,0,NQ1!
2025-07-15T01:30:00.000Z,1752543000000,1,NQ1!
2025-07-15T10:00:00.000Z,1752573600000,0,NQ1!
2025-07-15T10:15:00.000Z,1752574500000,1,NQ1!
2025-07-15T10:30:00.000Z,1752575400000,0,NQ1!
2025-07-16T07:30:00.000Z,1752651000000,1,NQ1!
2025-07-16T13:30:00.000Z,1752672600000,0,NQ1!
2025-07-16T15:00:00.000Z,1752678000000,1,NQ1!
2025-07-16T15:15:00.000Z,1752678900000,0,NQ1!
2025-07-16T19:30:00.000Z,1752694200000,1,NQ1!
2025-07-16T19:45:00.000Z,1752695100000,0,NQ1!
2025-07-17T05:15:00.000Z,1752729300000,1,NQ1!
2025-07-17T22:00:00.000Z,1752789600000,0,NQ1!
2025-07-17T23:00:00.000Z,1752793200000,1,NQ1!
2025-07-17T23:15:00.000Z,1752794100000,0,NQ1!
2025-07-18T05:30:00.000Z,1752816600000,1,NQ1!
2025-07-18T06:00:00.000Z,1752818400000,0,NQ1!
2025-07-18T13:15:00.000Z,1752844500000,1,NQ1!
2025-07-18T13:30:00.000Z,1752845400000,0,NQ1!
2025-07-20T22:30:00.000Z,1753050600000,1,NQ1!
2025-07-21T12:45:00.000Z,1753101900000,0,NQ1!
2025-07-21T13:30:00.000Z,1753104600000,1,NQ1!
2025-07-21T19:00:00.000Z,1753124400000,0,NQ1!
2025-07-22T11:30:00.000Z,1753183800000,1,NQ1!
2025-07-22T13:30:00.000Z,1753191000000,0,NQ1!
2025-07-22T17:15:00.000Z,1753204500000,1,NQ1!
2025-07-22T17:30:00.000Z,1753205400000,0,NQ1!
2025-07-22T18:30:00.000Z,1753209000000,1,NQ1!
2025-07-22T20:00:00.000Z,1753214400000,0,NQ1!
2025-07-22T23:00:00.000Z,1753225200000,1,NQ1!
2025-07-23T12:45:00.000Z,1753274700000,0,NQ1!
2025-07-23T13:15:00.000Z,1753276500000,1,NQ1!
2025-07-23T13:30:00.000Z,1753277400000,0,NQ1!
2025-07-23T15:45:00.000Z,1753285500000,1,NQ1!
2025-07-23T16:00:00.000Z,1753286400000,0,NQ1!
2025-07-23T17:30:00.000Z,1753291800000,1,NQ1!
2025-07-24T03:45:00.000Z,1753328700000,0,NQ1!
2025-07-24T17:00:00.000Z,1753376400000,1,NQ1!
2025-07-24T17:15:00.000Z,1753377300000,0,NQ1!
2025-07-24T18:00:00.000Z,1753380000000,1,NQ1!
2025-07-24T19:45:00.000Z,1753386300000,0,NQ1!
2025-07-24T20:00:00.000Z,1753387200000,1,NQ1!
2025-07-24T23:15:00.000Z,1753398900000,0,NQ1!
2025-07-24T23:30:00.000Z,1753399800000,1,NQ1!
2025-07-25T04:30:00.000Z,1753417800000,0,NQ1!
2025-07-25T14:00:00.000Z,1753452000000,1,NQ1!
2025-07-28T06:45:00.000Z,1753685100000,0,NQ1!
2025-07-28T20:00:00.000Z,1753732800000,1,NQ1!
2025-07-29T13:45:00.000Z,1753796700000,0,NQ1!
2025-07-30T01:30:00.000Z,1753839000000,1,NQ1!
2025-07-30T13:00:00.000Z,1753880400000,0,NQ1!
2025-07-30T13:30:00.000Z,1753882200000,1,NQ1!
2025-07-30T13:45:00.000Z,1753883100000,0,NQ1!
2025-07-30T14:30:00.000Z,1753885800000,1,NQ1!
2025-07-30T15:00:00.000Z,1753887600000,0,NQ1!
2025-07-30T15:45:00.000Z,1753890300000,1,NQ1!
2025-07-30T18:45:00.000Z,1753901100000,0,NQ1!
2025-07-30T20:00:00.000Z,1753905600000,1,NQ1!
2025-07-31T06:15:00.000Z,1753942500000,0,NQ1!
2025-07-31T06:45:00.000Z,1753944300000,1,NQ1!
2025-07-31T07:00:00.000Z,1753945200000,0,NQ1!
2025-07-31T07:15:00.000Z,1753946100000,1,NQ1!
2025-07-31T08:00:00.000Z,1753948800000,0,NQ1!
2025-08-01T02:30:00.000Z,1754015400000,1,NQ1!
2025-08-01T07:30:00.000Z,1754033400000,0,NQ1!
2025-08-01T07:45:00.000Z,1754034300000,1,NQ1!
2025-08-01T08:00:00.000Z,1754035200000,0,NQ1!
2025-08-01T09:00:00.000Z,1754038800000,1,NQ1!
2025-08-01T09:15:00.000Z,1754039700000,0,NQ1!
2025-08-01T09:30:00.000Z,1754040600000,1,NQ1!
2025-08-01T10:45:00.000Z,1754045100000,0,NQ1!
2025-08-01T11:00:00.000Z,1754046000000,1,NQ1!
2025-08-01T13:30:00.000Z,1754055000000,0,NQ1!
2025-08-01T15:45:00.000Z,1754063100000,1,NQ1!
2025-08-01T16:30:00.000Z,1754065800000,0,NQ1!
2025-08-01T18:30:00.000Z,1754073000000,1,NQ1!
2025-08-01T18:45:00.000Z,1754073900000,0,NQ1!
2025-08-03T22:30:00.000Z,1754260200000,1,NQ1!
2025-08-04T19:15:00.000Z,1754334900000,0,NQ1!
2025-08-04T19:45:00.000Z,1754336700000,1,NQ1!
2025-08-04T22:15:00.000Z,1754345700000,0,NQ1!
2025-08-04T23:00:00.000Z,1754348400000,1,NQ1!
2025-08-04T23:45:00.000Z,1754351100000,0,NQ1!
2025-08-05T01:00:00.000Z,1754355600000,1,NQ1!
2025-08-05T01:15:00.000Z,1754356500000,0,NQ1!
2025-08-05T03:30:00.000Z,1754364600000,1,NQ1!
2025-08-05T03:45:00.000Z,1754365500000,0,NQ1!
2025-08-05T06:30:00.000Z,1754375400000,1,NQ1!
2025-08-05T07:00:00.000Z,1754377200000,0,NQ1!
2025-08-05T12:00:00.000Z,1754395200000,1,NQ1!
2025-08-05T12:15:00.000Z,1754396100000,0,NQ1!
2025-08-06T01:45:00.000Z,1754444700000,1,NQ1!
2025-08-07T03:00:00.000Z,1754535600000,0,NQ1!
2025-08-07T08:15:00.000Z,1754554500000,1,NQ1!
2025-08-07T11:45:00.000Z,1754567100000,0,NQ1!
2025-08-07T12:15:00.000Z,1754568900000,1,NQ1!
2025-08-07T14:15:00.000Z,1754576100000,0,NQ1!
2025-08-07T20:00:00.000Z,1754596800000,1,NQ1!
2025-08-08T05:15:00.000Z,1754630100000,0,NQ1!
2025-08-08T06:15:00.000Z,1754633700000,1,NQ1!
2025-08-08T06:45:00.000Z,1754635500000,0,NQ1!
2025-08-08T07:30:00.000Z,1754638200000,1,NQ1!
2025-08-08T12:00:00.000Z,1754654400000,0,NQ1!
2025-08-08T13:30:00.000Z,1754659800000,1,NQ1!
2025-08-11T03:45:00.000Z,1754883900000,0,NQ1!
2025-08-11T15:45:00.000Z,1754927100000,1,NQ1!
2025-08-11T16:30:00.000Z,1754929800000,0,NQ1!
2025-08-12T02:00:00.000Z,1754964000000,1,NQ1!
2025-08-12T02:15:00.000Z,1754964900000,0,NQ1!
2025-08-12T02:30:00.000Z,1754965800000,1,NQ1!
2025-08-12T02:45:00.000Z,1754966700000,0,NQ1!
2025-08-12T03:00:00.000Z,1754967600000,1,NQ1!
2025-08-12T05:15:00.000Z,1754975700000,0,NQ1!
2025-08-12T06:15:00.000Z,1754979300000,1,NQ1!
2025-08-12T10:15:00.000Z,1754993700000,0,NQ1!
2025-08-12T10:30:00.000Z,1754994600000,1,NQ1!
2025-08-12T11:00:00.000Z,1754996400000,0,NQ1!
2025-08-12T11:45:00.000Z,1754999100000,1,NQ1!
2025-08-13T01:30:00.000Z,1755048600000,0,NQ1!
2025-08-13T13:15:00.000Z,1755090900000,1,NQ1!
2025-08-13T13:45:00.000Z,1755092700000,0,NQ1!
2025-08-13T23:30:00.000Z,1755127800000,1,NQ1!
2025-08-13T23:45:00.000Z,1755128700000,0,NQ1!
2025-08-14T07:15:00.000Z,1755155700000,1,NQ1!
2025-08-14T12:30:00.000Z,1755174600000,0,NQ1!
2025-08-14T13:30:00.000Z,1755178200000,1,NQ1!
2025-08-14T14:00:00.000Z,1755180000000,0,NQ1!
2025-08-14T14:15:00.000Z,1755180900000,1,NQ1!
2025-08-14T15:15:00.000Z,1755184500000,0,NQ1!
2025-08-14T15:45:00.000Z,1755186300000,1,NQ1!
2025-08-14T16:00:00.000Z,1755187200000,0,NQ1!
2025-08-14T16:30:00.000Z,1755189000000,1,NQ1!
2025-08-14T20:00:00.000Z,1755201600000,0,NQ1!
2025-08-14T20:15:00.000Z,1755202500000,1,NQ1!
2025-08-15T08:45:00.000Z,1755247500000,0,NQ1!
2025-08-17T22:00:00.000Z,1755468000000,1,NQ1!
2025-08-18T06:15:00.000Z,1755497700000,0,NQ1!
2025-08-18T17:15:00.000Z,1755537300000,1,NQ1!
2025-08-18T17:30:00.000Z,1755538200000,0,NQ1!
2025-08-18T18:00:00.000Z,1755540000000,1,NQ1!
2025-08-19T03:00:00.000Z,1755572400000,0,NQ1!
2025-08-19T03:15:00.000Z,1755573300000,1,NQ1!
2025-08-19T03:30:00.000Z,1755574200000,0,NQ1!
2025-08-19T06:45:00.000Z,1755585900000,1,NQ1!
2025-08-19T07:00:00.000Z,1755586800000,0,NQ1!
2025-08-19T07:30:00.000Z,1755588600000,1,NQ1!
2025-08-19T08:00:00.000Z,1755590400000,0,NQ1!
2025-08-19T08:15:00.000Z,1755591300000,1,NQ1!
2025-08-19T10:45:00.000Z,1755600300000,0,NQ1!
2025-08-19T11:45:00.000Z,1755603900000,1,NQ1!
2025-08-19T12:00:00.000Z,1755604800000,0,NQ1!
2025-08-19T12:15:00.000Z,1755605700000,1,NQ1!
2025-08-19T12:30:00.000Z,1755606600000,0,NQ1!
2025-08-20T02:30:00.000Z,1755657000000,1,NQ1!
2025-08-20T03:00:00.000Z,1755658800000,0,NQ1!
2025-08-20T04:00:00.000Z,1755662400000,1,NQ1!
2025-08-20T13:30:00.000Z,1755696600000,0,NQ1!
2025-08-20T19:00:00.000Z,1755716400000,1,NQ1!
2025-08-21T08:45:00.000Z,1755765900000,0,NQ1!
2025-08-21T09:00:00.000Z,1755766800000,1,NQ1!
2025-08-21T10:00:00.000Z,1755770400000,0,NQ1!
2025-08-21T14:15:00.000Z,1755785700000,1,NQ1!
2025-08-21T14:30:00.000Z,1755786600000,0,NQ1!
2025-08-21T22:30:00.000Z,1755815400000,1,NQ1!
2025-08-22T00:00:00.000Z,1755820800000,0,NQ1!
2025-08-22T00:30:00.000Z,1755822600000,1,NQ1!
2025-08-22T05:30:00.000Z,1755840600000,0,NQ1!
2025-08-22T07:45:00.000Z,1755848700000,1,NQ1!
2025-08-24T23:45:00.000Z,1756079100000,0,NQ1!
2025-08-25T13:45:00.000Z,1756129500000,1,NQ1!
2025-08-25T19:30:00.000Z,1756150200000,0,NQ1!
2025-08-26T05:30:00.000Z,1756186200000,1,NQ1!
2025-08-26T06:00:00.000Z,1756188000000,0,NQ1!
2025-08-26T08:00:00.000Z,1756195200000,1,NQ1!
2025-08-26T12:00:00.000Z,1756209600000,0,NQ1!
2025-08-26T13:30:00.000Z,1756215000000,1,NQ1!
2025-08-27T05:00:00.000Z,1756270800000,0,NQ1!
2025-08-27T17:30:00.000Z,1756315800000,1,NQ1!
2025-08-27T18:45:00.000Z,1756320300000,0,NQ1!
2025-08-27T19:30:00.000Z,1756323000000,1,NQ1!
2025-08-27T19:45:00.000Z,1756323900000,0,NQ1!
2025-08-28T02:30:00.000Z,1756348200000,1,NQ1!
2025-08-28T05:30:00.000Z,1756359000000,0,NQ1!
2025-08-28T06:15:00.000Z,1756361700000,1,NQ1!
2025-08-29T00:30:00.000Z,1756427400000,0,NQ1!
2025-08-29T20:45:00.000Z,1756500300000,1,NQ1!
2025-09-01T04:30:00.000Z,1756701000000,0,NQ1!
2025-09-01T05:15:00.000Z,1756703700000,1,NQ1!
2025-09-01T06:00:00.000Z,1756706400000,0,NQ1!
2025-09-01T06:30:00.000Z,1756708200000,1,NQ1!
2025-09-01T22:45:00.000Z,1756766700000,0,NQ1!
2025-09-02T00:45:00.000Z,1756773900000,1,NQ1!
2025-09-02T01:15:00.000Z,1756775700000,0,NQ1!
2025-09-02T14:15:00.000Z,1756822500000,1,NQ1!
2025-09-02T14:30:00.000Z,1756823400000,0,NQ1!
2025-09-02T17:15:00.000Z,1756833300000,1,NQ1!
2025-09-03T11:15:00.000Z,1756898100000,0,NQ1!
2025-09-03T11:30:00.000Z,1756899000000,1,NQ1!
2025-09-03T11:45:00.000Z,1756899900000,0,NQ1!
2025-09-03T12:00:00.000Z,1756900800000,1,NQ1!
2025-09-03T12:30:00.000Z,1756902600000,0,NQ1!
2025-09-03T13:00:00.000Z,1756904400000,1,NQ1!
2025-09-03T13:15:00.000Z,1756905300000,0,NQ1!
2025-09-03T14:30:00.000Z,1756909800000,1,NQ1!
2025-09-03T15:15:00.000Z,1756912500000,0,NQ1!
2025-09-03T19:30:00.000Z,1756927800000,1,NQ1!
2025-09-04T06:15:00.000Z,1756966500000,0,NQ1!
2025-09-04T06:30:00.000Z,1756967400000,1,NQ1!
2025-09-04T06:45:00.000Z,1756968300000,0,NQ1!
2025-09-04T07:00:00.000Z,1756969200000,1,NQ1!
2025-09-04T12:15:00.000Z,1756988100000,0,NQ1!
2025-09-04T18:00:00.000Z,1757008800000,1,NQ1!
2025-09-05T06:45:00.000Z,1757054700000,0,NQ1!
2025-09-05T12:30:00.000Z,1757075400000,1,NQ1!
2025-09-05T14:00:00.000Z,1757080800000,0,NQ1!
2025-09-07T22:15:00.000Z,1757283300000,1,NQ1!
2025-09-08T12:00:00.000Z,1757332800000,0,NQ1!
2025-09-08T12:15:00.000Z,1757333700000,1,NQ1!
2025-09-08T16:00:00.000Z,1757347200000,0,NQ1!
2025-09-08T22:00:00.000Z,1757368800000,1,NQ1!
2025-09-08T23:30:00.000Z,1757374200000,0,NQ1!
2025-09-09T00:00:00.000Z,1757376000000,1,NQ1!
2025-09-09T00:15:00.000Z,1757376900000,0,NQ1!
2025-09-09T02:00:00.000Z,1757383200000,1,NQ1!
2025-09-09T02:45:00.000Z,1757385900000,0,NQ1!
2025-09-09T03:15:00.000Z,1757387700000,1,NQ1!
2025-09-09T04:00:00.000Z,1757390400000,0,NQ1!
2025-09-09T04:45:00.000Z,1757393100000,1,NQ1!
2025-09-09T05:15:00.000Z,1757394900000,0,NQ1!
2025-09-09T05:30:00.000Z,1757395800000,1,NQ1!
2025-09-09T11:15:00.000Z,1757416500000,0,NQ1!
2025-09-09T11:30:00.000Z,1757417400000,1,NQ1!
2025-09-09T13:00:00.000Z,1757422800000,0,NQ1!
2025-09-09T13:15:00.000Z,1757423700000,1,NQ1!
2025-09-09T13:45:00.000Z,1757425500000,0,NQ1!
2025-09-09T20:00:00.000Z,1757448000000,1,NQ1!
2025-09-10T08:15:00.000Z,1757492100000,0,NQ1!
2025-09-10T10:30:00.000Z,1757500200000,1,NQ1!
2025-09-10T13:30:00.000Z,1757511000000,0,NQ1!
2025-09-10T14:30:00.000Z,1757514600000,1,NQ1!
2025-09-10T15:15:00.000Z,1757517300000,0,NQ1!
2025-09-11T06:15:00.000Z,1757571300000,1,NQ1!
2025-09-11T19:45:00.000Z,1757619900000,0,NQ1!
2025-09-11T20:15:00.000Z,1757621700000,1,NQ1!
2025-09-11T20:30:00.000Z,1757622600000,0,NQ1!
2025-09-11T22:00:00.000Z,1757628000000,1,NQ1!
2025-09-11T22:15:00.000Z,1757628900000,0,NQ1!
2025-09-12T11:45:00.000Z,1757677500000,1,NQ1!
2025-09-15T06:15:00.000Z,1757916900000,0,NQ1!
2025-09-15T06:30:00.000Z,1757917800000,1,NQ1!
2025-09-15T07:15:00.000Z,1757920500000,0,NQ1!
2025-09-15T12:15:00.000Z,1757938500000,1,NQ1!
2025-09-16T05:30:00.000Z,1758000600000,0,NQ1!
2025-09-16T23:00:00.000Z,1758063600000,1,NQ1!
2025-09-16T23:15:00.000Z,1758064500000,0,NQ1!
2025-09-16T23:45:00.000Z,1758066300000,1,NQ1!
2025-09-17T00:00:00.000Z,1758067200000,0,NQ1!
2025-09-17T00:15:00.000Z,1758068100000,1,NQ1!
2025-09-17T00:30:00.000Z,1758069000000,0,NQ1!
2025-09-17T00:45:00.000Z,1758069900000,1,NQ1!
2025-09-17T02:00:00.000Z,1758074400000,0,NQ1!
2025-09-17T02:45:00.000Z,1758077100000,1,NQ1!
2025-09-17T08:30:00.000Z,1758097800000,0,NQ1!
2025-09-17T08:45:00.000Z,1758098700000,1,NQ1!
2025-09-17T09:45:00.000Z,1758102300000,0,NQ1!
2025-09-17T19:15:00.000Z,1758136500000,1,NQ1!
2025-09-17T19:45:00.000Z,1758138300000,0,NQ1!
2025-09-17T20:00:00.000Z,1758139200000,1,NQ1!
2025-09-18T12:30:00.000Z,1758198600000,0,NQ1!
2025-09-18T14:00:00.000Z,1758204000000,1,NQ1!
2025-09-18T19:15:00.000Z,1758222900000,0,NQ1!
2025-09-19T13:15:00.000Z,1758287700000,1,NQ1!
2025-09-19T15:00:00.000Z,1758294000000,0,NQ1!
2025-09-19T15:30:00.000Z,1758295800000,1,NQ1!
2025-09-22T00:45:00.000Z,1758501900000,0,NQ1!
2025-09-22T13:30:00.000Z,1758547800000,1,NQ1!
2025-09-23T02:15:00.000Z,1758593700000,0,NQ1!
2025-09-23T02:30:00.000Z,1758594600000,1,NQ1!
2025-09-23T02:45:00.000Z,1758595500000,0,NQ1!
2025-09-24T04:00:00.000Z,1758686400000,1,NQ1!
2025-09-24T13:30:00.000Z,1758720600000,0,NQ1!
2025-09-24T22:30:00.000Z,1758753000000,1,NQ1!
2025-09-25T07:00:00.000Z,1758783600000,0,NQ1!
2025-09-25T07:15:00.000Z,1758784500000,1,NQ1!
2025-09-25T09:30:00.000Z,1758792600000,0,NQ1!
2025-09-25T15:30:00.000Z,1758814200000,1,NQ1!
2025-09-25T16:00:00.000Z,1758816000000,0,NQ1!
2025-09-25T18:30:00.000Z,1758825000000,1,NQ1!
2025-09-26T08:45:00.000Z,1758876300000,0,NQ1!
2025-09-26T09:00:00.000Z,1758877200000,1,NQ1!
2025-09-26T09:15:00.000Z,1758878100000,0,NQ1!
2025-09-26T09:45:00.000Z,1758879900000,1,NQ1!
2025-09-26T10:00:00.000Z,1758880800000,0,NQ1!
2025-09-26T12:30:00.000Z,1758889800000,1,NQ1!
2025-09-26T13:15:00.000Z,1758892500000,0,NQ1!
2025-09-26T13:30:00.000Z,1758893400000,1,NQ1!
2025-09-26T14:00:00.000Z,1758895200000,0,NQ1!
2025-09-26T14:30:00.000Z,1758897000000,1,NQ1!
2025-09-26T14:45:00.000Z,1758897900000,0,NQ1!
2025-09-26T15:15:00.000Z,1758899700000,1,NQ1!
2025-09-26T15:30:00.000Z,1758900600000,0,NQ1!
2025-09-26T16:15:00.000Z,1758903300000,1,NQ1!
2025-09-29T07:45:00.000Z,1759131900000,0,NQ1!
2025-09-29T08:00:00.000Z,1759132800000,1,NQ1!
2025-09-29T09:45:00.000Z,1759139100000,0,NQ1!
2025-09-29T13:30:00.000Z,1759152600000,1,NQ1!
2025-09-29T14:45:00.000Z,1759157100000,0,NQ1!
2025-09-30T02:30:00.000Z,1759199400000,1,NQ1!
2025-09-30T04:15:00.000Z,1759205700000,0,NQ1!
2025-09-30T04:30:00.000Z,1759206600000,1,NQ1!
2025-09-30T04:45:00.000Z,1759207500000,0,NQ1!
2025-09-30T05:15:00.000Z,1759209300000,1,NQ1!
2025-09-30T06:45:00.000Z,1759214700000,0,NQ1!
2025-09-30T07:15:00.000Z,1759216500000,1,NQ1!
2025-09-30T07:30:00.000Z,1759217400000,0,NQ1!
2025-09-30T08:45:00.000Z,1759221900000,1,NQ1!
2025-09-30T09:00:00.000Z,1759222800000,0,NQ1!
2025-09-30T09:15:00.000Z,1759223700000,1,NQ1!
2025-09-30T09:45:00.000Z,1759225500000,0,NQ1!
2025-09-30T10:45:00.000Z,1759229100000,1,NQ1!
2025-09-30T12:00:00.000Z,1759233600000,0,NQ1!
2025-09-30T12:15:00.000Z,1759234500000,1,NQ1!
2025-09-30T13:45:00.000Z,1759239900000,0,NQ1!
2025-09-30T14:45:00.000Z,1759243500000,1,NQ1!
2025-09-30T15:15:00.000Z,1759245300000,0,NQ1!
2025-09-30T15:45:00.000Z,1759247100000,1,NQ1!
2025-09-30T16:00:00.000Z,1759248000000,0,NQ1!
2025-09-30T16:15:00.000Z,1759248900000,1,NQ1!
2025-09-30T16:45:00.000Z,1759250700000,0,NQ1!
2025-09-30T18:30:00.000Z,1759257000000,1,NQ1!
2025-09-30T19:00:00.000Z,1759258800000,0,NQ1!
2025-09-30T19:15:00.000Z,1759259700000,1,NQ1!
2025-09-30T19:30:00.000Z,1759260600000,0,NQ1!
2025-09-30T19:45:00.000Z,1759261500000,1,NQ1!
2025-09-30T20:30:00.000Z,1759264200000,0,NQ1!
2025-09-30T20:45:00.000Z,1759265100000,1,NQ1!
2025-09-30T22:45:00.000Z,1759272300000,0,NQ1!
2025-10-01T11:00:00.000Z,1759316400000,1,NQ1!
2025-10-02T02:45:00.000Z,1759373100000,0,NQ1!
2025-10-02T13:00:00.000Z,1759410000000,1,NQ1!
2025-10-02T13:30:00.000Z,1759411800000,0,NQ1!
2025-10-02T18:45:00.000Z,1759430700000,1,NQ1!
2025-10-02T20:30:00.000Z,1759437000000,0,NQ1!
2025-10-02T23:00:00.000Z,1759446000000,1,NQ1!
2025-10-03T10:15:00.000Z,1759486500000,0,NQ1!
2025-10-05T23:15:00.000Z,1759706100000,1,NQ1!
2025-10-06T14:30:00.000Z,1759761000000,0,NQ1!
2025-10-06T14:45:00.000Z,1759761900000,1,NQ1!
2025-10-06T17:00:00.000Z,1759770000000,0,NQ1!
2025-10-06T17:15:00.000Z,1759770900000,1,NQ1!
2025-10-06T19:15:00.000Z,1759778100000,0,NQ1!
2025-10-07T09:00:00.000Z,1759827600000,1,NQ1!
2025-10-07T14:45:00.000Z,1759848300000,0,NQ1!
2025-10-08T01:00:00.000Z,1759885200000,1,NQ1!
2025-10-09T01:00:00.000Z,1759971600000,0,NQ1!
2025-10-09T19:15:00.000Z,1760037300000,1,NQ1!
2025-10-10T06:45:00.000Z,1760078700000,0,NQ1!
2025-10-10T07:00:00.000Z,1760079600000,1,NQ1!
2025-10-10T09:00:00.000Z,1760086800000,0,NQ1!
2025-10-10T11:45:00.000Z,1760096700000,1,NQ1!
2025-10-10T12:15:00.000Z,1760098500000,0,NQ1!
2025-10-10T13:30:00.000Z,1760103000000,1,NQ1!
2025-10-10T14:00:00.000Z,1760104800000,0,NQ1!
2025-10-10T14:15:00.000Z,1760105700000,1,NQ1!
2025-10-10T14:45:00.000Z,1760107500000,0,NQ1!
2025-10-12T23:15:00.000Z,1760310900000,1,NQ1!
2025-10-13T14:15:00.000Z,1760364900000,0,NQ1!
2025-10-13T16:45:00.000Z,1760373900000,1,NQ1!
2025-10-13T17:00:00.000Z,1760374800000,0,NQ1!
2025-10-13T18:15:00.000Z,1760379300000,1,NQ1!
2025-10-13T18:30:00.000Z,1760380200000,0,NQ1!
2025-10-14T00:00:00.000Z,1760400000000,1,NQ1!
2025-10-14T02:45:00.000Z,1760409900000,0,NQ1!
2025-10-14T13:00:00.000Z,1760446800000,1,NQ1!
2025-10-14T13:30:00.000Z,1760448600000,0,NQ1!
2025-10-14T14:15:00.000Z,1760451300000,1,NQ1!
2025-10-14T19:30:00.000Z,1760470200000,0,NQ1!
2025-10-14T23:00:00.000Z,1760482800000,1,NQ1!
2025-10-15T00:00:00.000Z,1760486400000,0,NQ1!
2025-10-15T00:15:00.000Z,1760487300000,1,NQ1!
2025-10-15T02:00:00.000Z,1760493600000,0,NQ1!
2025-10-15T02:15:00.000Z,1760494500000,1,NQ1!
2025-10-15T02:30:00.000Z,1760495400000,0,NQ1!
2025-10-15T05:00:00.000Z,1760504400000,1,NQ1!
2025-10-15T15:30:00.000Z,1760542200000,0,NQ1!
2025-10-16T05:30:00.000Z,1760592600000,1,NQ1!
2025-10-16T15:15:00.000Z,1760627700000,0,NQ1!
2025-10-17T10:30:00.000Z,1760697000000,1,NQ1!
2025-10-20T00:00:00.000Z,1760918400000,0,NQ1!
2025-10-20T00:30:00.000Z,1760920200000,1,NQ1!
2025-10-20T01:45:00.000Z,1760924700000,0,NQ1!
2025-10-20T13:30:00.000Z,1760967000000,1,NQ1!
2025-10-20T22:00:00.000Z,1760997600000,0,NQ1!
2025-10-20T22:15:00.000Z,1760998500000,1,NQ1!
2025-10-20T22:30:00.000Z,1760999400000,0,NQ1!
2025-10-20T23:00:00.000Z,1761001200000,1,NQ1!
2025-10-20T23:15:00.000Z,1761002100000,0,NQ1!
2025-10-21T16:15:00.000Z,1761063300000,1,NQ1!
2025-10-21T16:30:00.000Z,1761064200000,0,NQ1!
2025-10-22T02:00:00.000Z,1761098400000,1,NQ1!
2025-10-22T03:00:00.000Z,1761102000000,0,NQ1!
2025-10-22T03:45:00.000Z,1761104700000,1,NQ1!
2025-10-22T08:00:00.000Z,1761120000000,0,NQ1!
2025-10-22T08:15:00.000Z,1761120900000,1,NQ1!
2025-10-22T08:30:00.000Z,1761121800000,0,NQ1!
2025-10-22T08:45:00.000Z,1761122700000,1,NQ1!
2025-10-22T09:00:00.000Z,1761123600000,0,NQ1!
2025-10-22T09:15:00.000Z,1761124500000,1,NQ1!
2025-10-22T11:15:00.000Z,1761131700000,0,NQ1!
2025-10-22T12:00:00.000Z,1761134400000,1,NQ1!
2025-10-22T13:00:00.000Z,1761138000000,0,NQ1!
2025-10-23T01:00:00.000Z,1761181200000,1,NQ1!
2025-10-23T11:00:00.000Z,1761217200000,0,NQ1!
2025-10-23T13:30:00.000Z,1761226200000,1,NQ1!
2025-10-24T05:30:00.000Z,1761283800000,0,NQ1!
2025-10-24T06:00:00.000Z,1761285600000,1,NQ1!
2025-10-24T07:00:00.000Z,1761289200000,0,NQ1!
2025-10-24T12:30:00.000Z,1761309000000,1,NQ1!
2025-10-27T06:30:00.000Z,1761546600000,0,NQ1!
2025-10-27T14:15:00.000Z,1761574500000,1,NQ1!
2025-10-27T14:45:00.000Z,1761576300000,0,NQ1!
2025-10-27T15:00:00.000Z,1761577200000,1,NQ1!
2025-10-27T17:15:00.000Z,1761585300000,0,NQ1!
2025-10-27T17:30:00.000Z,1761586200000,1,NQ1!
2025-10-27T19:15:00.000Z,1761592500000,0,NQ1!
2025-10-27T19:30:00.000Z,1761593400000,1,NQ1!
2025-10-28T01:00:00.000Z,1761613200000,0,NQ1!
2025-10-28T13:00:00.000Z,1761656400000,1,NQ1!
2025-10-29T08:30:00.000Z,1761726600000,0,NQ1!
2025-10-29T17:30:00.000Z,1761759000000,1,NQ1!
2025-10-29T18:00:00.000Z,1761760800000,0,NQ1!
2025-10-29T19:45:00.000Z,1761767100000,1,NQ1!
2025-10-29T22:15:00.000Z,1761776100000,0,NQ1!
2025-10-29T22:30:00.000Z,1761777000000,1,NQ1!
2025-10-29T23:00:00.000Z,1761778800000,0,NQ1!
2025-10-29T23:15:00.000Z,1761779700000,1,NQ1!
2025-10-29T23:30:00.000Z,1761780600000,0,NQ1!
2025-10-29T23:45:00.000Z,1761781500000,1,NQ1!
2025-10-30T04:00:00.000Z,1761796800000,0,NQ1!
2025-10-30T05:15:00.000Z,1761801300000,1,NQ1!
2025-10-30T06:00:00.000Z,1761804000000,0,NQ1!
2025-10-30T20:30:00.000Z,1761856200000,1,NQ1!
2025-10-31T13:30:00.000Z,1761917400000,0,NQ1!
2025-11-02T23:00:00.000Z,1762124400000,1,NQ1!
2025-11-02T23:15:00.000Z,1762125300000,0,NQ1!
2025-11-02T23:30:00.000Z,1762126200000,1,NQ1!
2025-11-03T06:00:00.000Z,1762149600000,0,NQ1!
2025-11-03T08:15:00.000Z,1762157700000,1,NQ1!
2025-11-03T15:15:00.000Z,1762182900000,0,NQ1!
2025-11-04T10:30:00.000Z,1762252200000,1,NQ1!
2025-11-04T18:15:00.000Z,1762280100000,0,NQ1!
2025-11-04T18:30:00.000Z,1762281000000,1,NQ1!
2025-11-04T19:30:00.000Z,1762284600000,0,NQ1!
2025-11-04T20:00:00.000Z,1762286400000,1,NQ1!
2025-11-04T20:45:00.000Z,1762289100000,0,NQ1!
2025-11-05T03:00:00.000Z,1762311600000,1,NQ1!
2025-11-05T10:45:00.000Z,1762339500000,0,NQ1!
2025-11-05T11:30:00.000Z,1762342200000,1,NQ1!
2025-11-05T20:45:00.000Z,1762375500000,0,NQ1!
2025-11-06T09:15:00.000Z,1762420500000,1,NQ1!
2025-11-06T09:30:00.000Z,1762421400000,0,NQ1!
2025-11-06T10:15:00.000Z,1762424100000,1,NQ1!
2025-11-06T10:45:00.000Z,1762425900000,0,NQ1!
2025-11-06T11:15:00.000Z,1762427700000,1,NQ1!
2025-11-06T11:45:00.000Z,1762429500000,0,NQ1!
2025-11-06T12:00:00.000Z,1762430400000,1,NQ1!
2025-11-06T14:00:00.000Z,1762437600000,0,NQ1!
2025-11-07T04:45:00.000Z,1762490700000,1,NQ1!
2025-11-07T11:00:00.000Z,1762513200000,0,NQ1!
2025-11-07T11:45:00.000Z,1762515900000,1,NQ1!
2025-11-07T12:15:00.000Z,1762517700000,0,NQ1!
2025-11-07T19:30:00.000Z,1762543800000,1,NQ1!
2025-11-10T10:45:00.000Z,1762771500000,0,NQ1!
2025-11-10T18:00:00.000Z,1762797600000,1,NQ1!
2025-11-10T18:15:00.000Z,1762798500000,0,NQ1!
2025-11-10T18:30:00.000Z,1762799400000,1,NQ1!
2025-11-11T03:30:00.000Z,1762831800000,0,NQ1!
2025-11-11T03:45:00.000Z,1762832700000,1,NQ1!
2025-11-11T04:00:00.000Z,1762833600000,0,NQ1!
2025-11-11T17:30:00.000Z,1762882200000,1,NQ1!
2025-11-12T10:30:00.000Z,1762943400000,0,NQ1!
2025-11-12T10:45:00.000Z,1762944300000,1,NQ1!
2025-11-12T11:00:00.000Z,1762945200000,0,NQ1!
2025-11-12T21:00:00.000Z,1762981200000,1,NQ1!
2025-11-12T21:45:00.000Z,1762983900000,0,NQ1!
2025-11-13T01:00:00.000Z,1762995600000,1,NQ1!
2025-11-13T09:00:00.000Z,1763024400000,0,NQ1!
2025-11-14T00:15:00.000Z,1763079300000,1,NQ1!
2025-11-14T11:00:00.000Z,1763118000000,0,NQ1!
2025-11-14T14:45:00.000Z,1763131500000,1,NQ1!
2025-11-17T06:30:00.000Z,1763361000000,0,NQ1!
2025-11-17T07:00:00.000Z,1763362800000,1,NQ1!
2025-11-17T09:00:00.000Z,1763370000000,0,NQ1!
2025-11-17T14:45:00.000Z,1763390700000,1,NQ1!
2025-11-17T15:00:00.000Z,1763391600000,0,NQ1!
2025-11-17T16:30:00.000Z,1763397000000,1,NQ1!
2025-11-17T17:00:00.000Z,1763398800000,0,NQ1!
2025-11-18T01:15:00.000Z,1763428500000,1,NQ1!
2025-11-18T02:45:00.000Z,1763433900000,0,NQ1!
2025-11-18T07:30:00.000Z,1763451000000,1,NQ1!
2025-11-18T07:45:00.000Z,1763451900000,0,NQ1!
2025-11-18T08:00:00.000Z,1763452800000,1,NQ1!
2025-11-18T14:45:00.000Z,1763477100000,0,NQ1!
2025-11-18T16:15:00.000Z,1763482500000,1,NQ1!
2025-11-18T17:00:00.000Z,1763485200000,0,NQ1!
2025-11-18T17:30:00.000Z,1763487000000,1,NQ1!
2025-11-18T20:45:00.000Z,1763498700000,0,NQ1!
2025-11-18T23:15:00.000Z,1763507700000,1,NQ1!
2025-11-18T23:30:00.000Z,1763508600000,0,NQ1!
2025-11-19T01:15:00.000Z,1763514900000,1,NQ1!
2025-11-19T01:30:00.000Z,1763515800000,0,NQ1!
2025-11-19T02:00:00.000Z,1763517600000,1,NQ1!
2025-11-19T03:15:00.000Z,1763522100000,0,NQ1!
2025-11-19T07:30:00.000Z,1763537400000,1,NQ1!
2025-11-19T08:00:00.000Z,1763539200000,0,NQ1!
2025-11-19T08:15:00.000Z,1763540100000,1,NQ1!
2025-11-19T08:45:00.000Z,1763541900000,0,NQ1!
2025-11-19T09:00:00.000Z,1763542800000,1,NQ1!
2025-11-19T14:00:00.000Z,1763560800000,0,NQ1!
2025-11-19T14:30:00.000Z,1763562600000,1,NQ1!
2025-11-19T17:00:00.000Z,1763571600000,0,NQ1!
2025-11-19T18:45:00.000Z,1763577900000,1,NQ1!
2025-11-19T19:00:00.000Z,1763578800000,0,NQ1!
2025-11-19T20:00:00.000Z,1763582400000,1,NQ1!
2025-11-20T08:45:00.000Z,1763628300000,0,NQ1!
2025-11-21T03:30:00.000Z,1763695800000,1,NQ1!
2025-11-21T03:45:00.000Z,1763696700000,0,NQ1!
2025-11-21T04:00:00.000Z,1763697600000,1,NQ1!
2025-11-21T04:15:00.000Z,1763698500000,0,NQ1!
2025-11-21T04:45:00.000Z,1763700300000,1,NQ1!
2025-11-24T04:00:00.000Z,1763956800000,0,NQ1!
2025-11-24T05:00:00.000Z,1763960400000,1,NQ1!
2025-11-24T05:30:00.000Z,1763962200000,0,NQ1!
2025-11-24T07:30:00.000Z,1763969400000,1,NQ1!
2025-11-24T07:45:00.000Z,1763970300000,0,NQ1!
2025-11-24T08:15:00.000Z,1763972100000,1,NQ1!
2025-11-24T09:00:00.000Z,1763974800000,0,NQ1!
2025-11-24T12:45:00.000Z,1763988300000,1,NQ1!
2025-11-24T13:45:00.000Z,1763991900000,0,NQ1!
2025-11-24T14:00:00.000Z,1763992800000,1,NQ1!
2025-11-25T01:00:00.000Z,1764032400000,0,NQ1!
2025-11-25T16:30:00.000Z,1764088200000,1,NQ1!
2025-11-26T08:30:00.000Z,1764145800000,0,NQ1!
2025-11-26T16:00:00.000Z,1764172800000,1,NQ1!
2025-11-26T18:30:00.000Z,1764181800000,0,NQ1!
2025-11-26T18:45:00.000Z,1764182700000,1,NQ1!
2025-11-26T20:45:00.000Z,1764189900000,0,NQ1!
2025-11-27T23:00:00.000Z,1764284400000,1,NQ1!
2025-12-01T00:30:00.000Z,1764549000000,0,NQ1!
2025-12-01T08:00:00.000Z,1764576000000,1,NQ1!
2025-12-01T09:30:00.000Z,1764581400000,0,NQ1!
2025-12-01T10:00:00.000Z,1764583200000,1,NQ1!
2025-12-01T12:00:00.000Z,1764590400000,0,NQ1!
2025-12-01T14:00:00.000Z,1764597600000,1,NQ1!
2025-12-01T14:15:00.000Z,1764598500000,0,NQ1!
2025-12-01T14:45:00.000Z,1764600300000,1,NQ1!
2025-12-02T03:15:00.000Z,1764645300000,0,NQ1!
2025-12-02T10:30:00.000Z,1764671400000,1,NQ1!
2025-12-02T11:45:00.000Z,1764675900000,0,NQ1!
2025-12-02T14:00:00.000Z,1764684000000,1,NQ1!
2025-12-02T14:15:00.000Z,1764684900000,0,NQ1!
2025-12-02T14:30:00.000Z,1764685800000,1,NQ1!
2025-12-02T16:15:00.000Z,1764692100000,0,NQ1!
2025-12-02T17:00:00.000Z,1764694800000,1,NQ1!
2025-12-02T17:45:00.000Z,1764697500000,0,NQ1!
2025-12-02T18:00:00.000Z,1764698400000,1,NQ1!
2025-12-03T00:15:00.000Z,1764720900000,0,NQ1!
2025-12-03T00:45:00.000Z,1764722700000,1,NQ1!
2025-12-03T04:30:00.000Z,1764736200000,0,NQ1!
2025-12-03T05:00:00.000Z,1764738000000,1,NQ1!
2025-12-03T05:15:00.000Z,1764738900000,0,NQ1!
2025-12-03T12:30:00.000Z,1764765000000,1,NQ1!
2025-12-03T12:45:00.000Z,1764765900000,0,NQ1!
2025-12-03T13:00:00.000Z,1764766800000,1,NQ1!
2025-12-03T13:30:00.000Z,1764768600000,0,NQ1!
2025-12-03T17:15:00.000Z,1764782100000,1,NQ1!
2025-12-04T02:00:00.000Z,1764813600000,0,NQ1!
2025-12-04T02:30:00.000Z,1764815400000,1,NQ1!
2025-12-04T03:15:00.000Z,1764818100000,0,NQ1!
2025-12-04T05:00:00.000Z,1764824400000,1,NQ1!
2025-12-04T05:15:00.000Z,1764825300000,0,NQ1!
2025-12-04T06:00:00.000Z,1764828000000,1,NQ1!
2025-12-04T08:00:00.000Z,1764835200000,0,NQ1!
2025-12-04T09:30:00.000Z,1764840600000,1,NQ1!
2025-12-04T10:30:00.000Z,1764844200000,0,NQ1!
2025-12-04T12:00:00.000Z,1764849600000,1,NQ1!
2025-12-04T12:15:00.000Z,1764850500000,0,NQ1!
2025-12-04T12:30:00.000Z,1764851400000,1,NQ1!
2025-12-04T12:45:00.000Z,1764852300000,0,NQ1!
2025-12-04T14:00:00.000Z,1764856800000,1,NQ1!
2025-12-04T14:30:00.000Z,1764858600000,0,NQ1!
2025-12-04T23:15:00.000Z,1764890100000,1,NQ1!
2025-12-04T23:30:00.000Z,1764891000000,0,NQ1!
2025-12-05T00:15:00.000Z,1764893700000,1,NQ1!
2025-12-05T11:30:00.000Z,1764934200000,0,NQ1!
2025-12-05T14:45:00.000Z,1764945900000,1,NQ1!
2025-12-05T15:45:00.000Z,1764949500000,0,NQ1!
2025-12-07T23:15:00.000Z,1765149300000,1,NQ1!
2025-12-08T00:00:00.000Z,1765152000000,0,NQ1!
2025-12-08T00:30:00.000Z,1765153800000,1,NQ1!
2025-12-08T08:15:00.000Z,1765181700000,0,NQ1!
2025-12-08T09:00:00.000Z,1765184400000,1,NQ1!
2025-12-08T09:30:00.000Z,1765186200000,0,NQ1!
2025-12-08T12:30:00.000Z,1765197000000,1,NQ1!
2025-12-08T14:15:00.000Z,1765203300000,0,NQ1!
2025-12-08T14:30:00.000Z,1765204200000,1,NQ1!
2025-12-08T14:45:00.000Z,1765205100000,0,NQ1!
2025-12-08T21:15:00.000Z,1765228500000,1,NQ1!
2025-12-09T10:30:00.000Z,1765276200000,0,NQ1!
2025-12-09T10:45:00.000Z,1765277100000,1,NQ1!
2025-12-09T11:00:00.000Z,1765278000000,0,NQ1!
2025-12-09T11:15:00.000Z,1765278900000,1,NQ1!
2025-12-09T12:30:00.000Z,1765283400000,0,NQ1!
2025-12-09T12:45:00.000Z,1765284300000,1,NQ1!
2025-12-09T13:00:00.000Z,1765285200000,0,NQ1!
2025-12-09T15:30:00.000Z,1765294200000,1,NQ1!
2025-12-09T21:15:00.000Z,1765314900000,0,NQ1!
2025-12-10T00:00:00.000Z,1765324800000,1,NQ1!
2025-12-10T00:15:00.000Z,1765325700000,0,NQ1!
2025-12-10T04:00:00.000Z,1765339200000,1,NQ1!
2025-12-10T05:00:00.000Z,1765342800000,0,NQ1!
2025-12-10T05:15:00.000Z,1765343700000,1,NQ1!
2025-12-10T10:15:00.000Z,1765361700000,0,NQ1!
2025-12-10T13:15:00.000Z,1765372500000,1,NQ1!
2025-12-10T13:30:00.000Z,1765373400000,0,NQ1!
2025-12-10T19:45:00.000Z,1765395900000,1,NQ1!
2025-12-10T23:15:00.000Z,1765408500000,0,NQ1!
2025-12-11T09:00:00.000Z,1765443600000,1,NQ1!
2025-12-11T14:45:00.000Z,1765464300000,0,NQ1!
2025-12-11T15:15:00.000Z,1765466100000,1,NQ1!
2025-12-11T15:30:00.000Z,1765467000000,0,NQ1!
2025-12-11T17:00:00.000Z,1765472400000,1,NQ1!
2025-12-12T03:45:00.000Z,1765511100000,0,NQ1!
2025-12-12T05:30:00.000Z,1765517400000,1,NQ1!
2025-12-12T07:00:00.000Z,1765522800000,0,NQ1!
2025-12-12T07:30:00.000Z,1765524600000,1,NQ1!
2025-12-12T07:45:00.000Z,1765525500000,0,NQ1!
2025-12-12T08:00:00.000Z,1765526400000,1,NQ1!
2025-12-12T08:30:00.000Z,1765528200000,0,NQ1!
2025-12-15T00:30:00.000Z,1765758600000,1,NQ1!
2025-12-15T14:30:00.000Z,1765809000000,0,NQ1!
2025-12-15T23:00:00.000Z,1765839600000,1,NQ1!
2025-12-16T01:30:00.000Z,1765848600000,0,NQ1!
2025-12-16T08:15:00.000Z,1765872900000,1,NQ1!
2025-12-16T13:45:00.000Z,1765892700000,0,NQ1!
2025-12-16T14:45:00.000Z,1765896300000,1,NQ1!
2025-12-16T15:15:00.000Z,1765898100000,0,NQ1!
2025-12-16T15:45:00.000Z,1765899900000,1,NQ1!
2025-12-16T16:00:00.000Z,1765900800000,0,NQ1!
2025-12-16T16:45:00.000Z,1765903500000,1,NQ1!
2025-12-16T17:15:00.000Z,1765905300000,0,NQ1!
2025-12-16T18:30:00.000Z,1765909800000,1,NQ1!
2025-12-16T19:00:00.000Z,1765911600000,0,NQ1!
2025-12-16T19:30:00.000Z,1765913400000,1,NQ1!
2025-12-17T04:30:00.000Z,1765945800000,0,NQ1!
2025-12-17T05:00:00.000Z,1765947600000,1,NQ1!
2025-12-17T05:15:00.000Z,1765948500000,0,NQ1!
2025-12-17T05:30:00.000Z,1765949400000,1,NQ1!
2025-12-17T13:00:00.000Z,1765976400000,0,NQ1!
2025-12-18T02:30:00.000Z,1766025000000,1,NQ1!
2025-12-18T03:00:00.000Z,1766026800000,0,NQ1!
2025-12-18T03:45:00.000Z,1766029500000,1,NQ1!
2025-12-18T19:30:00.000Z,1766086200000,0,NQ1!
2025-12-18T20:30:00.000Z,1766089800000,1,NQ1!
2025-12-18T20:45:00.000Z,1766090700000,0,NQ1!
2025-12-19T07:00:00.000Z,1766127600000,1,NQ1!
2025-12-19T11:45:00.000Z,1766144700000,0,NQ1!
2025-12-19T14:00:00.000Z,1766152800000,1,NQ1!
2025-12-22T05:00:00.000Z,1766379600000,0,NQ1!
2025-12-23T00:45:00.000Z,1766450700000,1,NQ1!
2025-12-23T01:00:00.000Z,1766451600000,0,NQ1!
2025-12-23T02:00:00.000Z,1766455200000,1,NQ1!
2025-12-23T03:15:00.000Z,1766459700000,0,NQ1!
2025-12-23T03:30:00.000Z,1766460600000,1,NQ1!
2025-12-23T03:45:00.000Z,1766461500000,0,NQ1!
2025-12-23T08:00:00.000Z,1766476800000,1,NQ1!
2025-12-23T12:15:00.000Z,1766492100000,0,NQ1!
2025-12-23T12:45:00.000Z,1766493900000,1,NQ1!
2025-12-23T13:00:00.000Z,1766494800000,0,NQ1!
2025-12-23T14:30:00.000Z,1766500200000,1,NQ1!
2025-12-23T15:00:00.000Z,1766502000000,0,NQ1!
2025-12-23T15:30:00.000Z,1766503800000,1,NQ1!
2025-12-24T02:30:00.000Z,1766543400000,0,NQ1!
2025-12-24T02:45:00.000Z,1766544300000,1,NQ1!
2025-12-24T03:00:00.000Z,1766545200000,0,NQ1!
2025-12-24T13:45:00.000Z,1766583900000,1,NQ1!
2025-12-24T14:15:00.000Z,1766585700000,0,NQ1!
2025-12-24T15:00:00.000Z,1766588400000,1,NQ1!
2025-12-26T04:00:00.000Z,1766721600000,0,NQ1!
2025-12-26T09:45:00.000Z,1766742300000,1,NQ1!
2025-12-26T11:45:00.000Z,1766749500000,0,NQ1!
2025-12-26T12:15:00.000Z,1766751300000,1,NQ1!
2025-12-26T15:00:00.000Z,1766761200000,0,NQ1!
2025-12-26T15:45:00.000Z,1766763900000,1,NQ1!
2025-12-26T16:00:00.000Z,1766764800000,0,NQ1!
2025-12-29T14:30:00.000Z,1767018600000,1,NQ1!
2025-12-29T14:45:00.000Z,1767019500000,0,NQ1!
2025-12-29T15:15:00.000Z,1767021300000,1,NQ1!
2025-12-29T15:45:00.000Z,1767023100000,0,NQ1!
2025-12-29T18:30:00.000Z,1767033000000,1,NQ1!
2025-12-29T18:45:00.000Z,1767033900000,0,NQ1!
2025-12-29T19:15:00.000Z,1767035700000,1,NQ1!
2025-12-30T07:15:00.000Z,1767078900000,0,NQ1!
2025-12-30T08:00:00.000Z,1767081600000,1,NQ1!
2025-12-30T13:30:00.000Z,1767101400000,0,NQ1!
2025-12-30T14:45:00.000Z,1767105900000,1,NQ1!
2025-12-30T15:00:00.000Z,1767106800000,0,NQ1!
2025-12-31T09:45:00.000Z,1767174300000,1,NQ1!
2025-12-31T15:45:00.000Z,1767195900000,0,NQ1!
2025-12-31T16:15:00.000Z,1767197700000,1,NQ1!
2025-12-31T19:30:00.000Z,1767209400000,0,NQ1!
2026-01-02T01:45:00.000Z,1767318300000,1,NQ1!
2026-01-02T14:00:00.000Z,1767362400000,0,NQ1!
2026-01-02T14:15:00.000Z,1767363300000,1,NQ1!
2026-01-02T15:00:00.000Z,1767366000000,0,NQ1!
2026-01-04T23:15:00.000Z,1767568500000,1,NQ1!
2026-01-05T13:15:00.000Z,1767618900000,0,NQ1!
2026-01-05T13:45:00.000Z,1767620700000,1,NQ1!
2026-01-05T17:15:00.000Z,1767633300000,0,NQ1!
2026-01-06T04:00:00.000Z,1767672000000,1,NQ1!
2026-01-06T08:00:00.000Z,1767686400000,0,NQ1!
2026-01-06T12:30:00.000Z,1767702600000,1,NQ1!
2026-01-06T14:00:00.000Z,1767708000000,0,NQ1!
2026-01-06T14:15:00.000Z,1767708900000,1,NQ1!
2026-01-07T02:00:00.000Z,1767751200000,0,NQ1!
2026-01-07T13:30:00.000Z,1767792600000,1,NQ1!
2026-01-07T14:00:00.000Z,1767794400000,0,NQ1!
2026-01-07T14:15:00.000Z,1767795300000,1,NQ1!
2026-01-07T20:00:00.000Z,1767816000000,0,NQ1!
2026-01-08T13:00:00.000Z,1767877200000,1,NQ1!
2026-01-08T14:30:00.000Z,1767882600000,0,NQ1!
2026-01-08T21:30:00.000Z,1767907800000,1,NQ1!
2026-01-08T23:15:00.000Z,1767914100000,0,NQ1!
2026-01-09T00:00:00.000Z,1767916800000,1,NQ1!
2026-01-09T00:45:00.000Z,1767919500000,0,NQ1!
2026-01-09T02:15:00.000Z,1767924900000,1,NQ1!
2026-01-09T14:15:00.000Z,1767968100000,0,NQ1!
2026-01-09T14:30:00.000Z,1767969000000,1,NQ1!
2026-01-09T14:45:00.000Z,1767969900000,0,NQ1!
2026-01-09T15:00:00.000Z,1767970800000,1,NQ1!
2026-01-09T21:45:00.000Z,1767995100000,0,NQ1!
2026-01-12T12:00:00.000Z,1768219200000,1,NQ1!
2026-01-12T23:45:00.000Z,1768261500000,0,NQ1!
2026-01-13T13:15:00.000Z,1768310100000,1,NQ1!
2026-01-13T15:15:00.000Z,1768317300000,0,NQ1!
2026-01-13T16:15:00.000Z,1768320900000,1,NQ1!
2026-01-13T17:45:00.000Z,1768326300000,0,NQ1!
2026-01-13T20:45:00.000Z,1768337100000,1,NQ1!
2026-01-13T21:30:00.000Z,1768339800000,0,NQ1!
2026-01-14T00:00:00.000Z,1768348800000,1,NQ1!
2026-01-14T00:30:00.000Z,1768350600000,0,NQ1!
2026-01-14T01:15:00.000Z,1768353300000,1,NQ1!
2026-01-14T01:30:00.000Z,1768354200000,0,NQ1!
2026-01-14T03:00:00.000Z,1768359600000,1,NQ1!
2026-01-14T04:00:00.000Z,1768363200000,0,NQ1!
2026-01-14T09:00:00.000Z,1768381200000,1,NQ1!
2026-01-14T09:30:00.000Z,1768383000000,0,NQ1!
2026-01-14T13:15:00.000Z,1768396500000,1,NQ1!
2026-01-14T13:30:00.000Z,1768397400000,0,NQ1!
2026-01-14T20:30:00.000Z,1768422600000,1,NQ1!
2026-01-15T17:45:00.000Z,1768499100000,0,NQ1!
2026-01-15T18:00:00.000Z,1768500000000,1,NQ1!
2026-01-15T19:00:00.000Z,1768503600000,0,NQ1!
2026-01-16T06:30:00.000Z,1768545000000,1,NQ1!
2026-01-16T14:45:00.000Z,1768574700000,0,NQ1!
2026-01-16T20:00:00.000Z,1768593600000,1,NQ1!
2026-01-16T20:15:00.000Z,1768594500000,0,NQ1!
2026-01-19T06:30:00.000Z,1768804200000,1,NQ1!
2026-01-19T06:45:00.000Z,1768805100000,0,NQ1!
2026-01-19T15:30:00.000Z,1768836600000,1,NQ1!
2026-01-20T06:00:00.000Z,1768888800000,0,NQ1!
2026-01-20T14:30:00.000Z,1768919400000,1,NQ1!
2026-01-20T15:00:00.000Z,1768921200000,0,NQ1!
2026-01-20T15:15:00.000Z,1768922100000,1,NQ1!
2026-01-20T17:15:00.000Z,1768929300000,0,NQ1!
2026-01-21T01:30:00.000Z,1768959000000,1,NQ1!
2026-01-21T01:45:00.000Z,1768959900000,0,NQ1!
2026-01-21T02:00:00.000Z,1768960800000,1,NQ1!
2026-01-21T02:15:00.000Z,1768961700000,0,NQ1!
2026-01-21T03:00:00.000Z,1768964400000,1,NQ1!
2026-01-21T08:00:00.000Z,1768982400000,0,NQ1!
2026-01-21T08:15:00.000Z,1768983300000,1,NQ1!
2026-01-21T09:30:00.000Z,1768987800000,0,NQ1!
2026-01-21T10:15:00.000Z,1768990500000,1,NQ1!
2026-01-21T10:45:00.000Z,1768992300000,0,NQ1!
2026-01-21T14:00:00.000Z,1769004000000,1,NQ1!
2026-01-22T05:30:00.000Z,1769059800000,0,NQ1!
2026-01-22T08:30:00.000Z,1769070600000,1,NQ1!
2026-01-22T09:45:00.000Z,1769075100000,0,NQ1!
2026-01-22T19:15:00.000Z,1769109300000,1,NQ1!
2026-01-22T19:30:00.000Z,1769110200000,0,NQ1!
2026-01-23T01:00:00.000Z,1769130000000,1,NQ1!
2026-01-23T08:00:00.000Z,1769155200000,0,NQ1!
2026-01-23T14:45:00.000Z,1769179500000,1,NQ1!
2026-01-25T23:00:00.000Z,1769382000000,0,NQ1!
2026-01-26T00:15:00.000Z,1769386500000,1,NQ1!
2026-01-26T00:30:00.000Z,1769387400000,0,NQ1!
2026-01-26T01:00:00.000Z,1769389200000,1,NQ1!
2026-01-26T09:15:00.000Z,1769418900000,0,NQ1!
2026-01-26T14:15:00.000Z,1769436900000,1,NQ1!
2026-01-26T20:45:00.000Z,1769460300000,0,NQ1!
2026-01-26T21:00:00.000Z,1769461200000,1,NQ1!
2026-01-26T21:45:00.000Z,1769463900000,0,NQ1!
2026-01-26T23:15:00.000Z,1769469300000,1,NQ1!
2026-01-27T05:00:00.000Z,1769490000000,0,NQ1!
2026-01-27T05:30:00.000Z,1769491800000,1,NQ1!
2026-01-27T06:45:00.000Z,1769496300000,0,NQ1!
2026-01-27T14:45:00.000Z,1769525100000,1,NQ1!
2026-01-28T08:45:00.000Z,1769589900000,0,NQ1!
2026-01-28T10:30:00.000Z,1769596200000,1,NQ1!
2026-01-28T11:00:00.000Z,1769598000000,0,NQ1!
2026-01-28T21:15:00.000Z,1769634900000,1,NQ1!
2026-01-28T23:00:00.000Z,1769641200000,0,NQ1!
2026-01-28T23:15:00.000Z,1769642100000,1,NQ1!
2026-01-28T23:30:00.000Z,1769643000000,0,NQ1!
2026-01-29T03:00:00.000Z,1769655600000,1,NQ1!
2026-01-29T09:45:00.000Z,1769679900000,0,NQ1!
2026-01-29T19:00:00.000Z,1769713200000,1,NQ1!
2026-01-30T02:15:00.000Z,1769739300000,0,NQ1!
2026-01-30T03:00:00.000Z,1769742000000,1,NQ1!
2026-01-30T06:00:00.000Z,1769752800000,0,NQ1!
2026-01-30T15:30:00.000Z,1769787000000,1,NQ1!
2026-01-30T15:45:00.000Z,1769787900000,0,NQ1!
2026-02-02T08:00:00.000Z,1770019200000,1,NQ1!
2026-02-03T01:15:00.000Z,1770081300000,0,NQ1!
2026-02-04T01:00:00.000Z,1770166800000,1,NQ1!
2026-02-04T13:45:00.000Z,1770212700000,0,NQ1!
2026-02-04T21:30:00.000Z,1770240600000,1,NQ1!
2026-02-04T21:45:00.000Z,1770241500000,0,NQ1!
2026-02-05T00:15:00.000Z,1770250500000,1,NQ1!
2026-02-05T00:45:00.000Z,1770252300000,0,NQ1!
2026-02-05T01:00:00.000Z,1770253200000,1,NQ1!
2026-02-05T02:00:00.000Z,1770256800000,0,NQ1!
2026-02-05T05:15:00.000Z,1770268500000,1,NQ1!
2026-02-05T08:45:00.000Z,1770281100000,0,NQ1!
2026-02-05T09:15:00.000Z,1770282900000,1,NQ1!
2026-02-05T11:30:00.000Z,1770291000000,0,NQ1!
2026-02-05T11:45:00.000Z,1770291900000,1,NQ1!
2026-02-05T12:15:00.000Z,1770293700000,0,NQ1!
2026-02-05T17:15:00.000Z,1770311700000,1,NQ1!
2026-02-05T17:45:00.000Z,1770313500000,0,NQ1!
2026-02-05T19:00:00.000Z,1770318000000,1,NQ1!
2026-02-05T19:30:00.000Z,1770319800000,0,NQ1!
2026-02-05T20:00:00.000Z,1770321600000,1,NQ1!
2026-02-05T20:15:00.000Z,1770322500000,0,NQ1!
2026-02-06T01:45:00.000Z,1770342300000,1,NQ1!
2026-02-06T21:15:00.000Z,1770412500000,0,NQ1!
2026-02-08T23:00:00.000Z,1770591600000,1,NQ1!
2026-02-09T01:00:00.000Z,1770598800000,0,NQ1!
2026-02-09T15:00:00.000Z,1770649200000,1,NQ1!
2026-02-10T00:30:00.000Z,1770683400000,0,NQ1!
2026-02-10T00:45:00.000Z,1770684300000,1,NQ1!
2026-02-10T01:00:00.000Z,1770685200000,0,NQ1!
2026-02-10T12:00:00.000Z,1770724800000,1,NQ1!
2026-02-10T12:45:00.000Z,1770727500000,0,NQ1!
2026-02-10T13:45:00.000Z,1770731100000,1,NQ1!
2026-02-10T14:30:00.000Z,1770733800000,0,NQ1!
2026-02-10T14:45:00.000Z,1770734700000,1,NQ1!
2026-02-10T16:15:00.000Z,1770740100000,0,NQ1!
2026-02-10T17:45:00.000Z,1770745500000,1,NQ1!
2026-02-10T18:00:00.000Z,1770746400000,0,NQ1!
2026-02-11T11:15:00.000Z,1770808500000,1,NQ1!
2026-02-11T11:30:00.000Z,1770809400000,0,NQ1!
2026-02-11T12:00:00.000Z,1770811200000,1,NQ1!
2026-02-11T15:00:00.000Z,1770822000000,0,NQ1!
2026-02-12T04:15:00.000Z,1770869700000,1,NQ1!
2026-02-12T14:15:00.000Z,1770905700000,0,NQ1!
2026-02-13T06:45:00.000Z,1770965100000,1,NQ1!
2026-02-13T13:00:00.000Z,1770987600000,0,NQ1!
2026-02-13T13:15:00.000Z,1770988500000,1,NQ1!
2026-02-13T19:45:00.000Z,1771011900000,0,NQ1!
2026-02-16T07:30:00.000Z,1771227000000,1,NQ1!
2026-02-16T07:45:00.000Z,1771227900000,0,NQ1!
2026-02-16T08:00:00.000Z,1771228800000,1,NQ1!
2026-02-16T12:30:00.000Z,1771245000000,0,NQ1!
2026-02-16T12:45:00.000Z,1771245900000,1,NQ1!
2026-02-16T13:45:00.000Z,1771249500000,0,NQ1!
2026-02-16T23:00:00.000Z,1771282800000,1,NQ1!
2026-02-17T00:45:00.000Z,1771289100000,0,NQ1!
2026-02-17T01:00:00.000Z,1771290000000,1,NQ1!
2026-02-17T01:15:00.000Z,1771290900000,0,NQ1!
2026-02-17T07:45:00.000Z,1771314300000,1,NQ1!
2026-02-17T08:30:00.000Z,1771317000000,0,NQ1!
2026-02-17T09:00:00.000Z,1771318800000,1,NQ1!
2026-02-17T10:30:00.000Z,1771324200000,0,NQ1!
2026-02-17T11:45:00.000Z,1771328700000,1,NQ1!
2026-02-17T12:45:00.000Z,1771332300000,0,NQ1!
2026-02-17T13:15:00.000Z,1771334100000,1,NQ1!
2026-02-17T14:45:00.000Z,1771339500000,0,NQ1!
2026-02-17T15:45:00.000Z,1771343100000,1,NQ1!
2026-02-18T00:45:00.000Z,1771375500000,0,NQ1!
2026-02-18T03:45:00.000Z,1771386300000,1,NQ1!
2026-02-18T11:30:00.000Z,1771414200000,0,NQ1!
2026-02-18T12:00:00.000Z,1771416000000,1,NQ1!
2026-02-18T13:30:00.000Z,1771421400000,0,NQ1!
2026-02-18T14:45:00.000Z,1771425900000,1,NQ1!
2026-02-18T19:30:00.000Z,1771443000000,0,NQ1!
2026-02-19T07:15:00.000Z,1771485300000,1,NQ1!
2026-02-19T07:30:00.000Z,1771486200000,0,NQ1!
2026-02-19T08:15:00.000Z,1771488900000,1,NQ1!
2026-02-19T08:30:00.000Z,1771489800000,0,NQ1!
2026-02-19T15:30:00.000Z,1771515000000,1,NQ1!
2026-02-19T16:00:00.000Z,1771516800000,0,NQ1!
2026-02-19T20:45:00.000Z,1771533900000,1,NQ1!
2026-02-19T21:30:00.000Z,1771536600000,0,NQ1!
2026-02-19T21:45:00.000Z,1771537500000,1,NQ1!
2026-02-20T11:00:00.000Z,1771585200000,0,NQ1!
2026-02-20T14:30:00.000Z,1771597800000,1,NQ1!
2026-02-22T23:30:00.000Z,1771803000000,0,NQ1!
2026-02-22T23:45:00.000Z,1771803900000,1,NQ1!
2026-02-23T00:00:00.000Z,1771804800000,0,NQ1!
2026-02-23T06:45:00.000Z,1771829100000,1,NQ1!
2026-02-23T11:15:00.000Z,1771845300000,0,NQ1!
2026-02-23T14:00:00.000Z,1771855200000,1,NQ1!
2026-02-23T14:30:00.000Z,1771857000000,0,NQ1!
2026-02-23T16:15:00.000Z,1771863300000,1,NQ1!
2026-02-23T16:30:00.000Z,1771864200000,0,NQ1!
2026-02-23T18:00:00.000Z,1771869600000,1,NQ1!
2026-02-23T18:45:00.000Z,1771872300000,0,NQ1!
2026-02-23T20:45:00.000Z,1771879500000,1,NQ1!
2026-02-24T07:30:00.000Z,1771918200000,0,NQ1!
2026-02-24T15:15:00.000Z,1771946100000,1,NQ1!
2026-02-25T03:30:00.000Z,1771990200000,0,NQ1!
2026-02-25T11:30:00.000Z,1772019000000,1,NQ1!
2026-02-25T23:30:00.000Z,1772062200000,0,NQ1!
2026-02-26T12:15:00.000Z,1772108100000,1,NQ1!
2026-02-26T12:45:00.000Z,1772109900000,0,NQ1!
2026-02-26T13:15:00.000Z,1772111700000,1,NQ1!
2026-02-26T14:15:00.000Z,1772115300000,0,NQ1!
2026-02-27T01:00:00.000Z,1772154000000,1,NQ1!
2026-02-27T01:30:00.000Z,1772155800000,0,NQ1!
2026-02-27T01:45:00.000Z,1772156700000,1,NQ1!
2026-02-27T10:00:00.000Z,1772186400000,0,NQ1!
2026-02-27T10:15:00.000Z,1772187300000,1,NQ1!
2026-02-27T10:45:00.000Z,1772189100000,0,NQ1!
2026-02-27T20:00:00.000Z,1772222400000,1,NQ1!
2026-02-27T20:30:00.000Z,1772224200000,0,NQ1!
2026-02-27T20:45:00.000Z,1772225100000,1,NQ1!
2026-03-01T23:00:00.000Z,1772406000000,0,NQ1!
2026-03-02T01:00:00.000Z,1772413200000,1,NQ1!
2026-03-02T04:45:00.000Z,1772426700000,0,NQ1!
2026-03-02T10:30:00.000Z,1772447400000,1,NQ1!
2026-03-02T10:45:00.000Z,1772448300000,0,NQ1!
2026-03-02T11:15:00.000Z,1772450100000,1,NQ1!
2026-03-02T12:45:00.000Z,1772455500000,0,NQ1!
2026-03-02T13:00:00.000Z,1772456400000,1,NQ1!
2026-03-02T13:45:00.000Z,1772459100000,0,NQ1!
2026-03-02T14:15:00.000Z,1772460900000,1,NQ1!
2026-03-02T23:30:00.000Z,1772494200000,0,NQ1!
2026-03-02T23:45:00.000Z,1772495100000,1,NQ1!
2026-03-03T00:15:00.000Z,1772496900000,0,NQ1!
2026-03-03T00:30:00.000Z,1772497800000,1,NQ1!
2026-03-03T00:45:00.000Z,1772498700000,0,NQ1!
2026-03-03T14:15:00.000Z,1772547300000,1,NQ1!
2026-03-03T14:45:00.000Z,1772549100000,0,NQ1!
2026-03-03T15:00:00.000Z,1772550000000,1,NQ1!
2026-03-03T15:15:00.000Z,1772550900000,0,NQ1!
2026-03-03T15:45:00.000Z,1772552700000,1,NQ1!
2026-03-04T02:15:00.000Z,1772590500000,0,NQ1!
2026-03-04T09:45:00.000Z,1772617500000,1,NQ1!
2026-03-04T12:15:00.000Z,1772626500000,0,NQ1!
2026-03-04T12:30:00.000Z,1772627400000,1,NQ1!
2026-03-05T00:45:00.000Z,1772671500000,0,NQ1!
2026-03-05T09:00:00.000Z,1772701200000,1,NQ1!
2026-03-05T09:15:00.000Z,1772702100000,0,NQ1!
2026-03-05T14:45:00.000Z,1772721900000,1,NQ1!
2026-03-05T15:15:00.000Z,1772723700000,0,NQ1!
2026-03-05T15:45:00.000Z,1772725500000,1,NQ1!
2026-03-05T16:00:00.000Z,1772726400000,0,NQ1!
2026-03-05T16:45:00.000Z,1772729100000,1,NQ1!
2026-03-05T17:00:00.000Z,1772730000000,0,NQ1!
2026-03-05T20:45:00.000Z,1772743500000,1,NQ1!
2026-03-06T08:15:00.000Z,1772784900000,0,NQ1!
2026-03-06T16:45:00.000Z,1772815500000,1,NQ1!
2026-03-06T17:00:00.000Z,1772816400000,0,NQ1!
2026-03-06T18:00:00.000Z,1772820000000,1,NQ1!
2026-03-06T18:15:00.000Z,1772820900000,0,NQ1!
2026-03-06T19:00:00.000Z,1772823600000,1,NQ1!
2026-03-06T19:30:00.000Z,1772825400000,0,NQ1!
2026-03-06T19:45:00.000Z,1772826300000,1,NQ1!
2026-03-06T20:00:00.000Z,1772827200000,0,NQ1!
2026-03-09T05:00:00.000Z,1773032400000,1,NQ1!
2026-03-10T00:00:00.000Z,1773100800000,0,NQ1!
2026-03-10T00:15:00.000Z,1773101700000,1,NQ1!
2026-03-10T01:30:00.000Z,1773106200000,0,NQ1!
2026-03-10T01:45:00.000Z,1773107100000,1,NQ1!
2026-03-10T02:00:00.000Z,1773108000000,0,NQ1!
2026-03-10T08:00:00.000Z,1773129600000,1,NQ1!
2026-03-10T08:45:00.000Z,1773132300000,0,NQ1!
2026-03-10T09:00:00.000Z,1773133200000,1,NQ1!
2026-03-10T09:15:00.000Z,1773134100000,0,NQ1!
2026-03-10T14:45:00.000Z,1773153900000,1,NQ1!
2026-03-10T16:00:00.000Z,1773158400000,0,NQ1!
2026-03-10T16:30:00.000Z,1773160200000,1,NQ1!
2026-03-10T18:00:00.000Z,1773165600000,0,NQ1!
2026-03-11T11:00:00.000Z,1773226800000,1,NQ1!
2026-03-11T11:15:00.000Z,1773227700000,0,NQ1!
2026-03-11T13:15:00.000Z,1773234900000,1,NQ1!
2026-03-11T15:15:00.000Z,1773242100000,0,NQ1!
2026-03-11T16:15:00.000Z,1773245700000,1,NQ1!
2026-03-11T17:30:00.000Z,1773250200000,0,NQ1!
2026-03-12T06:15:00.000Z,1773296100000,1,NQ1!
2026-03-12T13:45:00.000Z,1773323100000,0,NQ1!
2026-03-12T14:00:00.000Z,1773324000000,1,NQ1!
2026-03-12T14:15:00.000Z,1773324900000,0,NQ1!
2026-03-13T00:45:00.000Z,1773362700000,1,NQ1!
2026-03-13T01:30:00.000Z,1773365400000,0,NQ1!
2026-03-13T03:45:00.000Z,1773373500000,1,NQ1!
2026-03-13T04:00:00.000Z,1773374400000,0,NQ1!
2026-03-13T05:45:00.000Z,1773380700000,1,NQ1!
2026-03-13T06:15:00.000Z,1773382500000,0,NQ1!
2026-03-13T09:00:00.000Z,1773392400000,1,NQ1!
2026-03-13T14:45:00.000Z,1773413100000,0,NQ1!
2026-03-13T15:00:00.000Z,1773414000000,1,NQ1!
2026-03-13T15:15:00.000Z,1773414900000,0,NQ1!
2026-03-15T22:45:00.000Z,1773614700000,1,NQ1!
2026-03-16T08:30:00.000Z,1773649800000,0,NQ1!
2026-03-16T10:45:00.000Z,1773657900000,1,NQ1!
2026-03-16T11:00:00.000Z,1773658800000,0,NQ1!
2026-03-16T11:30:00.000Z,1773660600000,1,NQ1!
2026-03-16T14:30:00.000Z,1773671400000,0,NQ1!
2026-03-16T14:45:00.000Z,1773672300000,1,NQ1!
2026-03-16T15:45:00.000Z,1773675900000,0,NQ1!
2026-03-16T22:00:00.000Z,1773698400000,1,NQ1!
2026-03-17T00:45:00.000Z,1773708300000,0,NQ1!
2026-03-17T01:00:00.000Z,1773709200000,1,NQ1!
2026-03-17T01:15:00.000Z,1773710100000,0,NQ1!
2026-03-17T01:45:00.000Z,1773711900000,1,NQ1!
2026-03-17T02:00:00.000Z,1773712800000,0,NQ1!
2026-03-17T11:15:00.000Z,1773746100000,1,NQ1!
2026-03-17T11:45:00.000Z,1773747900000,0,NQ1!
2026-03-17T12:00:00.000Z,1773748800000,1,NQ1!
2026-03-17T22:15:00.000Z,1773785700000,0,NQ1!
2026-03-18T00:00:00.000Z,1773792000000,1,NQ1!
2026-03-18T07:15:00.000Z,1773818100000,0,NQ1!
2026-03-19T02:00:00.000Z,1773885600000,1,NQ1!
2026-03-19T08:30:00.000Z,1773909000000,0,NQ1!
2026-03-19T08:45:00.000Z,1773909900000,1,NQ1!
2026-03-19T09:15:00.000Z,1773911700000,0,NQ1!
2026-03-19T09:30:00.000Z,1773912600000,1,NQ1!
2026-03-19T11:30:00.000Z,1773919800000,0,NQ1!
2026-03-19T11:45:00.000Z,1773920700000,1,NQ1!
2026-03-19T12:15:00.000Z,1773922500000,0,NQ1!
2026-03-19T14:45:00.000Z,1773931500000,1,NQ1!
2026-03-19T15:15:00.000Z,1773933300000,0,NQ1!
2026-03-19T16:30:00.000Z,1773937800000,1,NQ1!
2026-03-19T16:45:00.000Z,1773938700000,0,NQ1!
2026-03-19T18:00:00.000Z,1773943200000,1,NQ1!
2026-03-19T18:30:00.000Z,1773945000000,0,NQ1!
2026-03-19T18:45:00.000Z,1773945900000,1,NQ1!
2026-03-20T06:15:00.000Z,1773987300000,0,NQ1!
2026-03-20T07:30:00.000Z,1773991800000,1,NQ1!
2026-03-20T07:45:00.000Z,1773992700000,0,NQ1!
2026-03-20T08:00:00.000Z,1773993600000,1,NQ1!
2026-03-20T08:15:00.000Z,1773994500000,0,NQ1!
2026-03-23T04:15:00.000Z,1774239300000,1,NQ1!
2026-03-23T06:00:00.000Z,1774245600000,0,NQ1!
2026-03-23T08:00:00.000Z,1774252800000,1,NQ1!
2026-03-23T19:45:00.000Z,1774295100000,0,NQ1!
2026-03-23T20:30:00.000Z,1774297800000,1,NQ1!
2026-03-23T20:45:00.000Z,1774298700000,0,NQ1!
2026-03-23T22:45:00.000Z,1774305900000,1,NQ1!
2026-03-23T23:00:00.000Z,1774306800000,0,NQ1!
2026-03-24T10:15:00.000Z,1774347300000,1,NQ1!
2026-03-24T12:00:00.000Z,1774353600000,0,NQ1!
2026-03-24T12:15:00.000Z,1774354500000,1,NQ1!
2026-03-24T12:30:00.000Z,1774355400000,0,NQ1!
2026-03-24T15:15:00.000Z,1774365300000,1,NQ1!
2026-03-24T15:30:00.000Z,1774366200000,0,NQ1!
2026-03-24T20:15:00.000Z,1774383300000,1,NQ1!
2026-03-25T01:45:00.000Z,1774403100000,0,NQ1!
2026-03-25T04:00:00.000Z,1774411200000,1,NQ1!
2026-03-25T04:30:00.000Z,1774413000000,0,NQ1!
2026-03-25T04:45:00.000Z,1774413900000,1,NQ1!
2026-03-25T05:45:00.000Z,1774417500000,0,NQ1!
2026-03-25T07:00:00.000Z,1774422000000,1,NQ1!
2026-03-25T07:15:00.000Z,1774422900000,0,NQ1!
2026-03-25T07:30:00.000Z,1774423800000,1,NQ1!
2026-03-25T12:15:00.000Z,1774440900000,0,NQ1!
2026-03-25T14:15:00.000Z,1774448100000,1,NQ1!
2026-03-25T15:00:00.000Z,1774450800000,0,NQ1!
2026-03-25T15:15:00.000Z,1774451700000,1,NQ1!
2026-03-25T15:30:00.000Z,1774452600000,0,NQ1!
2026-03-25T16:30:00.000Z,1774456200000,1,NQ1!
2026-03-25T16:45:00.000Z,1774457100000,0,NQ1!
2026-03-25T17:30:00.000Z,1774459800000,1,NQ1!
2026-03-25T18:45:00.000Z,1774464300000,0,NQ1!
2026-03-25T19:45:00.000Z,1774467900000,1,NQ1!
2026-03-25T22:00:00.000Z,1774476000000,0,NQ1!
2026-03-26T00:00:00.000Z,1774483200000,1,NQ1!
2026-03-26T02:15:00.000Z,1774491300000,0,NQ1!
2026-03-26T03:15:00.000Z,1774494900000,1,NQ1!
2026-03-26T05:00:00.000Z,1774501200000,0,NQ1!
2026-03-26T13:45:00.000Z,1774532700000,1,NQ1!
2026-03-26T14:15:00.000Z,1774534500000,0,NQ1!
2026-03-27T01:30:00.000Z,1774575000000,1,NQ1!
2026-03-27T08:00:00.000Z,1774598400000,0,NQ1!
2026-03-30T02:00:00.000Z,1774836000000,1,NQ1!
2026-03-30T13:45:00.000Z,1774878300000,0,NQ1!
2026-03-30T14:00:00.000Z,1774879200000,1,NQ1!
2026-03-30T14:15:00.000Z,1774880100000,0,NQ1!
2026-03-30T14:45:00.000Z,1774881900000,1,NQ1!
2026-03-30T15:00:00.000Z,1774882800000,0,NQ1!
2026-03-30T15:30:00.000Z,1774884600000,1,NQ1!
2026-03-30T15:45:00.000Z,1774885500000,0,NQ1!
2026-03-31T01:30:00.000Z,1774920600000,1,NQ1!
2026-03-31T01:45:00.000Z,1774921500000,0,NQ1!
2026-03-31T02:15:00.000Z,1774923300000,1,NQ1!
2026-03-31T05:00:00.000Z,1774933200000,0,NQ1!
2026-03-31T05:15:00.000Z,1774934100000,1,NQ1!
2026-04-01T02:15:00.000Z,1775009700000,0,NQ1!
2026-04-01T12:30:00.000Z,1775046600000,1,NQ1!
2026-04-01T12:45:00.000Z,1775047500000,0,NQ1!
2026-04-01T14:15:00.000Z,1775052900000,1,NQ1!
2026-04-01T18:15:00.000Z,1775067300000,0,NQ1!
2026-04-01T19:15:00.000Z,1775070900000,1,NQ1!
2026-04-01T19:45:00.000Z,1775072700000,0,NQ1!
2026-04-02T12:15:00.000Z,1775132100000,1,NQ1!
2026-04-03T02:15:00.000Z,1775182500000,0,NQ1!
2026-04-06T01:00:00.000Z,1775437200000,1,NQ1!
2026-04-06T01:45:00.000Z,1775439900000,0,NQ1!
2026-04-06T02:00:00.000Z,1775440800000,1,NQ1!
2026-04-06T02:45:00.000Z,1775443500000,0,NQ1!
2026-04-06T04:30:00.000Z,1775449800000,1,NQ1!
2026-04-06T05:30:00.000Z,1775453400000,0,NQ1!
2026-04-06T06:00:00.000Z,1775455200000,1,NQ1!
2026-04-06T06:15:00.000Z,1775456100000,0,NQ1!
2026-04-06T06:45:00.000Z,1775457900000,1,NQ1!
2026-04-06T07:00:00.000Z,1775458800000,0,NQ1!
2026-04-06T07:30:00.000Z,1775460600000,1,NQ1!
2026-04-06T10:45:00.000Z,1775472300000,0,NQ1!
2026-04-06T13:45:00.000Z,1775483100000,1,NQ1!
2026-04-06T14:30:00.000Z,1775485800000,0,NQ1!
2026-04-06T18:45:00.000Z,1775501100000,1,NQ1!
2026-04-06T20:15:00.000Z,1775506500000,0,NQ1!
2026-04-06T22:00:00.000Z,1775512800000,1,NQ1!
2026-04-06T22:15:00.000Z,1775513700000,0,NQ1!
2026-04-07T06:45:00.000Z,1775544300000,1,NQ1!
2026-04-07T07:15:00.000Z,1775546100000,0,NQ1!
2026-04-07T07:30:00.000Z,1775547000000,1,NQ1!
2026-04-07T10:45:00.000Z,1775558700000,0,NQ1!
2026-04-07T16:15:00.000Z,1775578500000,1,NQ1!
2026-04-07T18:45:00.000Z,1775587500000,0,NQ1!
2026-04-07T19:15:00.000Z,1775589300000,1,NQ1!
2026-04-08T07:45:00.000Z,1775634300000,0,NQ1!
2026-04-09T03:00:00.000Z,1775703600000,1,NQ1!
2026-04-09T03:15:00.000Z,1775704500000,0,NQ1!
2026-04-09T03:30:00.000Z,1775705400000,1,NQ1!
2026-04-09T07:30:00.000Z,1775719800000,0,NQ1!
2026-04-09T07:45:00.000Z,1775720700000,1,NQ1!
2026-04-09T08:00:00.000Z,1775721600000,0,NQ1!
2026-04-09T08:30:00.000Z,1775723400000,1,NQ1!
2026-04-09T08:45:00.000Z,1775724300000,0,NQ1!
2026-04-09T09:00:00.000Z,1775725200000,1,NQ1!
2026-04-09T14:15:00.000Z,1775744100000,0,NQ1!
2026-04-09T14:45:00.000Z,1775745900000,1,NQ1!
2026-04-10T05:30:00.000Z,1775799000000,0,NQ1!
2026-04-10T15:00:00.000Z,1775833200000,1,NQ1!
2026-04-10T15:30:00.000Z,1775835000000,0,NQ1!
2026-04-10T20:00:00.000Z,1775851200000,1,NQ1!
2026-04-12T22:00:00.000Z,1776031200000,0,NQ1!
2026-04-13T04:45:00.000Z,1776055500000,1,NQ1!
2026-04-14T03:00:00.000Z,1776135600000,0,NQ1!
2026-04-14T12:15:00.000Z,1776168900000,1,NQ1!
2026-04-14T12:30:00.000Z,1776169800000,0,NQ1!
2026-04-14T13:30:00.000Z,1776173400000,1,NQ1!
2026-04-15T00:30:00.000Z,1776213000000,0,NQ1!
2026-04-15T13:45:00.000Z,1776260700000,1,NQ1!
2026-04-16T04:45:00.000Z,1776314700000,0,NQ1!
2026-04-16T06:00:00.000Z,1776319200000,1,NQ1!
2026-04-16T06:15:00.000Z,1776320100000,0,NQ1!
2026-04-17T00:15:00.000Z,1776384900000,1,NQ1!
2026-04-17T02:00:00.000Z,1776391200000,0,NQ1!
2026-04-17T04:00:00.000Z,1776398400000,1,NQ1!
2026-04-17T05:00:00.000Z,1776402000000,0,NQ1!
2026-04-17T05:30:00.000Z,1776403800000,1,NQ1!
2026-04-19T22:00:00.000Z,1776636000000,0,NQ1!
2026-04-20T10:00:00.000Z,1776679200000,1,NQ1!
2026-04-20T10:15:00.000Z,1776680100000,0,NQ1!
2026-04-20T11:00:00.000Z,1776682800000,1,NQ1!
2026-04-21T04:30:00.000Z,1776745800000,0,NQ1!
2026-04-21T10:30:00.000Z,1776767400000,1,NQ1!
2026-04-21T12:00:00.000Z,1776772800000,0,NQ1!
2026-04-21T12:15:00.000Z,1776773700000,1,NQ1!
2026-04-21T12:30:00.000Z,1776774600000,0,NQ1!
2026-04-21T23:30:00.000Z,1776814200000,1,NQ1!
2026-04-22T12:45:00.000Z,1776861900000,0,NQ1!
2026-04-22T13:00:00.000Z,1776862800000,1,NQ1!
2026-04-23T00:00:00.000Z,1776902400000,0,NQ1!
2026-04-23T11:45:00.000Z,1776944700000,1,NQ1!
2026-04-23T17:00:00.000Z,1776963600000,0,NQ1!
2026-04-23T22:00:00.000Z,1776981600000,1,NQ1!
2026-04-24T03:15:00.000Z,1777000500000,0,NQ1!
2026-04-24T04:45:00.000Z,1777005900000,1,NQ1!
2026-04-27T03:45:00.000Z,1777261500000,0,NQ1!
2026-04-27T17:30:00.000Z,1777311000000,1,NQ1!
2026-04-27T17:45:00.000Z,1777311900000,0,NQ1!
2026-04-27T18:00:00.000Z,1777312800000,1,NQ1!
2026-04-27T18:30:00.000Z,1777314600000,0,NQ1!
2026-04-27T19:15:00.000Z,1777317300000,1,NQ1!
2026-04-28T02:30:00.000Z,1777343400000,0,NQ1!
2026-04-28T03:15:00.000Z,1777346100000,1,NQ1!
2026-04-28T03:45:00.000Z,1777347900000,0,NQ1!
2026-04-28T04:00:00.000Z,1777348800000,1,NQ1!
2026-04-28T04:45:00.000Z,1777351500000,0,NQ1!
2026-04-28T17:45:00.000Z,1777398300000,1,NQ1!
2026-04-29T09:15:00.000Z,1777454100000,0,NQ1!
2026-04-29T18:45:00.000Z,1777488300000,1,NQ1!
2026-04-29T20:00:00.000Z,1777492800000,0,NQ1!
2026-04-29T20:15:00.000Z,1777493700000,1,NQ1!
2026-04-29T20:45:00.000Z,1777495500000,0,NQ1!
2026-04-29T22:00:00.000Z,1777500000000,1,NQ1!
2026-04-30T13:30:00.000Z,1777555800000,0,NQ1!
2026-04-30T15:00:00.000Z,1777561200000,1,NQ1!
2026-04-30T15:15:00.000Z,1777562100000,0,NQ1!
2026-04-30T18:00:00.000Z,1777572000000,1,NQ1!
2026-04-30T18:15:00.000Z,1777572900000,0,NQ1!
2026-04-30T20:15:00.000Z,1777580100000,1,NQ1!
2026-05-01T03:30:00.000Z,1777606200000,0,NQ1!
2026-05-01T13:30:00.000Z,1777642200000,1,NQ1!
2026-05-01T20:30:00.000Z,1777667400000,0,NQ1!
2026-05-03T22:00:00.000Z,1777845600000,1,NQ1!
2026-05-03T23:00:00.000Z,1777849200000,0,NQ1!
2026-05-04T00:30:00.000Z,1777854600000,1,NQ1!
2026-05-04T05:45:00.000Z,1777873500000,0,NQ1!
2026-05-04T13:45:00.000Z,1777902300000,1,NQ1!
2026-05-04T15:00:00.000Z,1777906800000,0,NQ1!
2026-05-05T00:00:00.000Z,1777939200000,1,NQ1!
2026-05-05T00:15:00.000Z,1777940100000,0,NQ1!
2026-05-05T00:30:00.000Z,1777941000000,1,NQ1!
2026-05-05T19:45:00.000Z,1778010300000,0,NQ1!
2026-05-05T20:00:00.000Z,1778011200000,1,NQ1!
2026-05-06T02:00:00.000Z,1778032800000,0,NQ1!
2026-05-06T03:15:00.000Z,1778037300000,1,NQ1!
2026-05-06T03:30:00.000Z,1778038200000,0,NQ1!
2026-05-06T08:45:00.000Z,1778057100000,1,NQ1!
2026-05-06T12:00:00.000Z,1778068800000,0,NQ1!
2026-05-06T15:15:00.000Z,1778080500000,1,NQ1!
2026-05-06T15:30:00.000Z,1778081400000,0,NQ1!
2026-05-06T16:00:00.000Z,1778083200000,1,NQ1!
2026-05-06T16:45:00.000Z,1778085900000,0,NQ1!
2026-05-06T17:00:00.000Z,1778086800000,1,NQ1!
2026-05-06T22:15:00.000Z,1778105700000,0,NQ1!
2026-05-07T07:00:00.000Z,1778137200000,1,NQ1!
2026-05-07T08:15:00.000Z,1778141700000,0,NQ1!
2026-05-07T13:45:00.000Z,1778161500000,1,NQ1!
2026-05-07T16:00:00.000Z,1778169600000,0,NQ1!
2026-05-08T05:30:00.000Z,1778218200000,1,NQ1!
2026-05-10T22:00:00.000Z,1778450400000,0,NQ1!
2026-05-10T23:00:00.000Z,1778454000000,1,NQ1!
2026-05-10T23:15:00.000Z,1778454900000,0,NQ1!
2026-05-11T00:00:00.000Z,1778457600000,1,NQ1!
2026-05-11T00:45:00.000Z,1778460300000,0,NQ1!
2026-05-11T13:30:00.000Z,1778506200000,1,NQ1!
2026-05-11T13:45:00.000Z,1778507100000,0,NQ1!
2026-05-11T14:00:00.000Z,1778508000000,1,NQ1!
2026-05-11T14:15:00.000Z,1778508900000,0,NQ1!
2026-05-11T14:30:00.000Z,1778509800000,1,NQ1!
2026-05-12T01:00:00.000Z,1778547600000,0,NQ1!
2026-05-12T13:30:00.000Z,1778592600000,1,NQ1!
2026-05-12T13:45:00.000Z,1778593500000,0,NQ1!
2026-05-12T19:00:00.000Z,1778612400000,1,NQ1!
2026-05-13T12:30:00.000Z,1778675400000,0,NQ1!
2026-05-13T17:00:00.000Z,1778691600000,1,NQ1!
2026-05-13T17:45:00.000Z,1778694300000,0,NQ1!
2026-05-13T18:00:00.000Z,1778695200000,1,NQ1!
2026-05-13T18:30:00.000Z,1778697000000,0,NQ1!
2026-05-13T20:30:00.000Z,1778704200000,1,NQ1!
2026-05-13T20:45:00.000Z,1778705100000,0,NQ1!
2026-05-13T22:00:00.000Z,1778709600000,1,NQ1!
2026-05-14T03:30:00.000Z,1778729400000,0,NQ1!
2026-05-14T05:45:00.000Z,1778737500000,1,NQ1!
2026-05-14T06:45:00.000Z,1778741100000,0,NQ1!
2026-05-14T07:30:00.000Z,1778743800000,1,NQ1!
2026-05-14T07:45:00.000Z,1778744700000,0,NQ1!
2026-05-14T14:15:00.000Z,1778768100000,1,NQ1!
2026-05-14T17:15:00.000Z,1778778900000,0,NQ1!
2026-05-14T17:30:00.000Z,1778779800000,1,NQ1!
2026-05-14T18:15:00.000Z,1778782500000,0,NQ1!
2026-05-14T18:45:00.000Z,1778784300000,1,NQ1!
2026-05-14T20:30:00.000Z,1778790600000,0,NQ1!
2026-05-14T20:45:00.000Z,1778791500000,1,NQ1!
2026-05-15T00:30:00.000Z,1778805000000,0,NQ1!
2026-05-15T00:45:00.000Z,1778805900000,1,NQ1!
2026-05-15T01:00:00.000Z,1778806800000,0,NQ1!
2026-05-15T14:00:00.000Z,1778853600000,1,NQ1!
2026-05-15T20:00:00.000Z,1778875200000,0,NQ1!
2026-05-17T22:00:00.000Z,1779055200000,1,NQ1!
2026-05-17T23:00:00.000Z,1779058800000,0,NQ1!
2026-05-18T06:45:00.000Z,1779086700000,1,NQ1!
2026-05-18T07:00:00.000Z,1779087600000,0,NQ1!
2026-05-18T07:15:00.000Z,1779088500000,1,NQ1!
2026-05-18T07:30:00.000Z,1779089400000,0,NQ1!
2026-05-18T07:45:00.000Z,1779090300000,1,NQ1!
2026-05-18T09:00:00.000Z,1779094800000,0,NQ1!
2026-05-18T11:30:00.000Z,1779103800000,1,NQ1!
2026-05-18T11:45:00.000Z,1779104700000,0,NQ1!
2026-05-18T12:00:00.000Z,1779105600000,1,NQ1!
2026-05-18T13:30:00.000Z,1779111000000,0,NQ1!
2026-05-18T13:45:00.000Z,1779111900000,1,NQ1!
2026-05-18T14:15:00.000Z,1779113700000,0,NQ1!
2026-05-18T16:45:00.000Z,1779122700000,1,NQ1!
2026-05-18T18:00:00.000Z,1779127200000,0,NQ1!
2026-05-18T19:30:00.000Z,1779132600000,1,NQ1!
