date,ret_w,ret_e,n_members
2020-04-29,0.101886,0.101465,20
2020-04-30,-0.040130,-0.040248,20
2020-05-01,-0.069037,-0.063133,20
2020-05-04,0.025209,0.030179,20
2020-05-05,-0.010861,-0.012336,20
2020-05-06,-0.003799,-0.003633,20
2020-05-07,0.018532,0.013008,20
2020-05-08,0.024530,0.022473,20
2020-05-11,0.008578,0.013952,20
2020-05-12,-0.007349,-0.016128,20
2020-05-13,-0.055318,-0.046628,20
2020-05-14,0.007313,-0.001671,20
2020-05-15,0.047690,0.058747,20
2020-05-18,0.111324,0.116786,20
2020-05-19,-0.015651,-0.025313,20
2020-05-20,0.013583,0.000255,20
2020-05-21,0.045988,0.053818,20
2020-05-22,-0.004457,-0.010080,20
2020-05-26,0.039364,0.036169,20
2020-05-27,0.026227,0.023409,20
2020-05-28,-0.037927,-0.036134,20
2020-05-29,0.010036,-0.012358,20
2020-06-01,0.035604,0.032416,20
2020-06-02,0.051987,0.033362,20
2020-06-03,0.036923,0.043424,20
2020-06-04,0.071836,0.071555,20
2020-06-05,0.036734,0.066801,20
2020-06-08,0.086176,0.118220,20
2020-06-09,-0.056678,-0.078213,20
2020-06-10,-0.024371,-0.045932,20
2020-06-11,-0.141421,-0.130676,20
2020-06-12,0.060168,0.064639,20
2020-06-15,0.032012,0.016082,20
2020-06-16,0.032854,0.030740,20
2020-06-17,-0.007074,-0.019772,20
2020-06-18,-0.011763,-0.009322,20
2020-06-19,0.014749,-0.009487,20
2020-06-22,0.027387,0.009641,20
2020-06-23,-0.004382,0.002838,20
2020-06-24,-0.019117,-0.031526,20
2020-06-25,-0.011522,0.000242,20
2020-06-26,-0.010130,-0.034062,20
2020-06-29,0.038010,0.040446,20
2020-06-30,0.013585,0.013741,20
2020-07-01,0.013736,0.007530,20
2020-07-02,0.024970,0.010829,20
2020-07-06,0.043402,0.022550,20
2020-07-07,0.021811,-0.011806,20
2020-07-08,0.001081,0.011218,20
2020-07-09,-0.000101,-0.017202,20
2020-07-10,0.038974,0.030259,20
2020-07-13,-0.058653,-0.036595,20
2020-07-14,0.019723,0.021879,20
2020-07-15,0.040370,0.038116,20
2020-07-16,-0.019073,-0.014774,20
2020-07-17,-0.012308,-0.005607,20
2020-07-20,-0.010164,-0.010915,20
2020-07-21,0.022810,0.024492,20
2020-07-22,-0.012433,-0.014736,20
2020-07-23,-0.010393,-0.010375,20
2020-07-24,-0.024139,-0.019205,20
2020-07-27,-0.006537,-0.000051,20
2020-07-28,0.006312,-0.000917,20
2020-07-29,0.023950,0.017596,20
2020-07-30,-0.016105,-0.012263,20
2020-07-31,-0.033985,-0.032586,20
2020-08-03,0.016350,0.017082,20
2020-08-04,0.017953,0.012145,20
2020-08-05,0.023540,0.020179,20
2020-08-06,-0.030524,-0.032309,20
2020-08-07,0.007077,0.005816,20
2020-08-10,0.026655,0.022646,20
2020-08-11,-0.008881,-0.010587,20
2020-08-12,-0.004120,-0.004690,20
2020-08-13,0.009361,0.011890,20
2020-08-14,0.002279,0.006326,20
2020-08-17,0.067087,0.018814,20
2020-08-18,-0.027922,-0.026900,20
2020-08-19,0.016223,0.008275,20
2020-08-20,-0.002532,-0.004206,20
2020-08-21,-0.012955,-0.012283,20
2020-08-24,0.004629,0.015866,20
2020-08-25,-0.000917,0.011217,20
2020-08-26,-0.004944,0.008325,20
2020-08-27,-0.031463,-0.005503,20
2020-08-28,0.021140,0.023283,20
2020-08-31,-0.036053,-0.020787,20
2020-09-01,-0.004716,-0.005737,20
2020-09-02,-0.010108,0.005052,20
2020-09-03,-0.033557,-0.024506,20
2020-09-04,-0.014224,-0.003429,20
2020-09-08,-0.022076,-0.015567,20
2020-09-09,0.015890,0.006137,20
2020-09-10,0.001532,-0.012141,20
2020-09-11,-0.034459,-0.012519,20
2020-09-14,0.057098,0.030906,20
2020-09-15,0.000764,0.004670,20
2020-09-16,0.035649,0.037474,20
2020-09-17,-0.022098,-0.019842,20
2020-09-18,0.019818,0.017745,20
2020-09-21,-0.030220,-0.034195,20
2020-09-22,0.013820,0.000275,20
2020-09-23,-0.055180,-0.042229,20
2020-09-24,0.001708,-0.013342,20
2020-09-25,0.014622,0.028643,20
2020-09-28,-0.001082,-0.008055,20
2020-09-29,-0.004252,-0.005432,20
2020-09-30,-0.009033,-0.005795,20
2020-10-01,0.039037,0.017844,20
2020-10-02,-0.018816,-0.005295,20
2020-10-05,0.009218,-0.001167,20
2020-10-06,-0.009310,0.000968,20
2020-10-07,0.045093,0.039383,20
2020-10-08,0.057234,0.038168,20
2020-10-09,-0.013229,-0.000932,20
2020-10-12,-0.006265,-0.002065,20
2020-10-13,-0.000476,-0.010002,20
2020-10-14,-0.018448,-0.020163,20
2020-10-15,0.019850,0.012161,20
2020-10-16,-0.017301,-0.012113,20
2020-10-19,-0.014347,-0.011410,20
2020-10-20,-0.008050,-0.007599,20
2020-10-21,-0.013730,-0.009860,20
2020-10-22,0.045839,0.040542,20
2020-10-23,-0.003555,-0.007726,20
2020-10-26,-0.045220,-0.045190,20
2020-10-27,-0.010440,-0.007680,20
2020-10-28,-0.036105,-0.038971,20
2020-10-29,0.016769,0.015094,20
2020-10-30,-0.030878,-0.034657,20
2020-11-02,0.016057,0.013601,20
2020-11-03,0.043294,0.040855,20
2020-11-04,-0.015318,-0.013696,20
2020-11-05,0.032199,0.037847,20
2020-11-06,-0.008600,-0.013427,20
2020-11-09,0.085989,0.069679,20
2020-11-10,0.021558,0.022696,20
2020-11-11,-0.007061,-0.001699,20
2020-11-12,0.003671,0.003071,20
2020-11-13,0.007172,0.005968,20
2020-11-16,0.021513,0.026017,20
2020-11-17,0.020637,0.010850,20
2020-11-18,-0.011459,-0.008813,20
2020-11-19,0.020840,0.013059,20
2020-11-20,0.024961,0.020313,20
2020-11-23,0.062751,0.051354,20
2020-11-24,0.015513,0.024625,20
2020-11-25,0.017821,0.011051,20
2020-11-27,0.025512,0.024266,20
2020-11-30,-0.011512,-0.009377,20
2020-12-01,-0.012417,-0.001959,20
2020-12-02,0.007334,0.005817,20
2020-12-03,0.007903,0.007799,20
2020-12-04,0.031925,0.035645,20
2020-12-07,-0.011742,0.002635,20
2020-12-08,0.020232,0.023310,20
2020-12-09,-0.039154,-0.024542,20
2020-12-10,0.009515,0.012967,20
2020-12-11,-0.010324,0.000778,20
2020-12-14,-0.008322,-0.004675,20
2020-12-15,0.046091,0.029382,20
2020-12-16,-0.000764,-0.008196,20
2020-12-17,0.032603,0.021350,20
2020-12-18,-0.018678,-0.008338,20
2020-12-21,0.001398,0.005519,20
2020-12-22,0.024823,0.016191,20
2020-12-23,0.014244,0.013042,20
2020-12-24,-0.017357,-0.016878,20
2020-12-28,-0.017946,-0.011055,20
2020-12-29,-0.026963,-0.029246,20
2020-12-30,0.012603,0.013363,20
2020-12-31,-0.033710,-0.024272,20
2021-01-04,0.002841,0.005786,20
2021-01-05,0.032909,0.024995,20
2021-01-06,0.028387,0.027546,20
2021-01-07,0.054762,0.070363,20
2021-01-08,-0.012062,-0.000442,20
2021-01-11,0.012821,0.015050,20
2021-01-12,0.030767,0.004041,20
2021-01-13,0.061850,0.032623,20
2021-01-14,0.090738,0.073235,20
2021-01-15,-0.044182,-0.029375,20
2021-01-19,0.041502,0.028518,20
2021-01-20,-0.011896,-0.004400,20
2021-01-21,0.008670,-0.008789,20
2021-01-22,0.110699,0.060915,20
2021-01-25,0.087599,0.085874,20
2021-01-26,0.295014,0.150775,20
2021-01-27,0.509556,0.321625,20
2021-01-28,-0.268368,-0.186115,20
2021-01-29,0.016521,0.025418,20
2021-02-01,0.059741,0.068986,20
2021-02-02,-0.011485,-0.009860,20
2021-02-03,-0.050368,-0.049681,20
2021-02-04,0.000394,0.003059,20
2021-02-05,-0.001238,-0.001755,20
2021-02-08,0.055237,0.058722,20
2021-02-09,0.029634,0.035856,20
2021-02-10,0.045520,0.050252,20
2021-02-11,-0.083451,-0.093481,20
2021-02-12,-0.014592,-0.013698,20
2021-02-16,0.007544,0.009988,20
2021-02-17,-0.003833,-0.005876,20
2021-02-18,-0.034613,-0.036095,20
2021-02-19,0.035429,0.038382,20
2021-02-22,-0.016583,-0.019064,20
2021-02-23,-0.035533,-0.037608,20
2021-02-24,0.031721,0.033398,20
2021-02-25,-0.041277,-0.048424,20
2021-02-26,-0.007748,0.001477,20
2021-03-01,0.029442,0.025280,20
2021-03-02,-0.017694,-0.012798,20
2021-03-03,-0.002350,-0.003239,20
2021-03-04,-0.038397,-0.038187,20
2021-03-05,0.002363,-0.000223,20
2021-03-08,0.002580,0.002812,20
2021-03-09,0.032945,0.031746,20
2021-03-10,0.015138,0.016268,20
2021-03-11,0.041756,0.036189,20
2021-03-12,-0.004671,-0.005325,20
2021-03-15,0.022331,0.018759,20
2021-03-16,-0.025261,-0.028073,20
2021-03-17,0.011318,0.011976,20
2021-03-18,-0.030114,-0.034863,20
2021-03-19,0.022447,0.023799,20
2021-03-22,-0.021418,-0.021391,20
2021-03-23,-0.046622,-0.047072,20
2021-03-24,-0.060193,-0.048177,20
2021-03-25,0.019447,0.025120,20
2021-03-26,-0.004799,-0.008268,20
2021-03-29,-0.038229,-0.036801,20
2021-03-30,0.022765,0.019585,20
2021-03-31,0.009532,0.011536,20
2021-04-01,0.016091,0.014007,20
2021-04-05,-0.008378,-0.006081,20
2021-04-06,0.008072,0.004024,20
2021-04-07,-0.035109,-0.029372,20
2021-04-08,0.005767,0.004391,20
2021-04-09,-0.000015,-0.008067,20
2021-04-12,-0.028572,-0.029859,20
2021-04-13,0.022572,0.017059,20
2021-04-14,0.001598,0.000511,20
2021-04-15,-0.007317,-0.008045,20
2021-04-16,0.008088,0.005747,20
2021-04-19,-0.007809,-0.008490,20
2021-04-20,-0.010775,-0.011609,20
2021-04-21,0.049896,0.053243,20
2021-04-22,0.010374,0.009518,20
2021-04-23,0.000756,0.007295,20
2021-04-26,0.045744,0.054076,20
2021-04-27,0.002285,-0.000515,20
2021-04-28,0.006622,0.008275,20
2021-04-29,-0.016077,-0.015501,20
2021-04-30,-0.007219,-0.006223,20
2021-05-03,-0.013696,-0.012352,20
2021-05-04,-0.027693,-0.032184,20
2021-05-05,-0.025671,-0.028640,20
2021-05-06,-0.025824,-0.027626,20
2021-05-07,0.021939,0.022150,20
2021-05-10,-0.019153,-0.016373,20
2021-05-11,0.007782,0.009255,20
2021-05-12,-0.045563,-0.047350,20
2021-05-13,-0.014316,-0.014170,20
2021-05-14,0.026262,0.022280,20
2021-05-17,0.017249,0.013603,20
2021-05-18,0.028069,0.025528,20
2021-05-19,-0.021651,-0.020787,20
2021-05-20,0.009859,0.009790,20
2021-05-21,-0.020217,-0.020185,20
2021-05-24,0.001789,-0.001185,20
2021-05-25,0.007994,0.010484,20
2021-05-26,0.048769,0.042488,20
2021-05-27,0.036030,0.036058,20
2021-05-28,-0.001598,0.000195,20
2021-06-01,0.033374,0.038287,20
2021-06-02,0.111756,0.113007,20
2021-06-03,-0.005087,-0.016140,20
2021-06-04,-0.017776,-0.006084,20
2021-06-07,0.044303,0.044541,20
2021-06-08,0.023340,0.026197,20
2021-06-09,0.026093,0.013796,20
2021-06-10,-0.045309,-0.035295,20
2021-06-11,0.013403,0.014220,20
2021-06-14,-0.006115,-0.004563,20
2021-06-15,-0.032575,-0.035677,20
2021-06-16,0.003597,0.004473,20
2021-06-17,-0.004876,-0.001126,20
2021-06-18,-0.009181,-0.009462,20
2021-06-21,0.011973,0.014245,20
2021-06-22,-0.000297,-0.000098,20
2021-06-23,0.029035,0.024009,20
2021-06-24,0.013580,0.012658,20
2021-06-25,0.018788,0.027406,20
2021-06-28,-0.011464,-0.018838,20
2021-06-29,-0.019102,-0.020648,20
2021-06-30,-0.039203,-0.038874,20
2021-07-01,-0.011339,-0.008477,20
2021-07-02,-0.030001,-0.028540,20
2021-07-06,-0.012895,-0.014395,20
2021-07-07,-0.036338,-0.032992,20
2021-07-08,-0.008176,-0.003414,20
2021-07-09,0.017618,0.015257,20
2021-07-12,-0.018476,-0.018289,20
2021-07-13,-0.017559,-0.021765,20
2021-07-14,-0.034520,-0.034364,20
2021-07-15,-0.005820,-0.005549,20
2021-07-16,-0.017889,-0.016844,20
2021-07-19,0.000444,0.001127,20
2021-07-20,0.026580,0.026698,20
2021-07-21,0.030894,0.029866,20
2021-07-22,-0.036313,-0.036145,20
2021-07-23,-0.076955,-0.069439,20
2021-07-26,-0.009881,-0.007831,20
2021-07-27,-0.011547,-0.011274,20
2021-07-28,0.038517,0.037677,20
2021-07-29,-0.015687,-0.015091,20
2021-07-30,-0.025665,-0.027039,20
2021-08-02,-0.000327,0.000993,20
2021-08-03,-0.001815,-0.001251,20
2021-08-04,-0.014209,-0.012909,20
2021-08-05,0.024070,0.022119,20
2021-08-06,0.006722,0.010208,20
2021-08-09,0.019803,0.017904,20
2021-08-10,-0.013713,-0.014858,20
2021-08-11,-0.017697,-0.016046,20
2021-08-12,0.000774,0.001505,20
2021-08-13,-0.033209,-0.029467,20
2021-08-16,-0.024701,-0.022528,20
2021-08-17,0.014534,0.012667,20
2021-08-18,-0.011009,-0.010242,20
2021-08-19,-0.039677,-0.037285,20
2021-08-20,0.020220,0.019134,20
2021-08-23,0.029383,0.031133,20
2021-08-24,0.042830,0.040961,20
2021-08-25,0.005603,0.009232,20
2021-08-26,-0.015241,-0.016151,20
2021-08-27,0.015883,0.016717,20
2021-08-30,-0.003499,-0.005246,20
2021-08-31,0.034257,0.035670,20
2021-09-01,-0.004735,-0.003722,20
2021-09-02,0.009903,0.008291,20
2021-09-03,-0.013529,-0.013035,20
2021-09-07,-0.006092,-0.005794,20
2021-09-08,-0.028212,-0.026027,20
2021-09-09,0.007997,0.008539,20
2021-09-10,-0.016510,-0.012997,20
2021-09-13,0.002839,-0.000797,20
2021-09-14,-0.031911,-0.031205,20
2021-09-15,0.000710,0.000513,20
2021-09-16,0.005141,0.005946,20
2021-09-17,0.012960,0.011817,20
2021-09-20,-0.041445,-0.040363,20
2021-09-21,0.002161,0.001840,20
2021-09-22,0.019141,0.022375,20
2021-09-23,0.015599,0.015584,20
2021-09-24,-0.015169,-0.014492,20
2021-09-27,0.023491,0.018195,20
2021-09-28,-0.027705,-0.029204,20
2021-09-29,-0.029036,-0.027727,20
2021-09-30,0.009771,0.009623,20
2021-10-01,-0.019915,-0.021368,20
2021-10-04,-0.035729,-0.034204,20
2021-10-05,0.007008,0.005807,20
2021-10-06,-0.009422,-0.007036,20
2021-10-07,0.018482,0.018105,20
2021-10-08,-0.007428,-0.008088,20
2021-10-11,0.020832,0.018342,20
2021-10-12,0.019526,0.017296,20
2021-10-13,0.011488,0.010454,20
2021-10-14,0.012779,0.013949,20
2021-10-15,-0.025158,-0.024171,20
2021-10-18,-0.006378,-0.003903,20
2021-10-19,0.029332,0.027650,20
2021-10-20,0.003028,0.003514,20
2021-10-21,-0.008265,-0.010477,20
2021-10-22,-0.028844,-0.028764,20
2021-10-25,0.015141,0.014324,20
2021-10-26,-0.010014,-0.011983,20
2021-10-27,-0.015720,-0.017112,20
2021-10-28,0.042234,0.040689,20
2021-10-29,-0.004533,-0.008697,20
2021-11-01,0.058738,0.064320,20
2021-11-02,0.023936,0.015253,20
2021-11-03,0.009857,0.019046,20
2021-11-04,-0.024232,-0.023678,20
2021-11-05,0.003370,0.007484,20
2021-11-08,0.021252,0.021328,20
2021-11-09,-0.016455,-0.013920,20
2021-11-10,-0.037001,-0.036001,20
2021-11-11,0.032302,0.030947,20
2021-11-12,0.026419,0.017591,20
2021-11-15,-0.008800,-0.008206,20
2021-11-16,-0.005359,-0.009790,20
2021-11-17,-0.032697,-0.030636,20
2021-11-18,-0.033879,-0.038887,20
2021-11-19,0.000483,-0.001412,20
2021-11-22,-0.024501,-0.017150,20
2021-11-23,-0.029542,-0.023367,20
2021-11-24,-0.001345,-0.002077,20
2021-11-26,-0.027161,-0.027942,20
2021-11-29,-0.012977,-0.012876,20
2021-11-30,-0.011837,-0.012361,20
2021-12-01,-0.066350,-0.066081,20
2021-12-02,0.021669,0.021591,20
2021-12-03,-0.062070,-0.062113,20
2021-12-06,0.019077,0.019314,20
2021-12-07,0.047979,0.051416,20
2021-12-08,0.018341,0.019983,20
2021-12-09,-0.024146,-0.026950,20
2021-12-10,-0.022843,-0.023391,20
2021-12-13,-0.024693,-0.025962,20
2021-12-14,-0.016544,-0.017188,20
2021-12-15,0.014256,0.016660,20
2021-12-16,-0.024894,-0.027921,20
2021-12-17,0.044574,0.045652,20
2021-12-20,-0.023659,-0.022477,20
2021-12-21,0.018475,0.017660,20
2021-12-22,0.000306,-0.000983,20
2021-12-23,0.016704,0.014609,20
2021-12-27,-0.017160,-0.013441,20
2021-12-28,-0.034495,-0.033289,20
2021-12-29,-0.027989,-0.023073,20
2021-12-30,0.024676,0.024169,20
2021-12-31,-0.020565,-0.018302,20
2022-01-03,0.036259,0.033217,20
2022-01-04,-0.009468,-0.009518,20
2022-01-05,-0.053328,-0.050025,20
2022-01-06,-0.015081,-0.014166,20
2022-01-07,-0.003094,-0.003576,20
2022-01-10,-0.006783,-0.008074,20
2022-01-11,0.021116,0.024273,20
2022-01-12,-0.007406,-0.006328,20
2022-01-13,-0.027631,-0.026838,20
2022-01-14,0.011434,0.009391,20
2022-01-18,-0.047641,-0.045578,20
2022-01-19,-0.013130,-0.010886,20
2022-01-20,-0.023549,-0.025445,20
2022-01-21,-0.036245,-0.034328,20
2022-01-24,-0.005993,-0.007474,20
2022-01-25,0.010151,0.006553,20
2022-01-26,-0.027160,-0.028467,20
2022-01-27,-0.056227,-0.055013,20
2022-01-28,0.028695,0.029043,20
2022-01-31,0.086300,0.085965,20
2022-02-01,0.022020,0.020841,20
2022-02-02,-0.047197,-0.044716,20
2022-02-03,-0.027199,-0.027236,20
2022-02-04,0.045990,0.044721,20
2022-02-07,0.019751,0.021644,20
2022-02-08,0.011257,0.011887,20
2022-02-09,0.070002,0.068787,20
2022-02-10,-0.027390,-0.026570,20
2022-02-11,-0.031423,-0.036775,20
2022-02-14,-0.027527,-0.028726,20
2022-02-15,0.074878,0.079422,20
2022-02-16,-0.026239,-0.019789,20
2022-02-17,-0.057978,-0.056198,20
2022-02-18,-0.039414,-0.034870,20
2022-02-22,-0.027133,-0.024904,20
2022-02-23,-0.013704,-0.028591,20
2022-02-24,0.088665,0.080032,20
2022-02-25,0.007849,0.006054,20
2022-02-28,0.036650,0.035582,20
2022-03-01,-0.005850,-0.005381,20
2022-03-02,0.006347,0.007287,20
2022-03-03,-0.033337,-0.036611,20
2022-03-04,-0.032609,-0.030777,20
2022-03-07,-0.021546,-0.022136,20
2022-03-08,0.040032,0.039500,20
2022-03-09,0.036953,0.036397,20
2022-03-10,-0.019143,-0.020655,20
2022-03-11,-0.055980,-0.052444,20
2022-03-14,-0.070001,-0.069656,20
2022-03-15,0.039393,0.038593,20
2022-03-16,0.067133,0.063822,20
2022-03-17,0.075080,0.075833,20
2022-03-18,0.036617,0.035450,20
2022-03-21,-0.028649,-0.029232,20
2022-03-22,0.043503,0.041929,20
2022-03-23,-0.009382,-0.009104,20
2022-03-24,0.024196,0.022829,20
2022-03-25,-0.021349,-0.020336,20
2022-03-28,0.030792,0.033445,20
2022-03-29,0.066722,0.062435,20
2022-03-30,-0.038698,-0.041192,20
2022-03-31,-0.020060,-0.020380,20
2022-04-01,0.002228,0.000738,20
2022-04-04,0.044035,0.041255,20
2022-04-05,-0.054449,-0.054681,20
2022-04-06,-0.031884,-0.030668,20
2022-04-07,-0.030068,-0.027647,20
2022-04-08,-0.033045,-0.031558,20
2022-04-11,-0.013120,-0.015481,20
2022-04-12,-0.015674,-0.015947,20
2022-04-13,0.029672,0.027843,20
2022-04-14,-0.041404,-0.041136,20
2022-04-18,-0.044105,-0.042200,20
2022-04-19,0.031587,0.030580,20
2022-04-20,-0.033631,-0.031846,20
2022-04-21,-0.046218,-0.045180,20
2022-04-22,-0.020699,-0.023204,20
2022-04-25,0.031291,0.028440,20
2022-04-26,-0.072206,-0.069067,20
2022-04-27,-0.004259,-0.006202,20
2022-04-28,0.017155,0.015344,20
2022-04-29,-0.043509,-0.045394,20
2022-05-02,0.052389,0.049228,20
2022-05-03,0.003511,0.005011,20
2022-05-04,0.043595,0.044503,20
2022-05-05,-0.086347,-0.085625,20
2022-05-06,-0.052090,-0.053585,20
2022-05-09,-0.107019,-0.102833,20
2022-05-10,0.015754,0.017683,20
2022-05-11,-0.100043,-0.097158,20
2022-05-12,0.056569,0.055878,20
2022-05-13,0.085476,0.083201,20
2022-05-16,-0.030039,-0.028395,20
2022-05-17,0.061636,0.061720,20
2022-05-18,-0.059246,-0.055067,20
2022-05-19,0.035292,0.030172,20
2022-05-20,-0.025996,-0.025118,20
2022-05-23,-0.008700,-0.004412,20
2022-05-24,-0.052689,-0.049000,20
2022-05-25,0.034575,0.035651,20
2022-05-26,0.028682,0.023385,20
2022-05-27,0.070563,0.074878,20
2022-05-31,-0.027088,-0.029506,20
2022-06-01,-0.042912,-0.041073,20
2022-06-02,0.067004,0.072594,20
2022-06-03,-0.036433,-0.034072,20
2022-06-06,-0.038304,-0.045237,20
2022-06-07,0.023140,0.024478,20
2022-06-08,0.001917,0.001076,20
2022-06-09,-0.057429,-0.054513,20
2022-06-10,-0.044286,-0.043095,20
2022-06-13,-0.063936,-0.058654,20
2022-06-14,0.016022,0.015474,20
2022-06-15,0.047877,0.044440,20
2022-06-16,-0.044899,-0.041838,20
2022-06-17,0.050993,0.047835,20
2022-06-21,0.022723,0.020362,20
2022-06-22,0.027959,0.031646,20
2022-06-23,0.050667,0.048313,20
2022-06-24,0.013796,0.014611,20
2022-06-27,0.021813,0.030235,20
2022-06-28,-0.046028,-0.042693,20
2022-06-29,-0.019217,-0.021704,20
2022-06-30,-0.025637,-0.021914,20
2022-07-01,0.011033,0.013249,20
2022-07-05,0.067640,0.062766,20
2022-07-06,-0.005033,-0.005832,20
2022-07-07,0.069578,0.069202,20
2022-07-08,0.003085,0.001115,20
2022-07-11,-0.052824,-0.050593,20
2022-07-12,0.011929,0.013318,20
2022-07-13,0.011188,0.010259,20
2022-07-14,-0.021301,-0.020569,20
2022-07-15,0.017634,0.017472,20
2022-07-18,0.010146,0.008115,20
2022-07-19,0.046974,0.044937,20
2022-07-20,0.034239,0.034574,20
2022-07-21,0.010335,0.006638,20
2022-07-22,-0.068872,-0.066398,20
2022-07-25,-0.010500,-0.008248,20
2022-07-26,-0.031704,-0.031023,20
2022-07-27,0.033427,0.034775,20
2022-07-28,0.019076,0.019940,20
2022-07-29,-0.002788,-0.004286,20
2022-08-01,-0.005021,-0.002730,20
2022-08-02,0.035657,0.033843,20
2022-08-03,0.045422,0.045016,20
2022-08-04,0.016477,0.015992,20
2022-08-05,0.016109,0.012782,20
2022-08-08,0.033908,0.033785,20
2022-08-09,-0.041719,-0.044887,20
2022-08-10,0.081974,0.080478,20
2022-08-11,0.019124,0.021850,20
2022-08-12,0.041654,0.038435,20
2022-08-15,-0.009248,-0.007948,20
2022-08-16,0.008362,0.002799,20
2022-08-17,-0.059215,-0.060289,20
2022-08-18,-0.027590,-0.025428,20
2022-08-19,-0.056145,-0.057501,20
2022-08-22,-0.053973,-0.053751,20
2022-08-23,0.003922,0.003207,20
2022-08-24,0.025354,0.027065,20
2022-08-25,0.012761,0.012736,20
2022-08-26,-0.059115,-0.060732,20
2022-08-29,-0.001978,-0.005011,20
2022-08-30,-0.019812,-0.013876,20
2022-08-31,0.005436,0.004353,20
2022-09-01,-0.015020,-0.011050,20
2022-09-02,-0.019000,-0.020500,20
2022-09-06,-0.026504,-0.027360,20
2022-09-07,0.025381,0.030856,20
2022-09-08,0.030076,0.028843,20
2022-09-09,0.048299,0.037830,20
2022-09-12,0.015774,0.015685,20
2022-09-13,-0.039389,-0.045645,20
2022-09-14,0.009631,0.012529,20
2022-09-15,0.006135,0.005398,20
2022-09-16,-0.043358,-0.043363,20
2022-09-19,0.003000,0.002352,20
2022-09-20,-0.031004,-0.030754,20
2022-09-21,-0.020898,-0.019525,20
2022-09-22,-0.039080,-0.041374,20
2022-09-23,-0.034289,-0.030975,20
2022-09-26,-0.032646,-0.034976,20
2022-09-27,0.018968,0.020745,20
2022-09-28,0.037182,0.042259,20
2022-09-29,-0.054915,-0.052031,20
2022-09-30,-0.005002,-0.006264,20
2022-10-03,0.031700,0.026448,20
2022-10-04,0.068122,0.067844,20
2022-10-05,-0.028409,-0.026904,20
2022-10-06,-0.005098,-0.006232,20
2022-10-07,-0.059122,-0.057298,20
2022-10-10,-0.053429,-0.044022,20
2022-10-11,-0.014636,-0.012035,20
2022-10-12,0.001551,0.002483,20
2022-10-13,0.040197,0.035439,20
2022-10-14,-0.062452,-0.061631,20
2022-10-17,0.052695,0.054808,20
2022-10-18,0.010158,0.007603,20
2022-10-19,-0.048304,-0.044546,20
2022-10-20,-0.019549,-0.020760,20
2022-10-21,0.033137,0.031109,20
2022-10-24,-0.007034,-0.009832,20
2022-10-25,0.049619,0.053649,20
2022-10-26,-0.001242,0.000928,20
2022-10-27,-0.030212,-0.022060,20
2022-10-28,0.025340,0.027085,20
2022-10-31,-0.004830,-0.006381,20
2022-11-01,-0.006609,-0.006504,20
2022-11-02,-0.033139,-0.035387,20
2022-11-03,-0.024002,-0.024013,20
2022-11-04,0.014662,0.014609,20
2022-11-07,-0.020959,-0.020298,20
2022-11-08,0.002606,0.003047,20
2022-11-09,-0.072621,-0.067603,20
2022-11-10,0.089017,0.094873,20
2022-11-11,0.066783,0.066708,20
2022-11-14,-0.020020,-0.025258,20
2022-11-15,0.042136,0.030392,20
2022-11-16,-0.069280,-0.063554,20
2022-11-17,-0.016915,-0.020090,20
2022-11-18,-0.005443,-0.006463,20
2022-11-21,-0.048173,-0.039176,20
2022-11-22,0.006315,0.006097,20
2022-11-23,0.013860,0.010231,20
2022-11-25,-0.012245,-0.009613,20
2022-11-28,-0.038695,-0.039290,20
2022-11-29,0.008776,0.005552,20
2022-11-30,0.060301,0.053479,20
2022-12-01,-0.011510,-0.008400,20
2022-12-02,0.033386,0.031791,20
2022-12-05,-0.041932,-0.039937,20
2022-12-06,-0.063098,-0.071815,20
2022-12-07,-0.020193,-0.022825,20
2022-12-08,0.006460,0.004753,20
2022-12-09,-0.006988,-0.013498,20
2022-12-12,-0.018393,-0.008029,20
2022-12-13,0.000195,0.000942,20
2022-12-14,-0.009727,-0.010018,20
2022-12-15,-0.047582,-0.041652,20
2022-12-16,-0.011031,-0.008839,20
2022-12-19,-0.029905,-0.042004,20
2022-12-20,-0.011892,-0.008501,20
2022-12-21,0.010135,0.011271,20
2022-12-22,-0.026908,-0.028061,20
2022-12-23,-0.015047,-0.019677,20
2022-12-27,-0.054862,-0.055465,20
2022-12-28,-0.023675,-0.024577,20
2022-12-29,0.056875,0.057859,20
2022-12-30,0.006203,0.006135,20
2023-01-03,-0.017803,-0.015599,20
2023-01-04,0.063760,0.064283,20
2023-01-05,-0.015106,-0.016219,20
2023-01-06,0.018852,0.016988,20
2023-01-09,0.053686,0.041969,20
2023-01-10,0.057631,0.048423,20
2023-01-11,0.021289,0.022897,20
2023-01-12,0.101471,0.109578,20
2023-01-13,0.012312,0.008658,20
2023-01-17,0.018547,0.027183,20
2023-01-18,-0.042912,-0.037836,20
2023-01-19,-0.029036,-0.036114,20
2023-01-20,0.049538,0.043858,20
2023-01-23,0.051767,0.047984,20
2023-01-24,-0.015821,-0.009681,20
2023-01-25,0.000216,-0.000887,20
2023-01-26,0.007682,0.005362,20
2023-01-27,0.039409,0.036518,20
2023-01-30,-0.049972,-0.046084,20
2023-01-31,0.038934,0.036736,20
2023-02-01,0.036382,0.035841,20
2023-02-02,0.064222,0.058968,20
2023-02-03,-0.032847,-0.029077,20
2023-02-06,-0.004238,-0.004244,20
2023-02-07,-0.024901,-0.025192,20
2023-02-08,-0.032961,-0.035128,20
2023-02-09,-0.058009,-0.053228,20
2023-02-10,-0.012586,-0.009700,20
2023-02-13,0.001491,0.000923,20
2023-02-14,0.013013,0.007032,20
2023-02-15,0.085933,0.063503,20
2023-02-16,-0.044703,-0.030229,20
2023-02-17,0.012844,0.009422,20
2023-02-21,-0.050448,-0.050991,20
2023-02-22,0.009460,0.010184,20
2023-02-23,-0.010322,-0.008724,20
2023-02-24,-0.034519,-0.031270,20
2023-02-27,0.013897,0.015118,20
2023-02-28,0.012607,0.006513,20
2023-03-01,-0.059691,-0.048181,20
2023-03-02,-0.007233,-0.007120,20
2023-03-03,0.035296,0.032523,20
2023-03-06,-0.022445,-0.020628,20
2023-03-07,-0.033860,-0.029525,20
2023-03-08,-0.003985,-0.000478,20
2023-03-09,-0.062620,-0.060384,20
2023-03-10,-0.034753,-0.038851,20
2023-03-13,0.036054,0.030844,20
2023-03-14,-0.011826,-0.006809,20
2023-03-15,-0.014295,-0.015816,20
2023-03-16,0.026081,0.022505,20
2023-03-17,-0.014251,-0.014472,20
2023-03-20,-0.008447,-0.007908,20
2023-03-21,0.037364,0.037388,20
2023-03-22,-0.056711,-0.057012,20
2023-03-23,0.004098,0.002909,20
2023-03-24,-0.008738,-0.010655,20
2023-03-27,-0.015273,-0.014694,20
2023-03-28,0.003177,0.001999,20
2023-03-29,0.041046,0.039773,20
2023-03-30,-0.004789,-0.006658,20
2023-03-31,0.028166,0.026613,20
2023-04-03,0.003505,0.004168,20
2023-04-04,-0.029398,-0.031549,20
2023-04-05,-0.031414,-0.030577,20
2023-04-06,0.029294,0.029394,20
2023-04-10,0.017777,0.023546,20
2023-04-11,0.045120,0.044214,20
2023-04-12,-0.023724,-0.024849,20
2023-04-13,0.057077,0.057834,20
2023-04-14,-0.018043,-0.018229,20
2023-04-17,0.019370,0.018922,20
2023-04-18,-0.011539,-0.008369,20
2023-04-19,-0.009961,-0.012600,20
2023-04-20,-0.041731,-0.038762,20
2023-04-21,0.009010,0.007549,20
2023-04-24,-0.014372,-0.013696,20
2023-04-25,-0.025549,-0.025485,20
2023-04-26,0.010011,0.010818,20
2023-04-27,0.015893,0.018818,20
2023-04-28,0.015725,0.018302,20
2023-05-01,-0.009324,-0.006060,20
2023-05-02,-0.028397,-0.028390,20
2023-05-03,0.019758,0.021213,20
2023-05-04,0.012833,0.012516,20
2023-05-05,0.032157,0.036371,20
2023-05-08,0.000897,0.006462,20
2023-05-09,0.015138,0.012259,20
2023-05-10,-0.010975,-0.007678,20
2023-05-11,-0.038272,-0.039831,20
2023-05-12,-0.022620,-0.022035,20
2023-05-15,0.031370,0.030354,20
2023-05-16,-0.028432,-0.025834,20
2023-05-17,0.043536,0.044869,20
2023-05-18,-0.005535,-0.006807,20
2023-05-19,-0.012897,-0.013403,20
2023-05-22,0.050945,0.047284,20
2023-05-23,0.001254,0.001556,20
2023-05-24,-0.024171,-0.022438,20
2023-05-25,-0.033658,-0.031225,20
2023-05-26,0.008406,0.005536,20
2023-05-30,0.024673,0.028385,20
2023-05-31,0.006013,0.002215,20
2023-06-01,0.017089,0.018740,20
2023-06-02,0.016053,0.017715,20
2023-06-05,-0.006783,-0.011755,20
2023-06-06,0.050547,0.049703,20
2023-06-07,0.019448,0.021397,20
2023-06-08,-0.016904,-0.016466,20
2023-06-09,-0.038940,-0.031230,20
2023-06-12,0.024898,0.023563,20
2023-06-13,0.048477,0.041286,20
2023-06-14,-0.032591,-0.034157,20
2023-06-15,0.012393,0.008903,20
2023-06-16,-0.024231,-0.022919,20
2023-06-20,-0.022436,-0.020729,20
2023-06-21,-0.011519,-0.008742,20
2023-06-22,-0.032235,-0.032565,20
2023-06-23,-0.018537,-0.020982,20
2023-06-26,-0.018271,-0.019360,20
2023-06-27,0.030958,0.030115,20
2023-06-28,0.013063,0.009813,20
2023-06-29,0.022640,0.020156,20
2023-06-30,0.024260,0.024993,20
2023-07-03,0.021372,0.022210,20
2023-07-05,-0.002473,-0.004948,20
2023-07-06,-0.027394,-0.030054,20
2023-07-07,0.029767,0.029258,20
2023-07-10,0.074485,0.070770,20
2023-07-11,0.018849,0.019295,20
2023-07-12,0.018854,0.018549,20
2023-07-13,0.021865,0.025573,20
2023-07-14,-0.034046,-0.032850,20
2023-07-17,0.017416,0.019890,20
2023-07-18,0.003342,0.002908,20
2023-07-19,0.006869,0.010711,20
2023-07-20,-0.024711,-0.027284,20
2023-07-21,-0.010398,-0.006434,20
2023-07-24,0.011243,0.008189,20
2023-07-25,-0.011508,-0.011861,20
2023-07-26,0.020096,0.021433,20
2023-07-27,-0.031151,-0.042281,20
2023-07-28,0.056831,0.043548,20
2023-07-31,0.042179,0.043601,20
2023-08-01,-0.034420,-0.031929,20
2023-08-02,-0.048237,-0.043389,20
2023-08-03,-0.023356,-0.011922,20
2023-08-04,-0.015689,-0.011975,20
2023-08-07,-0.028068,-0.028424,20
2023-08-08,-0.002852,-0.003187,20
2023-08-09,-0.029431,-0.028777,20
2023-08-10,-0.015238,-0.018940,20
2023-08-11,-0.003292,-0.001701,20
2023-08-14,-0.049878,-0.035809,20
2023-08-15,-0.017145,-0.011664,20
2023-08-16,-0.041483,-0.040122,20
2023-08-17,-0.014188,-0.016213,20
2023-08-18,-0.000435,0.005070,20
2023-08-21,0.005680,-0.001945,20
2023-08-22,-0.002102,-0.007738,20
2023-08-23,0.010443,0.016144,20
2023-08-24,-0.041642,-0.048978,20
2023-08-25,0.017565,0.019619,20
2023-08-28,0.004565,0.008461,20
2023-08-29,0.037264,0.035574,20
2023-08-30,-0.002971,-0.004828,20
2023-08-31,-0.020754,-0.018682,20
2023-09-01,0.026144,0.027680,20
2023-09-05,-0.010169,-0.013872,20
2023-09-06,-0.038883,-0.041832,20
2023-09-07,-0.013592,-0.011057,20
2023-09-08,-0.016189,-0.015051,20
2023-09-11,-0.014512,-0.012976,20
2023-09-12,0.004995,0.002285,20
2023-09-13,-0.025620,-0.025524,20
2023-09-14,0.021768,0.019382,20
2023-09-15,-0.023440,-0.020690,20
2023-09-18,-0.014124,-0.015404,20
2023-09-19,0.008131,0.007144,20
2023-09-20,-0.035201,-0.036156,20
2023-09-21,-0.032737,-0.031349,20
2023-09-22,-0.004233,-0.006124,20
2023-09-25,0.001811,0.002988,20
2023-09-26,-0.014845,-0.015182,20
2023-09-27,0.009462,0.008837,20
2023-09-28,0.007259,0.007114,20
2023-09-29,-0.000683,-0.002838,20
2023-10-02,-0.037363,-0.040803,20
2023-10-03,-0.032009,-0.035077,20
2023-10-04,0.006305,0.004796,20
2023-10-05,-0.012309,-0.007613,20
2023-10-06,0.025259,0.021734,20
2023-10-09,-0.012840,-0.009738,20
2023-10-10,0.039142,0.040969,20
2023-10-11,0.002589,0.002183,20
2023-10-12,-0.041451,-0.043412,20
2023-10-13,-0.013738,-0.013150,20
2023-10-16,0.015986,0.017051,20
2023-10-17,0.018901,0.020605,20
2023-10-18,-0.044040,-0.044573,20
2023-10-19,-0.031528,-0.030235,20
2023-10-20,-0.022662,-0.022265,20
2023-10-23,-0.019848,-0.019098,20
2023-10-24,0.019480,0.020369,20
2023-10-25,-0.028218,-0.028691,20
2023-10-26,0.000062,0.006152,20
2023-10-27,-0.019720,-0.026310,20
2023-10-30,0.010831,0.012382,20
2023-10-31,0.020688,0.024115,20
2023-11-01,0.008706,0.009660,20
2023-11-02,0.090200,0.095369,20
2023-11-03,0.039820,0.044230,20
2023-11-06,-0.046529,-0.051564,20
2023-11-07,0.001607,0.002211,20
2023-11-08,-0.032741,-0.035058,20
2023-11-09,-0.026406,-0.029503,20
2023-11-10,-0.022244,-0.024534,20
2023-11-13,-0.010948,-0.010050,20
2023-11-14,0.096575,0.098729,20
2023-11-15,0.034118,0.034921,20
2023-11-16,-0.039821,-0.037203,20
2023-11-17,0.037066,0.038504,20
2023-11-20,0.011088,0.011904,20
2023-11-21,-0.049046,-0.048317,20
2023-11-22,0.006323,0.008334,20
2023-11-24,0.017404,0.017526,20
2023-11-27,-0.016446,-0.016287,20
2023-11-28,0.029014,0.027008,20
2023-11-29,0.036864,0.037997,20
2023-11-30,0.003092,0.007725,20
2023-12-01,0.087207,0.089043,20
2023-12-04,0.041111,0.044155,20
2023-12-05,-0.041019,-0.044346,20
2023-12-06,0.004395,0.003220,20
2023-12-07,-0.001660,-0.002662,20
2023-12-08,0.031868,0.031499,20
2023-12-11,-0.037960,-0.041350,20
2023-12-12,-0.012379,-0.009863,20
2023-12-13,0.093797,0.097141,20
2023-12-14,0.066409,0.069753,20
2023-12-15,-0.028950,-0.030843,20
2023-12-18,-0.027741,-0.032775,20
2023-12-19,0.032262,0.035364,19
2023-12-20,-0.050363,-0.047699,19
2023-12-21,0.028371,0.027945,19
2023-12-22,0.000393,0.004197,19
2023-12-26,0.025213,0.023523,19
2023-12-27,0.009481,0.010941,19
2023-12-28,-0.014205,-0.014462,19
2023-12-29,-0.027967,-0.031454,19
2024-01-02,-0.023923,-0.032116,19
2024-01-03,-0.036591,-0.035627,19
2024-01-04,0.055164,0.037084,19
2024-01-05,-0.005847,0.000293,19
2024-01-08,0.029594,0.032828,19
2024-01-09,-0.024494,-0.023360,19
2024-01-10,-0.028586,-0.036869,19
2024-01-11,-0.026603,-0.029841,19
2024-01-12,-0.032273,-0.032220,20
2024-01-16,-0.036826,-0.033999,20
2024-01-17,-0.008008,-0.003552,20
2024-01-18,-0.012721,-0.013801,20
2024-01-19,0.004701,0.012378,20
2024-01-22,0.044567,0.044884,20
2024-01-23,0.017300,0.017092,20
2024-01-24,-0.027311,-0.025456,20
2024-01-25,0.002493,0.001935,20
2024-01-26,-0.008617,-0.006293,20
2024-01-29,0.041613,0.046269,20
2024-01-30,-0.029900,-0.030792,20
2024-01-31,-0.017117,-0.016820,20
2024-02-01,0.031022,0.032207,20
2024-02-02,-0.007054,-0.006734,20
2024-02-05,-0.016894,-0.015942,20
2024-02-06,0.034217,0.033605,20
2024-02-07,-0.018021,-0.018977,20
2024-02-08,0.024554,0.026661,20
2024-02-09,0.019332,0.021720,20
2024-02-12,0.022619,0.022651,20
2024-02-13,-0.058161,-0.061367,20
2024-02-14,0.043875,0.051951,20
2024-02-15,0.028096,0.034545,20
2024-02-16,-0.028846,-0.028217,20
2024-02-20,-0.031497,-0.029337,20
2024-02-21,-0.034424,-0.036686,20
2024-02-22,0.021000,0.017450,20
2024-02-23,-0.001152,-0.003924,20
2024-02-26,0.035110,0.039224,20
2024-02-27,0.045471,0.046030,20
2024-02-28,-0.056659,-0.057602,20
2024-02-29,0.024105,0.016784,20
2024-03-01,0.013913,0.015351,20
2024-03-04,-0.002276,-0.006742,20
2024-03-05,-0.025027,-0.029671,20
2024-03-06,0.001283,-0.001022,20
2024-03-07,0.011720,0.013394,20
2024-03-08,0.000783,0.003126,20
2024-03-11,-0.029275,-0.032760,20
2024-03-12,0.000784,-0.003739,20
2024-03-13,0.010849,0.009626,20
2024-03-14,-0.040289,-0.039664,20
2024-03-15,0.005800,0.005829,20
2024-03-18,-0.017982,-0.020265,20
2024-03-19,-0.001482,-0.000935,20
2024-03-20,0.038300,0.040570,20
2024-03-21,0.007852,0.010912,20
2024-03-22,-0.037435,-0.039830,20
2024-03-25,0.005227,0.000244,20
2024-03-26,-0.023289,-0.021311,20
2024-03-27,0.046499,0.047118,20
2024-03-28,-0.002166,0.000194,20
2024-04-01,-0.019400,-0.019272,20
2024-04-02,-0.039303,-0.039611,20
2024-04-03,0.011631,0.010851,20
2024-04-04,-0.014118,-0.011790,20
2024-04-05,0.002094,0.001531,20
2024-04-08,0.003685,0.002532,20
2024-04-09,0.001328,0.000169,20
2024-04-10,-0.043263,-0.042087,20
2024-04-11,0.015206,0.015272,20
2024-04-12,-0.032471,-0.032926,20
2024-04-15,-0.040486,-0.040317,20
2024-04-16,-0.012423,-0.012081,20
2024-04-17,-0.015295,-0.017563,20
2024-04-18,-0.006725,-0.006352,20
2024-04-19,-0.009651,-0.010627,20
2024-04-22,0.000989,-0.000215,20
2024-04-23,0.030668,0.031247,20
2024-04-24,-0.013748,-0.013374,20
2024-04-25,-0.022048,-0.017262,20
2024-04-26,0.026518,0.024423,20
2024-04-29,0.018105,0.017157,20
2024-04-30,-0.020078,-0.021132,20
2024-05-01,0.028068,0.031813,20
2024-05-02,0.052779,0.056121,20
2024-05-03,0.016373,0.015084,20
2024-05-06,0.013997,0.012437,20
2024-05-07,-0.010549,-0.009882,20
2024-05-08,-0.017901,-0.017207,20
2024-05-09,0.002099,0.007070,20
2024-05-10,0.020033,0.009382,20
2024-05-13,0.117419,0.109357,20
2024-05-14,0.079473,0.085308,20
2024-05-15,-0.029101,-0.029485,20
2024-05-16,-0.009948,-0.007806,20
2024-05-17,-0.020716,-0.019311,20
2024-05-20,0.005757,0.002950,20
2024-05-21,-0.013052,-0.013298,20
2024-05-22,0.026291,0.031786,20
2024-05-23,-0.042255,-0.044935,20
2024-05-24,0.023695,0.024502,20
2024-05-28,0.014965,0.015999,20
2024-05-29,-0.037658,-0.040873,20
2024-05-30,0.019666,0.023991,20
2024-05-31,-0.009933,-0.011782,20
2024-06-03,0.033498,0.035596,20
2024-06-04,-0.025647,-0.026479,20
2024-06-05,0.043253,0.044241,20
2024-06-06,0.007363,0.013735,20
2024-06-07,-0.099096,-0.097654,20
2024-06-10,0.005979,0.006133,20
2024-06-11,0.017011,0.020694,20
2024-06-12,-0.004004,-0.004845,20
2024-06-13,-0.016686,-0.015833,20
2024-06-14,-0.031375,-0.032727,20
2024-06-17,-0.015853,-0.016399,20
2024-06-18,-0.030772,-0.033373,20
2024-06-20,0.003715,0.003709,20
2024-06-21,0.004844,0.005351,20
2024-06-24,0.016073,0.015656,20
2024-06-25,-0.005737,-0.003832,20
2024-06-26,-0.013009,-0.012745,20
2024-06-27,0.018473,0.017632,20
2024-06-28,-0.017688,-0.017952,20
2024-07-01,-0.015149,-0.015077,20
2024-07-02,-0.019465,-0.021224,20
2024-07-03,0.021529,0.020096,20
2024-07-05,0.010365,0.010761,20
2024-07-08,0.015453,0.016587,20
2024-07-09,0.003393,0.002296,20
2024-07-10,0.022626,0.024310,20
2024-07-11,0.081957,0.068055,20
2024-07-12,0.042436,0.039810,20
2024-07-15,0.024560,0.025385,20
2024-07-16,0.065855,0.067300,20
2024-07-17,-0.026431,-0.026397,20
2024-07-18,-0.056625,-0.056164,20
2024-07-19,-0.032317,-0.032030,20
2024-07-22,0.010947,0.014182,20
2024-07-23,0.019069,0.020949,20
2024-07-24,-0.043090,-0.041313,20
2024-07-25,0.002808,0.008458,20
2024-07-26,0.028096,0.026711,20
2024-07-29,-0.035876,-0.036067,20
2024-07-30,-0.009784,-0.011359,20
2024-07-31,0.011391,0.012256,20
2024-08-01,-0.059427,-0.060469,20
2024-08-02,-0.036196,-0.039544,20
2024-08-05,-0.014454,-0.018207,20
2024-08-06,-0.003837,0.000487,20
2024-08-07,-0.045974,-0.049055,20
2024-08-08,0.039619,0.042818,20
2024-08-09,-0.020739,-0.021738,20
2024-08-12,-0.025408,-0.024101,20
2024-08-13,0.043378,0.042790,20
2024-08-14,-0.014975,-0.014676,20
2024-08-15,0.032592,0.031864,20
2024-08-16,-0.006948,-0.006424,20
2024-08-19,0.020426,0.022508,20
2024-08-20,-0.023917,-0.026093,20
2024-08-21,0.042526,0.043304,20
2024-08-22,-0.032677,-0.031826,20
2024-08-23,0.055805,0.059139,20
2024-08-26,-0.000229,-0.000108,20
2024-08-27,-0.017724,-0.019256,20
2024-08-28,-0.023867,-0.022550,20
2024-08-29,0.016935,0.018846,20
2024-08-30,-0.004874,-0.005129,20
2024-09-03,-0.060750,-0.062765,20
2024-09-04,0.004596,0.005441,20
2024-09-05,-0.013559,-0.013772,20
2024-09-06,-0.020060,-0.020230,20
2024-09-09,0.010365,0.009951,20
2024-09-10,0.027199,0.028779,20
2024-09-11,0.034810,0.034665,20
2024-09-12,0.020768,0.022317,20
2024-09-13,0.029277,0.030029,20
2024-09-16,0.002673,0.004507,20
2024-09-17,0.008669,0.008063,20
2024-09-18,-0.009735,-0.008791,20
2024-09-19,0.007859,0.007195,20
2024-09-20,-0.016971,-0.018175,20
2024-09-23,-0.016181,-0.018122,20
2024-09-24,0.024035,0.023513,20
2024-09-25,-0.016367,-0.017157,20
2024-09-26,0.026042,0.026082,20
2024-09-27,0.012283,0.010750,20
2024-09-30,-0.016148,-0.012696,20
2024-10-01,-0.045904,-0.043397,20
2024-10-02,0.020682,0.020075,20
2024-10-03,0.002209,0.004664,20
2024-10-04,0.023174,0.022131,20
2024-10-07,-0.004926,-0.004455,20
2024-10-08,-0.007838,-0.009118,20
2024-10-09,-0.003511,-0.004837,20
2024-10-10,-0.016167,-0.016754,20
2024-10-11,0.048133,0.048465,20
2024-10-14,0.003289,0.003560,20
2024-10-15,0.015984,0.017816,20
2024-10-16,0.022359,0.021928,20
2024-10-17,-0.014021,-0.013355,20
2024-10-18,0.014492,0.014258,20
2024-10-21,-0.007500,-0.006634,20
2024-10-22,-0.003171,-0.004274,20
2024-10-23,-0.024937,-0.023846,20
2024-10-24,0.046587,0.035467,20
2024-10-25,-0.008456,-0.005422,20
2024-10-28,0.024317,0.031087,20
2024-10-29,-0.018022,-0.016483,20
2024-10-30,-0.017227,-0.017512,20
2024-10-31,-0.045471,-0.047006,20
2024-11-01,0.012566,0.014188,20
2024-11-04,0.003306,0.003700,20
2024-11-05,0.026407,0.026303,20
2024-11-06,-0.020355,-0.022491,20
2024-11-07,-0.030299,-0.029532,20
2024-11-08,-0.005434,-0.005224,20
2024-11-11,0.018586,0.019871,20
2024-11-12,-0.050051,-0.050898,20
2024-11-13,-0.023048,-0.026691,20
2024-11-14,-0.016301,-0.017561,20
2024-11-15,-0.039410,-0.038984,20
2024-11-18,0.012368,0.015756,20
2024-11-19,0.015371,0.014840,20
2024-11-20,0.005704,0.005722,20
2024-11-21,0.004881,0.007582,20
2024-11-22,0.043647,0.048204,20
2024-11-25,0.063236,0.064548,20
2024-11-26,-0.041755,-0.041633,20
2024-11-27,0.016249,0.018936,20
2024-11-29,0.030449,0.031723,20
2024-12-02,0.012404,0.011159,20
2024-12-03,-0.036003,-0.036309,20
2024-12-04,0.002499,0.005867,20
2024-12-05,-0.010343,-0.011016,20
2024-12-06,0.032319,0.032633,20
2024-12-09,0.015873,0.011567,20
2024-12-10,-0.038854,-0.035257,20
2024-12-11,-0.004104,-0.002981,20
2024-12-12,-0.031328,-0.032346,20
2024-12-13,0.004068,0.005338,20
2024-12-16,0.025728,0.026890,20
2024-12-17,-0.005571,-0.008501,20
2024-12-18,-0.052751,-0.052523,20
2024-12-19,-0.007003,-0.000257,20
2024-12-20,0.038757,0.037667,20
2024-12-23,0.028897,0.026018,20
2024-12-24,0.008640,0.004531,20
2024-12-26,0.074546,0.070943,20
2024-12-27,-0.007305,0.001242,20
2024-12-30,-0.022246,-0.011745,20
2024-12-31,-0.038173,-0.043890,20
2025-01-02,0.053005,0.056791,20
2025-01-03,0.097290,0.111021,20
2025-01-06,0.023582,0.019625,20
2025-01-07,-0.011040,-0.009486,20
2025-01-08,-0.087522,-0.095283,20
2025-01-10,-0.023371,-0.021630,20
2025-01-13,-0.048964,-0.052119,20
2025-01-14,0.023785,0.015446,20
2025-01-15,0.022381,0.043161,20
2025-01-16,0.000833,0.000806,20
2025-01-17,0.008923,0.013897,20
2025-01-21,0.008449,0.006049,20
2025-01-22,-0.010836,-0.010882,20
2025-01-23,0.023777,0.027410,20
2025-01-24,0.008355,0.012947,20
2025-01-27,-0.034142,-0.045587,20
2025-01-28,-0.003078,-0.008052,20
2025-01-29,-0.003861,-0.003328,20
2025-01-30,0.034418,0.036609,20
2025-01-31,-0.024847,-0.026173,20
2025-02-03,-0.026641,-0.025102,20
2025-02-04,0.025957,0.026275,20
2025-02-05,-0.008070,-0.009268,20
2025-02-06,-0.005055,-0.004621,20
2025-02-07,-0.017946,-0.017361,20
2025-02-10,0.001847,0.000670,20
2025-02-11,-0.051622,-0.055195,20
2025-02-12,0.011986,0.010278,20
2025-02-13,0.041089,0.040930,20
2025-02-14,0.022031,0.022293,20
2025-02-18,0.014781,0.014861,20
2025-02-19,0.005045,0.017912,20
2025-02-20,-0.000497,0.001988,20
2025-02-21,-0.055970,-0.060476,20
2025-02-24,-0.048301,-0.054525,20
2025-02-25,-0.047297,-0.052849,20
2025-02-26,0.022110,0.019288,20
2025-02-27,-0.029489,-0.027634,20
2025-02-28,0.015716,0.017301,20
2025-03-03,-0.066313,-0.072214,20
2025-03-04,0.047107,0.033259,20
2025-03-05,0.046935,0.054815,20
2025-03-06,-0.037860,-0.045240,20
2025-03-07,0.033903,0.034841,20
2025-03-10,-0.055009,-0.060081,20
2025-03-11,-0.016180,-0.017372,20
2025-03-12,0.001313,-0.001525,20
2025-03-13,-0.026476,-0.026833,20
2025-03-14,0.039271,0.049198,20
2025-03-17,0.025847,0.022043,20
2025-03-18,-0.030918,-0.035199,20
2025-03-19,0.038220,0.041145,20
2025-03-20,-0.002536,-0.012606,20
2025-03-21,0.015623,0.011693,20
2025-03-24,0.051840,0.050702,20
2025-03-25,-0.016182,-0.022674,20
2025-03-26,-0.040270,-0.042055,20
2025-03-27,-0.014005,-0.022625,20
2025-03-28,-0.062457,-0.066736,20
2025-03-31,-0.031810,-0.029666,20
2025-04-01,-0.001821,-0.000447,20
2025-04-02,0.028259,0.030544,20
2025-04-03,-0.067159,-0.064983,20
2025-04-04,-0.029466,-0.028708,20
2025-04-07,-0.003055,0.002616,20
2025-04-08,-0.072198,-0.072611,20
2025-04-09,0.132827,0.128499,20
2025-04-10,-0.055316,-0.052765,20
2025-04-11,0.048607,0.045741,20
2025-04-14,0.002442,0.005028,20
2025-04-15,-0.017895,-0.021959,20
2025-04-16,-0.024944,-0.023930,20
2025-04-17,0.037607,0.035929,20
2025-04-21,-0.018105,-0.021964,20
2025-04-22,0.048730,0.055509,20
2025-04-23,0.007787,0.007418,20
2025-04-24,0.036985,0.036747,20
2025-04-25,0.009653,0.010163,20
2025-04-28,0.030214,0.025570,20
2025-04-29,-0.022951,-0.022600,20
2025-04-30,-0.011696,-0.012597,20
2025-05-01,0.007719,0.006302,20
2025-05-02,0.033255,0.031130,20
2025-05-05,-0.055372,-0.052258,20
2025-05-06,-0.030970,-0.028598,20
2025-05-07,0.021103,0.024206,20
2025-05-08,0.044585,0.047919,20
2025-05-09,-0.016937,-0.012715,20
2025-05-12,0.057454,0.058023,20
2025-05-13,0.017151,0.014366,20
2025-05-14,-0.012532,-0.013086,20
2025-05-15,0.004683,0.005864,20
2025-05-16,0.046806,0.042238,20
2025-05-19,-0.024906,-0.013323,20
2025-05-20,0.000497,0.002101,20
2025-05-21,-0.064879,-0.056121,20
2025-05-22,0.011800,0.008043,20
2025-05-23,-0.018797,-0.016537,20
2025-05-27,0.031873,0.029386,20
2025-05-28,-0.006023,-0.012409,20
2025-05-29,-0.020040,-0.019501,20
2025-05-30,-0.023718,-0.020683,20
2025-06-02,0.024044,0.025753,20
2025-06-03,0.047230,0.049707,20
2025-06-04,0.049827,0.049517,20
2025-06-05,-0.031884,-0.030281,20
2025-06-06,0.061860,0.060308,20
2025-06-09,0.014210,0.013187,20
2025-06-10,0.016350,0.016938,20
2025-06-11,-0.015452,-0.017823,20
2025-06-12,-0.013647,-0.009849,20
2025-06-13,-0.028508,-0.024702,20
2025-06-16,0.033792,0.031212,20
2025-06-17,-0.048457,-0.052566,20
2025-06-18,0.000990,-0.006148,20
2025-06-20,-0.016130,-0.016843,20
2025-06-23,-0.013704,-0.012042,20
2025-06-24,0.042810,0.045465,20
2025-06-25,0.025809,0.009439,20
2025-06-26,0.071811,0.048485,20
2025-06-27,-0.041691,-0.033465,20
2025-06-30,0.000851,0.001941,20
2025-07-01,0.006813,0.010198,20
2025-07-02,0.047799,0.051522,20
2025-07-03,0.018971,0.019759,20
2025-07-07,-0.020225,-0.017580,20
2025-07-08,0.032298,0.019916,20
2025-07-09,0.033510,0.036016,20
2025-07-10,0.028123,0.024210,20
2025-07-11,-0.019957,-0.019866,20
2025-07-14,0.021833,0.021264,20
2025-07-15,-0.019973,-0.018329,20
2025-07-16,0.020593,0.019979,20
2025-07-17,0.025414,0.025036,20
2025-07-18,0.016377,0.013020,20
2025-07-21,0.040593,0.032651,20
2025-07-22,0.060494,0.053430,20
2025-07-23,0.019746,0.027655,20
2025-07-24,-0.017919,-0.020225,20
2025-07-25,-0.014072,-0.015115,20
2025-07-28,-0.023269,-0.022577,20
2025-07-29,-0.046417,-0.045320,20
2025-07-30,-0.033702,-0.034779,20
2025-07-31,-0.004425,-0.004722,20
2025-08-01,-0.018266,-0.017871,20
2025-08-04,0.031055,0.029410,20
2025-08-05,0.010450,0.013158,20
2025-08-06,-0.007086,-0.004900,20
2025-08-07,0.005301,0.010121,20
2025-08-08,-0.020684,-0.021794,20
2025-08-11,0.000590,-0.001036,20
2025-08-12,0.015051,0.015487,20
2025-08-13,0.033181,0.030007,20
2025-08-14,0.018712,0.025078,20
2025-08-15,0.011305,0.012592,20
2025-08-18,0.008989,0.014055,20
2025-08-19,-0.030994,-0.028277,20
2025-08-20,-0.000199,0.004942,20
2025-08-21,-0.012854,-0.014382,20
2025-08-22,0.040334,0.041975,20
2025-08-25,-0.016404,-0.015903,20
2025-08-26,0.007610,0.008021,20
2025-08-27,0.014492,0.011728,20
2025-08-28,-0.001462,0.000648,20
2025-08-29,-0.011208,-0.009791,20
2025-09-02,-0.002221,-0.001212,20
2025-09-03,0.007370,0.006323,20
2025-09-04,-0.009154,-0.006075,20
2025-09-05,0.029540,0.030840,20
2025-09-08,-0.008369,-0.010551,20
2025-09-09,0.030768,0.031516,20
2025-09-10,-0.028371,-0.027346,20
2025-09-11,0.044430,0.041370,20
2025-09-12,0.028033,0.024160,20
2025-09-15,0.012213,0.013707,20
2025-09-16,0.002874,0.005243,20
2025-09-17,0.014587,0.016646,20
2025-09-18,0.044372,0.036416,20
2025-09-19,0.015276,0.009493,20
2025-09-22,0.035460,0.039610,20
2025-09-23,-0.022471,-0.024097,20
2025-09-24,-0.005031,-0.002770,20
2025-09-25,-0.023351,-0.022962,19
2025-09-26,-0.011707,-0.016276,20
2025-09-29,0.001130,0.006135,20
2025-09-30,0.019104,0.017706,20
2025-10-01,0.060161,0.057858,20
2025-10-02,0.026892,0.023696,20
2025-10-03,0.026719,0.026015,20
2025-10-06,0.021462,0.023877,20
2025-10-07,-0.021827,-0.017581,20
2025-10-08,0.029727,0.018355,20
2025-10-09,0.002265,0.006989,20
2025-10-10,-0.036904,-0.030262,20
2025-10-13,0.034646,0.039846,20
2025-10-14,0.040035,0.038895,20
2025-10-15,0.057555,0.050848,20
2025-10-16,-0.053292,-0.051557,20
2025-10-17,-0.031686,-0.027653,20
2025-10-20,0.056369,0.049544,20
2025-10-21,-0.036017,-0.031838,20
2025-10-22,-0.038119,-0.036463,20
2025-10-23,-0.008965,-0.007954,20
2025-10-24,0.025430,0.022074,20
2025-10-27,0.010888,0.008329,20
2025-10-28,-0.014128,-0.008208,20
2025-10-29,-0.009828,-0.010404,20
2025-10-30,-0.015616,-0.016824,20
2025-10-31,0.022091,0.020889,20
2025-11-03,-0.016324,-0.016833,20
2025-11-04,-0.055558,-0.054801,20
2025-11-05,0.022377,0.023583,20
2025-11-06,-0.012274,-0.011616,20
2025-11-07,-0.000381,-0.003572,20
2025-11-10,-0.000635,0.001664,20
2025-11-11,0.021299,0.023539,20
2025-11-12,-0.023020,-0.021264,20
2025-11-13,-0.060603,-0.059575,20
2025-11-14,-0.035295,-0.031471,20
2025-11-17,-0.034826,-0.035432,20
2025-11-18,0.021942,0.025054,20
2025-11-19,-0.014528,-0.014820,20
2025-11-20,-0.034184,-0.032268,20
2025-11-21,0.009944,0.008678,20
2025-11-24,0.042164,0.046309,20
2025-11-25,0.014127,0.011556,20
2025-11-26,0.037534,0.037109,20
2025-11-28,0.023780,0.021617,20
2025-12-01,-0.020662,-0.021523,20
2025-12-02,-0.025627,-0.024436,20
2025-12-03,0.290892,0.262519,20
2025-12-04,-0.007990,-0.005512,20
2025-12-05,0.001206,0.000920,20
2025-12-08,0.019188,0.018109,20
2025-12-09,-0.006264,-0.005151,20
2025-12-10,0.005703,0.004326,20
2025-12-11,0.003034,0.003892,20
2025-12-12,-0.049921,-0.047843,20
2025-12-15,-0.048785,-0.050191,20
2025-12-16,0.005086,0.006680,20
2025-12-17,-0.010929,-0.026107,20
2025-12-18,0.002685,0.008870,20
2025-12-19,0.025826,0.032683,20
2025-12-22,0.024724,0.023342,20
2025-12-23,-0.019540,-0.021147,20
2025-12-24,0.004153,0.004795,20
2025-12-26,-0.026094,-0.025923,20
2025-12-29,-0.010800,-0.007813,20
2025-12-30,-0.013133,-0.013715,20
2025-12-31,0.006242,0.008046,20
2026-01-02,0.057039,0.058928,20
2026-01-05,0.038414,0.038169,20
2026-01-06,0.016251,0.013918,20
2026-01-07,0.017920,0.015313,20
2026-01-08,0.005646,0.010062,20
2026-01-09,-0.005420,-0.002720,20
2026-01-12,0.030073,0.027670,20
2026-01-13,-0.000796,0.001242,20
2026-01-14,0.030227,0.031450,20
2026-01-15,-0.028721,-0.024175,20
2026-01-16,0.030515,0.032332,20
2026-01-20,-0.026514,-0.025137,20
2026-01-21,0.040437,0.034117,20
2026-01-22,0.043279,0.044409,20
2026-01-23,-0.029504,-0.024644,20
2026-01-26,-0.020303,-0.018236,20
2026-01-27,0.015999,0.014563,20
2026-01-28,-0.023255,-0.020244,20
2026-01-29,-0.018983,-0.015649,20
2026-01-30,-0.039123,-0.046265,20
2026-02-02,0.004380,0.003241,20
2026-02-03,0.007840,0.010117,20
2026-02-04,-0.040071,-0.040247,20
2026-02-05,-0.099736,-0.079643,20
2026-02-06,0.056591,0.068961,20
2026-02-09,0.010543,0.012718,20
2026-02-10,-0.020916,-0.013606,20
2026-02-11,-0.026370,-0.019948,20
2026-02-12,-0.035547,-0.030127,20
2026-02-13,0.009258,0.018913,20
2026-02-17,-0.026761,-0.012067,20
2026-02-18,0.003346,0.012320,20
2026-02-19,0.005922,0.007977,20
2026-02-20,-0.044599,-0.034375,20
2026-02-23,0.027588,0.011859,20
2026-02-24,0.028913,0.043825,20
2026-02-25,0.017706,0.000115,20
2026-02-26,-0.006256,-0.000677,20
2026-02-27,-0.035744,-0.037365,20
2026-03-02,0.020289,0.025286,20
2026-03-03,-0.037491,-0.038279,20
2026-03-04,0.047163,0.049081,20
2026-03-05,0.000069,0.003264,20
2026-03-06,-0.013417,-0.012789,20
2026-03-09,0.033329,0.038701,20
2026-03-10,-0.006556,-0.007608,20
2026-03-11,-0.003604,-0.005296,20
2026-03-12,-0.034320,-0.035885,20
2026-03-13,-0.002146,-0.003546,20
2026-03-16,0.009208,0.010161,20
2026-03-17,0.010971,0.011569,20
2026-03-18,-0.026730,-0.029689,20
2026-03-19,0.010331,0.010871,20
2026-03-20,-0.035264,-0.034893,20
2026-03-23,0.033148,0.032299,20
2026-03-24,-0.032578,-0.035813,20
2026-03-25,0.017386,0.021983,20
2026-03-26,-0.033619,-0.035316,20
2026-03-27,-0.043998,-0.040935,20
2026-03-30,-0.039040,-0.041267,20
2026-03-31,0.071989,0.071462,20
2026-04-01,-0.004734,-0.003483,20
2026-04-02,0.025262,0.025422,20
2026-04-06,0.003843,0.004368,20
2026-04-07,-0.010046,-0.010900,20
2026-04-08,0.037111,0.034599,20
2026-04-09,0.006792,0.013640,20
2026-04-10,-0.006281,-0.005486,20
2026-04-13,0.032746,0.033169,20
2026-04-14,0.046772,0.047456,20
2026-04-15,0.044415,0.043092,20
2026-04-16,-0.004367,0.001893,20
2026-04-17,0.027620,0.027115,20
2026-04-20,0.002334,0.004039,20
2026-04-21,-0.019664,-0.017562,20
2026-04-22,0.031214,0.027236,20
2026-04-23,-0.026418,-0.026590,20
2026-04-24,-0.005360,-0.003354,20
2026-04-27,-0.009285,-0.008015,20
2026-04-28,-0.016843,-0.016397,20
2026-04-29,-0.026253,-0.025760,20
2026-04-30,0.049418,0.047656,20
2026-05-01,-0.002363,-0.000009,20
2026-05-04,0.018562,0.019960,20
2026-05-05,0.001724,0.007588,20
2026-05-06,0.056944,0.058990,20
2026-05-07,-0.030341,-0.023311,20
2026-05-08,0.025661,0.026521,20
2026-05-11,0.017790,0.016060,20
2026-05-12,-0.019038,-0.024865,20
2026-05-13,0.026763,0.031923,20
2026-05-14,0.027663,0.030100,20
2026-05-15,-0.046811,-0.049284,20
2026-05-18,-0.026875,-0.027979,20
2026-05-19,-0.019004,-0.020316,20
2026-05-20,0.046948,0.047552,20
2026-05-21,0.023480,0.021822,20
2026-05-22,-0.001480,0.002403,20
2026-05-26,0.032944,0.037232,20
2026-05-27,0.030755,0.024697,20
2026-05-28,0.047620,0.041558,20
2026-05-29,0.012082,0.009745,20
2026-06-01,-0.006056,-0.016231,20
2026-06-02,-0.025550,-0.023552,20
2026-06-03,-0.031430,-0.033009,20
2026-06-04,0.035049,0.027070,20
2026-06-05,-0.087242,-0.076601,20
2026-06-08,-0.011185,-0.011487,20
2026-06-09,-0.019692,-0.017366,20
2026-06-10,-0.044245,-0.039051,20
2026-06-11,0.026985,0.026829,20
2026-06-12,-0.002037,-0.000071,20
2026-06-15,0.033967,0.033043,20
2026-06-16,-0.020562,-0.017711,20
2026-06-17,0.002055,0.004090,20
2026-06-18,0.036479,0.022933,20
2026-06-22,-0.015845,-0.010995,20
2026-06-23,-0.013793,-0.012824,20
2026-06-24,-0.014670,-0.015223,20
2026-06-25,-0.006094,-0.015764,20
2026-06-26,0.036402,0.036307,20
2026-06-29,0.032128,0.029052,20
2026-06-30,0.000824,-0.000464,20
2026-07-01,-0.014425,-0.017715,20
2026-07-02,-0.008649,-0.007937,20
2026-07-06,0.008680,0.002024,20
2026-07-07,-0.033078,-0.029362,20
2026-07-08,-0.012308,-0.008322,20
2026-07-09,0.006683,0.003279,20
2026-07-10,-0.039300,-0.037585,20
2026-07-13,-0.049454,-0.047799,20
2026-07-14,0.012437,0.010635,20
2026-07-15,-0.001393,-0.000494,20
2026-07-16,-0.053392,-0.049901,20
2026-07-17,-0.002980,-0.000277,20
2026-07-20,-0.013993,-0.013199,20
2026-07-21,0.038675,0.037906,20
2026-07-22,-0.018689,-0.016227,20
2026-07-23,-0.033460,-0.026725,20
2026-07-24,-0.023519,-0.026895,20
2026-07-27,0.023409,0.021504,20
2026-07-28,-0.013261,-0.019008,20
2026-07-29,-0.037148,-0.042326,20
2026-07-30,0.057739,0.072039,20
2026-07-31,-0.046543,-0.062982,20
2026-08-03,0.048112,0.049705,20
2026-08-04,0.052313,0.054329,20
2026-08-05,-0.027735,-0.025537,20
2026-08-06,-0.024464,-0.012938,20
2026-08-07,0.037294,0.031532,20
2026-08-10,-0.001191,-0.012461,20
2026-08-11,0.033371,0.032115,20
2026-08-12,0.011063,0.014491,20
