t_et,side,symbol,entry,exit,reason,pts,hold_min
2023-03-30 14:00:00,long,NQM3,13032.5,13061.14,target,28.44,27
2023-03-31 08:00:00,long,NQM3,13074.0,13112.31,target,38.11,31
2023-04-03 05:00:00,long,NQM3,13208.0,13221.44,target,13.24,16
2023-04-03 06:00:00,long,NQM3,13219.75,13241.8,target,21.85,217
2023-04-03 19:00:00,short,NQM3,13247.5,13290.16,stop,-42.86,620
2023-04-04 14:00:00,long,NQM3,13228.0,13188.56,stop,-39.64,32
2023-04-04 20:00:00,short,NQM3,13240.75,13226.27,target,14.28,108
2023-04-05 08:00:00,short,NQM3,13210.0,13177.42,target,32.38,85
2023-04-06 14:00:00,long,NQM3,13172.25,13184.25,timeout,11.8,1155
2023-04-12 07:45:00,short,NQM3,13084.25,13058.99,target,25.06,44
2023-04-12 12:45:00,short,NQM3,13065.75,13105.62,stop,-40.07,27
2023-04-13 16:45:00,long,NQM3,13188.0,13236.05,target,47.85,1026
2023-04-14 14:45:00,long,NQM3,13164.5,13212.13,target,47.43,3075
2023-04-17 08:45:00,long,NQM3,13170.75,13179.7,target,8.75,7
2023-04-17 09:45:00,long,NQM3,13174.25,13172.11,target,-2.34,0
2023-04-19 09:45:00,long,NQM3,13110.0,13132.48,target,22.28,55
2023-04-19 11:45:00,long,NQM3,13160.75,13177.78,target,16.83,12
2023-04-19 15:45:00,long,NQM3,13190.5,13125.48,stop,-65.22,238
2023-04-20 11:45:00,short,NQM3,13136.75,13135.38,target,1.17,4
2023-04-27 15:45:00,long,NQM3,13234.0,13262.46,target,28.26,16
2023-04-27 18:45:00,long,NQM3,13209.75,13238.77,target,28.82,886
2023-05-01 09:45:00,long,NQM3,13299.75,13314.92,target,14.97,3
2023-05-02 05:45:00,short,NQM3,13321.75,13311.82,target,9.73,13
2023-05-02 13:45:00,short,NQM3,13189.75,13255.36,stop,-65.81,1455
2023-05-03 14:45:00,short,NQM3,13245.75,13238.48,target,7.07,2
2023-05-04 13:45:00,short,NQM3,13105.5,13059.93,target,45.37,45
2023-05-04 14:45:00,long,NQM3,13059.5,13095.52,target,35.82,295
2023-05-04 19:45:00,short,NQM3,13092.5,13076.26,target,16.04,445
2023-05-05 05:45:00,long,NQM3,13122.75,13099.85,stop,-23.1,165
2023-05-08 04:45:00,long,NQM3,13309.75,13356.26,target,46.31,603
2023-05-10 10:45:00,long,NQM3,13333.5,13355.7,target,22.0,37
2023-05-12 15:45:00,short,NQM3,13384.5,13352.62,target,31.68,3187
2023-05-18 19:45:00,short,NQM3,13930.0,13879.26,target,50.54,752
2023-05-19 08:45:00,short,NQM3,13903.5,13869.46,target,33.84,78
2023-05-19 10:45:00,short,NQM3,13885.5,13853.01,target,32.29,45
2023-05-23 11:45:00,short,NQM3,13869.75,13847.61,target,21.94,21
2023-05-24 05:45:00,short,NQM3,13716.5,13711.1,target,5.2,12
2023-05-24 13:45:00,long,NQM3,13637.75,13753.23,target,115.28,156
2023-05-24 16:45:00,short,NQM3,13804.75,13895.05,stop,-90.5,741
2023-05-25 06:45:00,long,NQM3,13902.25,13913.7,target,11.25,55
2023-05-25 09:45:00,long,NQM3,13897.5,13896.79,target,-0.91,0
2023-05-30 11:45:00,short,NQM3,14458.75,14438.25,target,20.3,20
2023-05-31 06:45:00,short,NQM3,14364.25,14353.52,target,10.53,54
2023-05-31 09:45:00,short,NQM3,14384.5,14354.19,target,30.11,23
2023-05-31 13:45:00,short,NQM3,14344.0,14292.3,target,51.5,145
2023-05-31 16:45:00,short,NQM3,14292.0,14276.02,target,15.78,240
2023-06-01 04:45:00,short,NQM3,14299.0,14286.83,target,11.97,210
2023-06-02 04:45:00,long,NQM3,14519.25,14562.92,target,43.47,34
2023-06-02 08:45:00,long,NQM3,14515.5,14531.58,target,15.88,21
2023-06-08 05:45:00,long,NQM3,14343.0,14288.06,stop,-55.14,150
2023-06-08 08:45:00,long,NQM3,14353.0,14399.77,target,46.57,80
2023-06-08 10:45:00,long,NQM3,14437.5,14451.32,target,13.62,11
2023-06-08 11:45:00,long,NQM3,14490.75,14513.34,target,22.39,11
2023-06-08 12:45:00,long,NQM3,14493.0,14517.65,target,24.45,231
2023-06-08 18:45:00,short,NQM3,14511.5,14469.04,target,42.26,523
2023-06-09 06:45:00,long,NQM3,14486.5,14496.39,target,9.69,3
2023-06-12 06:45:00,long,NQM3,14610.25,14626.29,target,15.84,21
2023-06-13 07:45:00,short,NQU3,15013.75,15076.68,stop,-63.13,45
2023-06-13 11:45:00,short,NQU3,15070.75,15062.12,target,8.43,13
2023-06-13 12:45:00,short,NQU3,15089.75,15063.51,target,26.04,27
2023-06-13 13:45:00,short,NQU3,15104.5,15075.6,target,28.7,18
2023-06-13 18:45:00,short,NQU3,15115.75,15106.6,target,8.95,35
2023-06-14 09:45:00,long,NQU3,15100.25,15131.78,target,31.33,20
2023-06-14 10:45:00,short,NQU3,15167.75,15208.06,stop,-40.51,39
2023-06-14 13:45:00,short,NQU3,15129.0,15119.05,target,9.75,15
2023-06-15 10:45:00,short,NQU3,15245.25,15314.93,stop,-69.88,53
2023-06-16 06:45:00,short,NQU3,15385.5,15423.56,stop,-38.26,52
2023-06-21 14:45:00,short,NQU3,15129.0,15078.11,target,50.69,48
2023-06-22 08:45:00,long,NQU3,14999.25,15008.31,target,8.86,48
2023-06-22 09:45:00,long,NQU3,15046.25,15179.13,target,132.68,125
2023-06-22 12:45:00,long,NQU3,15132.75,15166.94,target,33.99,107
2023-06-23 07:45:00,short,NQU3,15131.0,15113.11,target,17.69,19
2023-06-26 19:45:00,long,NQU3,14886.25,14925.01,target,38.56,648
2023-06-27 16:45:00,long,NQU3,15089.5,15108.33,target,18.63,1054
2023-06-28 18:45:00,short,NQU3,15178.5,15080.88,target,97.42,887
2023-06-29 14:45:00,long,NQU3,15067.25,15082.6,target,15.15,15
2023-06-30 16:45:00,short,NQU3,15314.25,15376.54,stop,-62.49,3559
2023-07-03 10:45:00,long,NQU3,15325.25,15334.72,target,9.27,95
2023-07-03 12:45:00,short,NQU3,15346.75,15339.13,target,7.42,348
2023-07-06 12:30:00,long,NQU3,15201.0,15249.96,target,48.76,139
2023-07-06 15:30:00,long,NQU3,15237.5,15297.29,target,59.59,1024
2023-07-07 09:30:00,long,NQU3,15221.5,15186.61,stop,-35.09,64
2023-07-10 04:30:00,long,NQU3,15137.75,15173.6,target,35.65,205
2023-07-11 13:30:00,long,NQU3,15197.75,15209.32,target,11.37,86
2023-07-13 07:30:00,long,NQU3,15538.5,15568.01,target,29.31,60
2023-07-13 19:30:00,short,NQU3,15716.5,15767.19,stop,-50.89,843
2023-07-14 14:30:00,long,NQU3,15719.0,15748.43,target,29.23,4020
2023-07-17 11:30:00,long,NQU3,15781.25,15821.25,target,39.8,150
2023-07-21 04:30:00,short,NQU3,15657.0,15564.66,target,92.14,358
2023-07-21 12:30:00,long,NQU3,15573.75,15605.37,target,31.42,41
2023-07-24 11:30:00,long,NQU3,15554.75,15569.87,target,14.92,32
2023-07-24 13:30:00,long,NQU3,15557.5,15568.4,target,10.7,8
2023-07-24 15:30:00,long,NQU3,15528.25,15594.56,target,66.11,752
2023-07-25 18:30:00,long,NQU3,15635.75,15663.77,target,27.82,485
2023-07-26 05:30:00,long,NQU3,15648.5,15573.25,stop,-75.45,244
2023-07-26 11:30:00,long,NQU3,15548.75,15605.1,target,56.15,162
2023-07-27 10:30:00,short,NQU3,15769.5,15855.45,stop,-86.15,122
2023-07-27 14:30:00,short,NQU3,15614.25,15574.93,target,39.12,8
2023-07-28 15:30:00,long,NQU3,15842.75,15869.35,target,26.4,3044
2023-07-31 04:30:00,long,NQU3,15838.75,15885.3,target,46.35,251
2023-07-31 13:30:00,long,NQU3,15828.5,15884.52,target,55.82,506
2023-08-02 05:30:00,short,NQU3,15634.0,15603.43,target,30.37,247
2023-08-02 18:30:00,long,NQU3,15479.5,15493.08,target,13.38,30
2023-08-03 06:30:00,long,NQU3,15416.5,15366.58,stop,-50.12,123
2023-08-03 14:30:00,long,NQU3,15467.75,15479.03,target,11.08,13
2023-08-03 18:30:00,long,NQU3,15456.0,15470.13,target,13.93,26
2023-08-07 05:30:00,long,NQU3,15427.5,15440.13,target,12.43,10
2023-08-07 06:30:00,long,NQU3,15399.25,15426.01,target,26.56,131
2023-08-07 10:30:00,long,NQU3,15423.5,15421.8,target,-1.9,0
2023-08-09 07:30:00,short,NQU3,15365.75,15352.66,target,12.89,120
2023-08-09 13:30:00,long,NQU3,15246.25,15196.16,stop,-50.29,136
2023-08-10 12:30:00,long,NQU3,15234.25,15201.42,stop,-33.03,29
2023-08-14 10:30:00,long,NQU3,15147.0,15186.35,target,39.15,5
2023-08-17 04:30:00,short,NQU3,14967.25,14951.83,target,15.22,310
2023-08-22 09:30:00,long,NQU3,15091.25,15099.76,target,8.31,1468
2023-08-23 15:30:00,long,NQU3,15225.5,15306.25,target,80.55,51
2023-08-24 05:30:00,short,NQU3,15369.0,15310.58,target,58.22,241
2023-08-25 08:30:00,long,NQU3,14898.25,14849.8,stop,-48.65,127
2023-08-25 13:30:00,long,NQU3,14866.0,15034.35,target,168.15,3965
2023-08-28 11:30:00,long,NQU3,15013.0,15100.55,target,87.35,95
2023-08-28 14:30:00,long,NQU3,15024.25,15054.97,target,30.52,25
2023-08-28 20:30:00,long,NQU3,15095.75,15142.53,target,46.58,420
2023-08-29 04:30:00,long,NQU3,15081.75,15095.53,target,13.58,7
2023-08-29 05:30:00,long,NQU3,15088.5,15097.85,target,9.15,21
2023-08-29 06:30:00,long,NQU3,15098.25,15143.97,target,45.52,195
2023-08-29 18:30:00,short,NQU3,15439.5,15412.41,target,26.89,505
2023-08-30 04:30:00,long,NQU3,15378.75,15409.2,target,30.25,225
2023-08-30 11:30:00,long,NQU3,15461.75,15483.49,target,21.54,6
2023-08-31 05:30:00,long,NQU3,15477.25,15486.1,target,8.65,52
2023-08-31 06:30:00,long,NQU3,15489.0,15504.17,target,14.97,61
2023-09-01 05:30:00,short,NQU3,15565.25,15552.03,target,13.02,28
2023-09-01 06:30:00,short,NQU3,15560.25,15550.68,target,9.37,190
2023-09-05 12:30:00,short,NQU3,15541.5,15533.54,target,7.76,40
2023-09-05 15:30:00,short,NQU3,15550.75,15537.51,target,13.04,22
2023-09-06 07:30:00,short,NQU3,15504.25,15461.0,target,43.05,126
2023-09-06 16:30:00,long,NQU3,15387.0,15325.88,stop,-61.32,608
2023-09-12 11:30:00,short,NQZ3,15544.25,15615.28,stop,-71.23,115
2023-09-13 09:30:00,long,NQZ3,15502.25,15463.01,stop,-39.44,46
2023-09-13 10:30:00,long,NQZ3,15526.75,15580.19,target,53.24,35
2023-09-14 05:30:00,long,NQZ3,15606.0,15616.81,target,10.61,51
2023-09-18 04:30:00,long,NQZ3,15411.75,15354.85,stop,-57.1,189
2023-09-18 10:30:00,long,NQZ3,15405.75,15329.08,stop,-76.87,1381
2023-09-22 06:30:00,long,NQZ3,14922.5,14935.68,target,12.98,20
2023-09-22 13:30:00,long,NQZ3,14942.5,14892.17,stop,-50.53,42
2023-09-27 08:30:00,long,NQZ3,14739.0,14750.63,target,11.43,1
2023-09-28 05:30:00,long,NQZ3,14693.5,14736.37,target,42.67,29
2023-09-28 07:30:00,long,NQZ3,14708.25,14760.57,target,52.12,61
2023-10-02 07:30:00,long,NQZ3,14904.5,14851.66,stop,-53.04,51
2023-10-03 16:30:00,long,NQZ3,14726.5,14763.76,target,37.06,945
2023-10-04 08:30:00,long,NQZ3,14769.0,14813.42,target,44.22,68
2023-10-09 08:30:00,long,NQZ3,15014.5,14975.74,stop,-38.96,11
2023-10-10 13:30:00,short,NQZ3,15288.25,15360.28,stop,-72.23,1202
2023-10-12 15:30:00,long,NQZ3,15302.25,15270.63,stop,-31.82,818
2023-10-13 07:30:00,short,NQZ3,15273.0,15239.06,target,33.74,200
2023-10-16 09:30:00,long,NQZ3,15180.75,15213.82,target,32.87,3
2023-10-16 11:30:00,long,NQZ3,15301.75,15218.36,stop,-83.59,115
2023-10-16 15:30:00,long,NQZ3,15330.5,15334.22,target,3.52,0
2023-10-19 05:30:00,short,NQZ3,15005.25,15102.97,stop,-97.92,219
2023-10-23 14:30:00,long,NQZ3,14783.5,14748.21,stop,-35.49,43
2023-10-24 04:30:00,long,NQZ3,14769.0,14785.97,target,16.77,46
2023-10-24 05:30:00,long,NQZ3,14792.25,14800.73,target,8.28,6
2023-10-24 06:30:00,long,NQZ3,14785.0,14808.64,target,23.44,50
2023-10-24 19:30:00,long,NQZ3,14805.5,14816.42,target,10.72,9
2023-10-26 18:30:00,long,NQZ3,14289.75,14382.52,target,92.57,1005
2023-10-27 15:30:00,long,NQZ3,14258.25,14284.72,target,26.27,3030
2023-10-30 08:30:00,long,NQZ3,14364.25,14395.44,target,30.99,65
2023-10-30 10:30:00,long,NQZ3,14339.25,14372.25,target,32.8,31
2023-10-30 11:30:00,long,NQZ3,14339.75,14371.76,target,31.81,6
2023-10-30 16:30:00,long,NQZ3,14409.0,14446.68,target,37.48,892
2023-10-31 09:30:00,long,NQZ3,14417.75,14413.09,target,-4.86,0
2023-10-31 19:30:00,long,NQZ3,14453.0,14476.76,target,23.56,440
2023-11-01 04:30:00,long,NQZ3,14439.75,14452.7,target,12.75,4
2023-11-01 05:30:00,long,NQZ3,14433.25,14458.5,target,25.05,180
2023-11-03 04:30:00,long,NQZ3,14940.75,14957.49,target,16.54,185
2023-11-07 09:30:00,long,NQZ3,15276.25,15342.14,target,65.69,59
2023-11-09 04:30:00,short,NQZ3,15374.75,15429.63,stop,-55.08,330
2023-11-10 04:30:00,long,NQZ3,15217.25,15258.44,target,40.99,182
2023-11-10 10:30:00,long,NQZ3,15335.5,15433.14,target,97.44,40
2023-11-10 11:30:00,long,NQZ3,15435.75,15458.54,target,22.59,31
2023-11-15 06:30:00,short,NQZ3,15961.0,16021.81,stop,-61.01,120
2023-11-15 19:30:00,short,NQZ3,15872.25,15865.32,target,6.73,36
2023-11-16 18:30:00,short,NQZ3,15885.5,15876.3,target,9.0,460
2023-11-20 04:30:00,long,NQZ3,15912.75,16035.91,target,122.96,513
2023-11-21 05:30:00,short,NQZ3,16084.25,16068.33,target,15.72,68
2023-11-21 16:30:00,long,NQZ3,15989.0,16040.48,target,51.28,840
2023-11-27 06:15:00,short,NQZ3,16009.25,15983.61,target,25.44,173
2023-11-27 10:15:00,short,NQZ3,16028.75,16003.5,target,25.05,10
2023-11-27 11:15:00,long,NQZ3,16015.25,16060.01,target,44.56,41
2023-11-29 09:15:00,short,NQZ3,16145.0,16188.75,stop,-43.95,20
2023-11-29 11:15:00,short,NQZ3,16068.75,16047.18,target,21.37,6
2023-11-29 12:15:00,short,NQZ3,16074.5,16037.92,target,36.38,141
2023-11-29 16:15:00,short,NQZ3,16044.0,16034.72,target,9.08,692
2023-11-30 16:15:00,long,NQZ3,15970.75,15889.15,stop,-81.8,1039
2023-12-05 10:15:00,long,NQZ3,15902.5,15917.93,target,15.23,5
2023-12-06 04:15:00,long,NQZ3,15971.25,16003.17,target,31.72,276
2023-12-06 10:15:00,short,NQZ3,15956.25,15931.65,target,24.4,7
2023-12-06 19:15:00,long,NQZ3,15816.75,15838.36,target,21.41,555
2023-12-12 05:15:00,short,NQH4,16472.75,16540.4,stop,-67.85,195
2023-12-12 11:15:00,short,NQH4,16496.0,16473.45,target,22.35,52
2023-12-12 12:15:00,short,NQH4,16481.0,16580.78,stop,-99.98,226
2023-12-13 08:15:00,long,NQH4,16607.5,16628.7,target,21.0,36
2023-12-14 15:15:00,short,NQH4,16732.75,16832.23,stop,-99.68,1108
2023-12-15 10:15:00,short,NQH4,16840.25,16834.84,target,5.21,0
2023-12-15 11:15:00,short,NQH4,16852.25,16844.3,target,7.75,1
2023-12-15 13:15:00,short,NQH4,16816.5,16790.41,target,25.89,26
2023-12-18 09:15:00,long,NQH4,16838.5,16894.83,target,56.13,49
2023-12-18 10:15:00,short,NQH4,16884.5,17011.72,stop,-127.42,1490
2023-12-21 04:15:00,long,NQH4,16880.75,16962.99,target,82.04,268
2023-12-21 10:15:00,long,NQH4,16887.0,16901.73,target,14.53,4
2023-12-21 11:15:00,long,NQH4,16884.75,16903.05,target,18.1,20
2023-12-21 12:15:00,long,NQH4,16841.25,16898.46,target,57.01,144
2023-12-26 08:15:00,long,NQH4,17007.75,17020.49,target,12.54,76
2024-01-04 04:15:00,short,NQH4,16559.0,16549.54,target,9.26,144
2024-01-04 11:15:00,short,NQH4,16571.5,16559.01,target,12.29,15
2024-01-05 13:15:00,long,NQH4,16441.5,16471.27,target,29.57,15
2024-01-05 16:15:00,long,NQH4,16467.75,16401.66,stop,-66.29,3615
2024-01-08 05:15:00,long,NQH4,16425.75,16436.58,target,10.63,13
2024-01-08 15:15:00,long,NQH4,16776.0,16797.82,target,21.62,24
2024-01-08 16:15:00,short,NQH4,16795.25,16701.07,target,93.98,868
2024-01-09 07:15:00,long,NQH4,16709.0,16718.74,target,9.54,19
2024-01-09 08:15:00,long,NQH4,16716.0,16726.71,target,10.51,115
2024-01-09 14:15:00,short,NQH4,16831.0,16803.36,target,27.44,54
2024-01-09 15:15:00,short,NQH4,16819.25,16780.99,target,38.06,35
2024-01-09 16:15:00,short,NQH4,16831.75,16882.05,stop,-50.5,714
2024-01-10 08:15:00,long,NQH4,16847.0,16859.15,target,11.95,76
2024-01-10 10:15:00,long,NQH4,16850.0,16864.87,target,14.67,15
2024-01-10 11:15:00,long,NQH4,16866.75,16876.47,target,9.52,7
2024-01-11 09:15:00,short,NQH4,16949.0,17032.05,stop,-83.25,20
2024-01-12 04:15:00,short,NQH4,16974.5,16941.15,target,33.15,26
2024-01-12 09:15:00,short,NQH4,16969.75,17029.19,stop,-59.64,28
2024-01-12 11:15:00,short,NQH4,16979.25,16917.71,target,61.34,47
2024-01-12 12:15:00,short,NQH4,16937.75,16933.36,target,4.19,10
2024-01-12 13:15:00,short,NQH4,16968.0,16939.11,target,28.69,107
2024-01-16 07:15:00,long,NQH4,16885.0,16947.3,target,62.1,181
2024-01-16 11:15:00,short,NQH4,16971.75,16946.54,target,25.01,43
2024-01-16 16:15:00,short,NQH4,16965.75,16954.16,target,11.39,229
2024-01-17 18:15:00,short,NQH4,16845.25,16893.13,stop,-48.08,445
2024-01-18 12:15:00,long,NQH4,17012.75,16948.03,stop,-64.92,67
2024-01-18 14:15:00,short,NQH4,17055.0,17166.58,stop,-111.78,454
2024-01-19 09:15:00,long,NQH4,17207.0,17250.01,target,42.81,112
2024-01-22 08:15:00,short,NQH4,17554.75,17541.51,target,13.04,17
2024-01-22 10:15:00,short,NQH4,17539.25,17520.46,target,18.59,4
2024-01-22 18:15:00,short,NQH4,17460.75,17451.46,target,9.09,544
2024-01-23 07:15:00,short,NQH4,17476.0,17460.1,target,15.7,135
2024-01-23 10:15:00,short,NQH4,17477.5,17444.58,target,32.72,7
2024-01-23 15:15:00,short,NQH4,17517.0,17497.44,target,19.36,25
2024-01-23 16:15:00,short,NQH4,17530.5,17652.76,stop,-122.46,704
2024-01-26 05:15:00,short,NQH4,17528.25,17623.09,stop,-95.04,341
2024-01-26 12:15:00,short,NQH4,17620.0,17574.31,target,45.49,17
2024-01-26 15:15:00,short,NQH4,17563.0,17543.64,target,19.16,7
2024-01-29 12:15:00,long,NQH4,17584.5,17634.59,target,49.89,165
2024-01-30 06:15:00,short,NQH4,17688.75,17635.55,target,53.0,226
2024-02-02 04:15:00,long,NQH4,17626.5,17511.51,stop,-115.19,256
2024-02-02 09:15:00,long,NQH4,17503.75,17625.32,target,121.37,85
2024-02-05 10:15:00,long,NQH4,17657.0,17567.13,stop,-90.07,27
2024-02-06 09:15:00,short,NQH4,17749.0,17736.55,target,12.25,18
2024-02-06 18:15:00,short,NQH4,17659.75,17630.71,target,28.84,436
2024-02-07 08:15:00,long,NQH4,17730.75,17749.85,target,18.9,48
2024-02-14 04:15:00,long,NQH4,17764.5,17836.77,target,72.07,366
2024-02-15 05:15:00,long,NQH4,17895.75,17900.84,target,4.89,47
2024-02-15 10:15:00,long,NQH4,17856.75,17878.85,target,21.9,149
2024-02-20 07:15:00,short,NQH4,17676.0,17644.32,target,31.48,143
2024-02-21 16:15:00,long,NQH4,17530.5,17571.12,target,40.42,6
2024-02-22 05:15:00,long,NQH4,17884.5,17981.4,target,96.7,425
2024-02-22 16:15:00,long,NQH4,18020.25,18061.36,target,40.91,970
2024-02-23 09:15:00,long,NQH4,18087.75,18103.47,target,15.52,5
2024-02-23 11:15:00,long,NQH4,17966.0,18026.16,target,59.96,40
2024-02-23 16:15:00,long,NQH4,17961.5,18022.85,target,61.15,3864
2024-02-26 09:15:00,short,NQH4,18005.75,17981.83,target,23.72,32
2024-02-26 11:15:00,short,NQH4,18010.25,17995.14,target,14.91,10
2024-02-26 15:15:00,short,NQH4,18026.0,17971.39,target,54.41,45
2024-02-27 04:15:00,long,NQH4,17993.0,17955.76,stop,-37.44,326
2024-02-29 10:15:00,long,NQH4,17985.0,17908.46,stop,-76.74,85
2024-02-29 14:15:00,long,NQH4,18047.75,18055.88,target,7.93,3
2024-02-29 15:15:00,long,NQH4,18023.5,18053.4,target,29.7,15
2024-03-01 08:15:00,long,NQH4,18106.5,18135.88,target,29.18,78
2024-03-04 09:15:00,short,NQH4,18328.5,18319.42,target,8.88,13
2024-03-04 10:15:00,short,NQH4,18300.25,18333.08,stop,-33.03,33
2024-03-04 12:15:00,short,NQH4,18309.25,18199.96,target,109.09,504
2024-03-05 08:15:00,short,NQH4,18171.5,18161.71,target,9.59,6
2024-03-05 16:15:00,long,NQH4,17965.75,17982.92,target,16.97,38
2024-03-05 18:15:00,long,NQH4,17962.5,18216.05,target,253.35,2361
2024-03-07 16:15:00,short,NQH4,18252.75,18171.69,target,80.86,1
2024-03-08 07:15:00,long,NQH4,18300.0,18308.47,target,8.27,75
2024-03-08 11:15:00,long,NQH4,18287.25,18197.97,stop,-89.48,14
2024-03-12 06:15:00,long,NQM4,18293.5,18320.52,target,26.82,138
2024-03-12 09:15:00,long,NQM4,18290.25,18331.73,target,41.28,16
2024-03-12 12:15:00,long,NQM4,18410.75,18421.2,target,10.25,111
2024-03-13 04:15:00,short,NQM4,18481.75,18365.78,target,115.77,330
2024-03-13 14:15:00,short,NQM4,18376.75,18366.38,target,10.17,57
2024-03-14 18:15:00,long,NQM4,18257.0,18318.56,target,61.36,742
2024-03-15 07:15:00,short,NQM4,18298.5,18253.53,target,44.77,59
2024-03-15 15:15:00,long,NQM4,18083.75,18098.06,target,14.11,13
2024-03-15 16:15:00,long,NQM4,18073.0,18119.31,target,46.11,3260
2024-03-19 06:15:00,long,NQM4,18189.25,18134.01,stop,-55.44,58
2024-03-20 10:15:00,long,NQM4,18263.25,18282.79,target,19.34,9
2024-03-21 04:15:00,short,NQM4,18632.0,18590.38,target,41.42,70
2024-03-21 06:15:00,long,NQM4,18604.25,18624.58,target,20.13,56
2024-03-21 13:15:00,short,NQM4,18676.0,18654.4,target,21.4,16
2024-03-21 14:15:00,short,NQM4,18598.0,18569.0,target,28.8,21
2024-03-21 15:15:00,short,NQM4,18587.5,18580.67,target,6.63,8
2024-03-21 16:15:00,long,NQM4,18574.0,18587.41,target,13.21,158
2024-03-21 19:15:00,long,NQM4,18587.5,18604.5,target,16.8,593
2024-03-25 11:15:00,long,NQM4,18528.25,18554.43,target,25.98,148
2024-03-26 06:15:00,short,NQM4,18605.5,18566.87,target,38.43,147
2024-03-27 05:15:00,short,NQM4,18515.75,18501.64,target,13.91,23
2024-03-27 07:15:00,short,NQM4,18527.25,18498.97,target,28.08,141
2024-04-01 15:15:00,long,NQM4,18477.25,18492.02,target,14.57,40
2024-04-02 15:15:00,long,NQM4,18285.5,18311.56,target,25.86,18
2024-04-03 05:15:00,long,NQM4,18293.5,18251.92,stop,-41.78,216
2024-04-04 05:15:00,short,NQM4,18448.0,18481.02,stop,-33.22,202
2024-04-04 10:15:00,short,NQM4,18518.75,18560.83,stop,-42.28,114
2024-04-04 20:15:00,long,NQM4,18104.25,18161.45,target,57.0,687
2024-04-05 16:15:00,long,NQM4,18286.25,18359.46,target,73.01,2985
2024-04-08 05:15:00,long,NQM4,18282.75,18328.72,target,45.77,199
2024-04-08 16:15:00,short,NQM4,18314.0,18273.5,target,40.3,698
2024-04-09 13:15:00,long,NQM4,18279.5,18231.91,stop,-47.79,108
2024-04-12 08:15:00,short,NQM4,18404.75,18368.56,target,35.99,24
2024-04-15 07:15:00,short,NQM4,18278.0,18337.2,stop,-59.4,81
2024-04-15 11:15:00,short,NQM4,18181.25,18159.63,target,21.42,8
2024-04-15 18:15:00,long,NQM4,17888.0,17802.06,stop,-86.14,263
2024-04-16 11:15:00,long,NQM4,17880.5,17760.7,stop,-120.0,1455
2024-04-18 04:15:00,short,NQM4,17729.25,17718.92,target,10.13,3
2024-04-18 18:15:00,long,NQM4,17536.5,17475.28,stop,-61.42,98
2024-04-23 08:15:00,long,NQM4,17373.75,17376.46,target,2.51,6
2024-04-23 15:15:00,long,NQM4,17633.5,17647.57,target,13.87,48
2024-04-23 16:15:00,long,NQM4,17636.5,17656.86,target,20.16,34
2024-04-24 04:15:00,long,NQM4,17718.25,17735.73,target,17.28,248
2024-04-24 09:15:00,long,NQM4,17697.0,17707.69,target,10.49,9
2024-04-24 12:15:00,short,NQM4,17591.25,17370.31,target,220.74,1238
2024-04-25 13:15:00,long,NQM4,17489.25,17663.53,target,174.08,167
2024-04-25 20:15:00,short,NQM4,17755.0,17729.56,target,25.24,521
2024-05-01 14:15:00,long,NQM4,17486.0,17594.89,target,108.69,24
2024-05-02 04:15:00,long,NQM4,17585.75,17530.82,stop,-55.13,321
2024-05-02 11:15:00,long,NQM4,17554.5,17583.96,target,29.26,119
2024-05-02 13:15:00,long,NQM4,17577.5,17634.46,target,56.76,55
2024-05-02 20:15:00,short,NQM4,17745.75,17824.16,stop,-78.61,735
2024-05-03 16:15:00,long,NQM4,18026.75,18091.56,target,64.61,3922
2024-05-07 04:15:00,long,NQM4,18156.0,18191.7,target,35.5,39
2024-05-07 06:15:00,long,NQM4,18169.25,18184.46,target,15.01,45
2024-05-07 08:15:00,long,NQM4,18171.5,18200.78,target,29.08,50
2024-05-08 04:15:00,short,NQM4,18206.25,18184.68,target,21.37,106
2024-05-09 13:15:00,short,NQM4,18227.25,18197.77,target,29.28,5
2024-05-09 15:15:00,short,NQM4,18215.25,18196.96,target,18.09,25
2024-05-09 18:15:00,short,NQM4,18228.5,18205.44,target,22.86,999
2024-05-10 14:15:00,short,NQM4,18254.5,18243.26,target,11.04,16
2024-05-10 15:15:00,short,NQM4,18248.5,18293.75,timeout,-45.45,4321
2024-05-16 09:15:00,short,NQM4,18685.0,18726.25,stop,-41.45,89
2024-05-16 11:15:00,short,NQM4,18738.25,18687.0,target,51.05,127
2024-05-16 16:15:00,short,NQM4,18640.25,18626.1,target,13.95,720
2024-05-17 16:15:00,short,NQM4,18624.25,18725.44,stop,-101.39,3936
2024-05-20 10:15:00,long,NQM4,18740.0,18756.51,target,16.31,6
2024-05-22 11:15:00,short,NQM4,18834.75,18813.28,target,21.27,35
2024-05-22 12:15:00,short,NQM4,18829.25,18816.1,target,12.95,17
2024-05-22 13:15:00,short,NQM4,18815.25,18806.64,target,8.41,18
2024-05-23 06:15:00,short,NQM4,18946.25,18991.32,stop,-45.27,95
2024-05-23 11:15:00,long,NQM4,18881.5,18901.84,target,20.14,16
2024-05-23 20:15:00,short,NQM4,18699.0,18862.98,stop,-164.18,882
2024-05-30 04:15:00,short,NQM4,18705.0,18689.86,target,14.94,358
2024-05-30 13:15:00,short,NQM4,18718.25,18699.13,target,18.92,37
2024-05-31 04:15:00,long,NQM4,18555.75,18501.68,stop,-54.27,157
2024-05-31 14:15:00,long,NQM4,18328.75,18359.03,target,30.08,30
2024-05-31 15:15:00,long,NQM4,18391.5,18408.38,target,16.68,7
2024-05-31 16:15:00,long,NQM4,18578.25,18628.93,target,50.48,3117
2024-06-03 11:15:00,long,NQM4,18588.5,18485.57,stop,-103.13,77
2024-06-03 14:15:00,long,NQM4,18528.25,18580.18,target,51.73,26
2024-06-05 05:15:00,long,NQM4,18770.25,18783.24,target,12.79,35
2024-06-06 07:15:00,short,NQM4,19096.5,19075.93,target,20.37,81
2024-06-06 12:15:00,long,NQM4,19067.5,19078.94,target,11.24,69
2024-06-06 15:15:00,long,NQM4,19050.25,19067.15,target,16.7,15
2024-06-06 20:15:00,long,NQM4,19071.75,19108.56,target,36.61,735
2024-06-10 07:15:00,short,NQM4,19026.75,19016.98,target,9.57,84
2024-06-10 12:15:00,short,NQM4,19105.5,19030.57,target,74.73,1134
2024-06-11 11:15:00,short,NQM4,19105.0,19067.85,target,36.95,35
2024-06-11 12:15:00,short,NQM4,19097.75,19198.18,stop,-100.63,126
2024-06-12 20:15:00,short,NQM4,19606.75,19644.75,stop,-38.2,388
2024-06-13 07:15:00,short,NQM4,19626.0,19689.78,stop,-63.98,75
2024-06-13 09:15:00,short,NQM4,19628.25,19533.63,target,94.42,187
2024-06-14 05:15:00,long,NQM4,19600.25,19554.2,stop,-46.25,45
2024-06-17 06:15:00,short,NQU4,19972.0,19957.91,target,13.89,15
2024-06-18 05:15:00,short,NQU4,20250.0,20194.66,target,55.14,208
2024-06-21 09:15:00,short,NQU4,20034.25,19999.18,target,34.87,15
2024-06-21 11:15:00,short,NQU4,20010.25,19966.51,target,43.54,129
2024-06-24 04:15:00,short,NQU4,20028.25,20007.54,target,20.51,37
2024-06-25 12:15:00,long,NQU4,19933.25,19955.4,target,21.95,134
2024-06-26 08:15:00,short,NQU4,19977.75,19893.56,target,83.99,744
2024-06-28 09:15:00,short,NQU4,20087.0,20148.59,stop,-61.79,44
2024-06-28 14:15:00,long,NQU4,20067.5,19965.1,stop,-102.6,76
2024-07-01 19:15:00,long,NQU4,20020.25,19967.06,stop,-53.39,214
2024-07-03 04:15:00,long,NQU4,20243.75,20259.76,target,15.81,20
2024-07-03 06:15:00,long,NQU4,20264.75,20283.76,target,18.81,222
2024-07-03 10:15:00,short,NQU4,20282.5,20266.89,target,15.41,10
2024-07-05 05:00:00,long,NQU4,20430.25,20475.24,target,44.79,210
2024-07-09 15:00:00,short,NQU4,20671.75,20748.64,stop,-77.09,1005
2024-07-10 12:00:00,short,NQU4,20766.75,20802.03,stop,-35.48,22
2024-07-11 19:00:00,long,NQU4,20443.25,20356.76,stop,-86.69,810
2024-07-12 12:00:00,short,NQU4,20590.75,20735.54,stop,-144.99,111
2024-07-12 14:00:00,long,NQU4,20711.25,20611.97,stop,-99.48,91
2024-07-18 05:00:00,long,NQU4,20125.0,20143.99,target,18.79,238
2024-07-18 10:00:00,short,NQU4,20064.25,19971.79,target,92.26,34
2024-07-18 14:00:00,long,NQU4,19877.5,19776.82,stop,-100.88,73
2024-07-18 16:00:00,long,NQU4,19882.0,19787.13,stop,-95.07,698
2024-07-19 08:00:00,short,NQU4,19924.75,19876.58,target,47.97,89
2024-07-23 16:00:00,long,NQU4,19921.25,19961.31,target,39.86,2
2024-07-23 19:00:00,long,NQU4,19816.25,19678.72,stop,-137.73,790
2024-07-24 19:00:00,long,NQU4,19281.0,19197.62,stop,-83.58,422
2024-07-25 05:00:00,short,NQU4,19198.25,19149.64,target,48.41,46
2024-07-25 09:00:00,short,NQU4,19228.0,19138.16,target,89.64,35
2024-07-25 12:00:00,short,NQU4,19234.0,19340.01,stop,-106.21,23
2024-07-25 15:00:00,long,NQU4,19131.75,19173.48,target,41.53,2
2024-07-26 07:00:00,short,NQU4,19168.0,19214.24,stop,-46.44,55
2024-07-29 09:00:00,long,NQU4,19309.75,19341.85,target,31.9,44
2024-07-29 12:00:00,long,NQU4,19261.25,19281.12,target,19.67,2
2024-08-01 05:00:00,short,NQU4,19525.5,19642.33,stop,-117.03,212
2024-08-01 09:00:00,long,NQU4,19594.5,19611.41,target,16.71,43
2024-08-01 10:00:00,short,NQU4,19644.75,19437.72,target,206.83,30
2024-08-01 11:00:00,short,NQU4,19341.0,19306.0,target,34.8,1
2024-08-01 19:00:00,long,NQU4,18865.5,18785.2,stop,-80.5,202
2024-08-05 10:00:00,long,NQU4,17899.25,18220.93,target,321.48,144
2024-08-05 13:00:00,long,NQU4,18037.25,18110.57,target,73.12,16
2024-08-05 14:00:00,long,NQU4,18077.5,17912.17,stop,-165.53,46
2024-08-05 16:00:00,long,NQU4,18014.25,18086.79,target,72.34,2
2024-08-05 19:00:00,long,NQU4,18208.0,18410.11,target,201.91,134
2024-08-06 05:00:00,long,NQU4,18167.25,18197.68,target,30.23,122
2024-08-06 09:00:00,long,NQU4,18082.25,18117.03,target,34.58,25
2024-08-06 10:00:00,long,NQU4,18127.25,18158.83,target,31.38,3
2024-08-06 19:00:00,long,NQU4,18098.5,18129.46,target,30.76,83
2024-08-07 08:00:00,short,NQU4,18395.25,18467.6,stop,-72.55,91
2024-08-08 05:00:00,long,NQU4,17997.5,18066.22,target,68.52,210
2024-08-08 13:00:00,long,NQU4,18410.25,18455.35,target,44.9,20
2024-08-08 14:00:00,long,NQU4,18514.25,18559.01,target,44.56,121
2024-08-08 19:00:00,long,NQU4,18563.5,18602.79,target,39.09,12
2024-08-09 08:00:00,long,NQU4,18526.75,18676.93,target,149.98,4071
2024-08-12 13:00:00,long,NQU4,18617.25,18662.44,target,44.99,19
2024-08-12 14:00:00,long,NQU4,18620.0,18668.5,target,48.3,331
2024-08-14 06:00:00,short,NQU4,19096.25,19070.31,target,25.74,150
2024-08-14 13:00:00,short,NQU4,19066.75,19047.8,target,18.75,60
2024-08-14 15:00:00,short,NQU4,19108.5,19088.63,target,19.67,9
2024-08-15 15:00:00,short,NQU4,19581.25,19537.99,target,43.06,1032
2024-08-16 11:00:00,long,NQU4,19518.75,19547.49,target,28.54,37
2024-08-16 12:00:00,short,NQU4,19574.5,19652.06,stop,-77.76,58
2024-08-22 08:00:00,short,NQU4,19977.25,19947.66,target,29.39,30
2024-08-22 09:00:00,short,NQU4,19985.5,19953.97,target,31.33,51
2024-08-22 10:00:00,short,NQU4,19980.25,19958.42,target,21.63,1
2024-08-22 19:00:00,long,NQU4,19633.75,19709.16,target,75.21,586
2024-08-27 12:00:00,long,NQU4,19609.25,19619.11,target,9.66,5
2024-08-28 16:00:00,long,NQU4,19429.25,19345.14,stop,-84.31,20
2024-08-29 05:00:00,long,NQU4,19414.75,19423.42,target,8.47,3
2024-09-04 11:00:00,long,NQU4,19091.0,19105.37,target,14.17,3
2024-09-04 12:00:00,long,NQU4,19008.5,19079.64,target,70.94,34
2024-09-04 16:00:00,long,NQU4,18960.0,18989.05,target,28.85,289
2024-09-05 11:00:00,long,NQU4,18987.25,18984.16,target,-3.29,0
2024-09-05 15:00:00,long,NQU4,18988.25,18995.79,target,7.34,34
2024-09-05 16:00:00,long,NQU4,18971.25,19019.32,target,47.87,15
2024-09-09 11:00:00,long,NQU4,18515.75,18545.25,target,29.3,3
2024-09-11 10:00:00,long,NQU4,18787.75,18811.78,target,23.83,5
2024-09-11 20:00:00,short,NQU4,19243.5,19387.9,stop,-144.6,914
2024-09-12 13:00:00,long,NQU4,19382.75,19434.7,target,51.75,40
2024-09-13 06:00:00,long,NQU4,19463.0,19474.14,target,10.94,217
2024-09-24 15:00:00,short,NQZ4,20143.25,20105.97,target,37.08,645
2024-09-26 10:00:00,short,NQZ4,20427.0,20334.84,target,91.96,31
2024-09-26 15:00:00,short,NQZ4,20335.5,20255.6,target,79.7,690
2024-09-30 12:00:00,long,NQZ4,20207.0,20135.3,stop,-71.9,137
2024-10-01 14:00:00,long,NQZ4,20000.25,19877.64,stop,-122.81,1179
2024-10-02 10:00:00,long,NQZ4,19916.75,19986.26,target,69.31,19
2024-10-07 09:00:00,short,NQZ4,20126.0,20098.41,target,27.39,53
2024-10-07 10:00:00,short,NQZ4,20109.5,20092.3,target,17.0,270
2024-10-08 06:00:00,long,NQZ4,20077.0,20085.54,target,8.34,9
2024-10-15 07:00:00,short,NQZ4,20610.75,20595.15,target,15.4,39
2024-10-15 08:00:00,short,NQZ4,20611.0,20599.18,target,11.62,132
2024-10-24 10:00:00,long,NQZ4,20340.5,20358.95,target,18.25,2
2024-10-31 07:00:00,short,NQZ4,20344.5,20309.85,target,34.45,152
2024-11-04 08:00:00,long,NQZ4,20167.0,20014.83,stop,-152.37,97
2024-11-04 10:00:00,long,NQZ4,20130.25,20152.19,target,21.74,7
2024-11-04 12:00:00,long,NQZ4,20076.0,20163.83,target,87.63,84
2024-11-04 15:00:00,long,NQZ4,20136.25,20200.13,target,63.68,1111
2024-11-05 15:00:00,long,NQZ4,20292.0,20359.23,target,67.03,66
2024-11-07 08:00:00,long,NQZ4,20969.25,21046.24,target,76.79,93
2024-11-08 06:00:00,long,NQZ4,21142.25,21250.65,target,108.2,456
2024-11-08 15:00:00,long,NQZ4,21238.25,21291.02,target,52.57,3060
2024-11-11 08:00:00,short,NQZ4,21328.25,21285.38,target,42.67,74
2024-11-12 08:00:00,short,NQZ4,21190.75,21174.1,target,16.45,193
2024-11-12 13:00:00,long,NQZ4,21063.75,21184.75,target,120.8,56
2024-11-13 12:00:00,short,NQZ4,21163.75,21118.62,target,44.93,553
2024-11-14 05:00:00,short,NQZ4,21152.25,21137.27,target,14.78,211
2024-11-15 15:00:00,long,NQZ4,20459.75,20476.99,target,17.04,5
2024-11-15 16:00:00,long,NQZ4,20501.0,20575.65,target,74.45,3066
2024-11-18 07:00:00,long,NQZ4,20574.5,20608.26,target,33.56,196
2024-11-18 13:00:00,short,NQZ4,20659.75,20629.78,target,29.77,42
2024-11-18 14:00:00,short,NQZ4,20658.75,20622.38,target,36.17,14
2024-11-18 15:00:00,short,NQZ4,20634.75,20616.12,target,18.43,53
2024-11-19 13:00:00,long,NQZ4,20694.0,20714.08,target,19.88,8
2024-11-21 06:00:00,long,NQZ4,20679.75,20695.82,target,15.87,3
2024-11-21 11:00:00,long,NQZ4,20712.25,20761.28,target,48.83,28
2024-11-21 12:00:00,long,NQZ4,20735.0,20738.09,target,2.89,10
2024-11-25 19:00:00,long,NQZ4,20830.5,20760.98,stop,-69.72,63
2024-11-27 19:00:00,long,NQZ4,20826.0,20835.78,target,9.58,8
2024-12-03 04:45:00,long,NQZ4,21216.5,21233.1,target,16.4,321
2024-12-03 10:45:00,long,NQZ4,21190.25,21209.35,target,18.9,15
2024-12-11 18:45:00,short,NQZ4,21752.25,21627.91,target,124.14,928
2024-12-12 12:45:00,short,NQZ4,21710.25,21672.76,target,37.29,97
2024-12-13 16:45:00,short,NQZ4,21763.25,21833.79,stop,-70.74,3572
2024-12-17 04:45:00,long,NQH5,22372.5,22158.59,stop,-214.11,2001
2024-12-18 19:45:00,long,NQH5,21529.5,21543.35,target,13.65,15
2024-12-19 04:45:00,short,NQH5,21571.5,21544.24,target,27.06,317
2024-12-19 12:45:00,short,NQH5,21456.75,21345.93,target,110.62,213
2024-12-20 09:45:00,long,NQH5,21262.75,21171.83,stop,-91.12,6
2024-12-20 10:45:00,long,NQH5,21527.5,21699.78,target,172.08,51
2024-12-20 16:45:00,long,NQH5,21538.75,21593.1,target,54.15,2955
2024-12-23 09:45:00,long,NQH5,21615.75,21562.81,stop,-53.14,5
2024-12-23 12:45:00,long,NQH5,21698.75,21761.94,target,62.99,90
2024-12-23 14:45:00,long,NQH5,21739.75,21769.13,target,29.18,661
2024-12-26 04:30:00,short,NQH5,21957.75,21936.17,target,21.38,23
2024-12-26 05:30:00,long,NQH5,21926.5,21942.58,target,15.88,16
2024-12-26 06:30:00,long,NQH5,21944.0,22019.81,target,75.61,310
2024-12-26 18:30:00,long,NQH5,21998.25,21634.71,stop,-363.74,932
2024-12-27 15:30:00,long,NQH5,21642.75,21535.03,stop,-107.92,3852
2024-12-30 11:30:00,long,NQH5,21398.0,21313.91,stop,-84.29,1418
2024-12-31 16:30:00,long,NQH5,21230.75,21259.28,target,28.33,1530
2025-01-02 04:30:00,short,NQH5,21393.5,21375.39,target,17.91,9
2025-01-03 15:30:00,long,NQH5,21518.0,21533.57,target,15.37,3030
2025-01-06 13:30:00,long,NQH5,21784.5,21805.96,target,21.26,1200
2025-01-07 11:30:00,short,NQH5,21554.75,21470.44,target,84.11,21
2025-01-07 16:30:00,long,NQH5,21384.5,21313.53,stop,-71.17,843
2025-01-08 13:30:00,long,NQH5,21383.25,21379.47,target,-3.98,0
2025-01-08 14:30:00,short,NQH5,21409.0,21360.53,target,48.27,3
2025-01-08 15:30:00,short,NQH5,21349.25,21241.69,target,107.36,677
2025-01-10 06:00:00,short,NQH5,21315.25,21262.34,target,52.71,72
2025-01-10 08:00:00,short,NQH5,21320.5,21304.65,target,15.65,11
2025-01-10 14:00:00,long,NQH5,21169.25,21036.28,stop,-133.17,74
2025-01-10 16:00:00,long,NQH5,21023.75,20881.04,stop,-142.91,3264
2025-01-13 12:00:00,long,NQH5,20741.0,20866.08,target,124.88,52
2025-01-13 15:00:00,short,NQH5,20900.75,21050.22,stop,-149.67,211
2025-01-14 10:00:00,long,NQH5,20981.75,21024.86,target,42.91,4
2025-01-14 11:00:00,long,NQH5,20942.0,20873.37,stop,-68.83,41
2025-01-14 16:00:00,long,NQH5,20922.75,20971.47,target,48.52,5
2025-01-14 19:00:00,long,NQH5,20947.25,20967.63,target,20.18,584
2025-01-16 07:00:00,long,NQH5,21499.5,21257.97,stop,-241.73,539
2025-01-17 16:00:00,short,NQH5,21599.5,21764.33,stop,-165.03,3942
2025-01-22 15:00:00,short,NQH5,22038.25,21924.91,target,113.14,702
2025-01-23 08:00:00,long,NQH5,21899.25,21989.6,target,90.15,470
2025-01-27 10:00:00,long,NQH5,21331.75,21264.54,stop,-67.41,17
2025-01-27 19:00:00,long,NQH5,21325.5,21234.29,stop,-91.41,119
2025-01-28 09:00:00,long,NQH5,21301.0,21259.83,stop,-41.37,32
2025-01-29 08:00:00,short,NQH5,21645.5,21495.66,target,149.64,105
2025-01-29 19:00:00,long,NQH5,21538.75,21616.61,target,77.66,75
2025-01-30 07:00:00,long,NQH5,21646.0,21660.99,target,14.79,92
2025-01-30 13:00:00,long,NQH5,21549.5,21564.17,target,14.47,8
2025-01-31 15:00:00,short,NQH5,21652.0,21555.08,target,96.72,17
2025-02-03 07:00:00,long,NQH5,21225.75,21250.02,target,24.07,152
2025-02-03 10:00:00,long,NQH5,21200.0,21136.4,stop,-63.8,14
2025-02-03 12:00:00,long,NQH5,21383.0,21412.08,target,28.88,20
2025-02-04 08:00:00,long,NQH5,21454.75,21485.79,target,30.84,98
2025-02-05 07:00:00,long,NQH5,21495.0,21500.8,target,5.6,44
2025-02-06 12:00:00,long,NQH5,21771.75,21827.31,target,55.36,56
2025-02-06 15:00:00,long,NQH5,21746.75,21777.5,target,30.55,17
2025-02-14 11:00:00,long,NQH5,22166.5,22215.6,target,48.9,290
2025-02-19 12:00:00,short,NQH5,22237.25,22213.98,target,23.07,26
2025-02-19 13:00:00,short,NQH5,22246.25,22212.6,target,33.45,9
2025-02-19 14:00:00,short,NQH5,22233.5,22204.45,target,28.85,301
2025-02-21 05:00:00,short,NQH5,22168.25,22144.09,target,23.96,272
2025-02-24 05:00:00,short,NQH5,21783.0,21770.65,target,12.15,11
2025-02-24 09:00:00,short,NQH5,21799.75,21780.76,target,18.79,6
2025-02-26 13:00:00,long,NQH5,21244.0,21087.45,stop,-156.75,57
2025-02-28 09:00:00,long,NQH5,20603.75,20549.53,stop,-54.42,31
2025-02-28 10:00:00,long,NQH5,20587.25,20690.22,target,102.77,14
2025-03-03 11:00:00,short,NQH5,20863.5,20764.67,target,98.63,127
2025-03-03 16:00:00,long,NQH5,20466.25,20569.75,target,103.3,240
2025-03-06 07:00:00,short,NQH5,20426.5,20363.41,target,62.89,40
2025-03-06 16:00:00,long,NQH5,20096.25,20142.09,target,45.64,6
2025-03-06 19:00:00,long,NQH5,20186.25,20106.73,stop,-79.72,762
2025-03-07 14:00:00,long,NQH5,20170.25,20124.3,stop,-46.15,9
2025-03-10 09:00:00,short,NQH5,19913.25,19891.78,target,21.27,4
2025-03-11 05:00:00,short,NQH5,19562.75,19509.17,target,53.38,64
2025-03-11 08:00:00,short,NQH5,19576.0,19559.75,target,16.05,4
2025-03-11 14:00:00,long,NQH5,19325.5,19407.82,target,82.12,2
2025-03-18 05:00:00,short,NQH5,19814.25,19787.22,target,26.83,43
2025-03-20 12:00:00,short,NQM5,19978.25,19962.38,target,15.67,10
2025-03-21 16:00:00,short,NQM5,19942.25,20030.35,stop,-88.3,3000
2025-03-27 05:00:00,short,NQM5,20113.0,20042.95,target,69.85,147
2025-03-27 10:00:00,short,NQM5,20078.5,20041.93,target,36.37,9
2025-03-27 11:00:00,short,NQM5,20190.25,20074.57,target,115.48,39
2025-03-31 08:00:00,long,NQM5,19168.75,19186.54,target,17.59,27
2025-03-31 11:00:00,long,NQM5,19145.5,19248.34,target,102.64,41
2025-03-31 14:00:00,long,NQM5,19222.25,19573.7,target,351.25,1274
2025-04-02 05:00:00,long,NQM5,19526.75,19572.7,target,45.75,291
2025-04-02 15:00:00,long,NQM5,19615.75,19679.65,target,63.7,5
2025-04-04 11:00:00,long,NQM5,17849.75,17975.26,target,125.31,2
2025-04-07 07:00:00,long,NQM5,17111.5,16898.55,stop,-213.15,150
2025-04-07 10:00:00,long,NQM5,17260.75,17572.63,target,311.68,11
2025-04-07 11:00:00,long,NQM5,17648.75,17706.73,target,57.78,1
2025-04-07 12:00:00,long,NQM5,17391.0,17626.1,target,234.9,90
2025-04-08 06:00:00,long,NQM5,17721.5,17804.99,target,83.29,43
2025-04-08 07:00:00,long,NQM5,17790.25,17882.46,target,92.01,37
2025-04-08 16:00:00,long,NQM5,17222.25,17303.53,target,81.08,7
2025-04-09 19:00:00,long,NQM5,19344.75,18795.63,stop,-549.32,573
2025-04-10 06:00:00,long,NQM5,18856.5,18861.93,target,5.23,1
2025-04-10 07:00:00,short,NQM5,18887.5,18873.2,target,14.1,15
2025-04-10 09:00:00,long,NQM5,18825.5,18868.56,target,42.86,7
2025-04-10 10:00:00,long,NQM5,18657.0,18800.25,target,143.05,43
2025-04-10 11:00:00,short,NQM5,18589.25,18447.71,target,141.34,32
2025-04-10 12:00:00,long,NQM5,18270.75,18317.47,target,46.52,0
2025-04-10 14:00:00,long,NQM5,18463.25,18543.26,target,79.81,3
2025-04-10 15:00:00,short,NQM5,18504.75,18590.11,target,-85.56,0
2025-04-10 16:00:00,long,NQM5,18478.0,18640.85,target,162.65,582
2025-04-11 07:00:00,long,NQM5,18621.5,18667.1,target,45.4,95
2025-04-11 13:00:00,long,NQM5,18738.5,18803.57,target,64.87,43
2025-04-11 15:00:00,long,NQM5,18743.75,18785.91,target,41.96,2
2025-04-14 08:00:00,short,NQM5,19074.0,19175.52,stop,-101.72,36
2025-04-14 11:00:00,short,NQM5,19134.0,18917.45,target,216.35,38
2025-04-14 14:00:00,long,NQM5,18941.0,19129.61,target,188.41,1212
2025-04-15 11:00:00,short,NQM5,19020.25,19008.75,target,11.3,30
2025-04-15 12:00:00,short,NQM5,19047.75,18980.79,target,66.76,55
2025-04-15 13:00:00,long,NQM5,18966.0,18965.0,target,-1.2,0
2025-04-15 14:00:00,short,NQM5,18948.5,18944.48,target,3.82,2
2025-04-15 15:00:00,short,NQM5,18971.0,18944.61,target,26.19,27
2025-04-15 16:00:00,short,NQM5,18958.25,18844.26,target,113.79,120
2025-04-16 06:00:00,short,NQM5,18678.75,18476.28,target,202.27,452
2025-04-21 20:00:00,long,NQM5,18005.25,18020.15,target,14.7,2
2025-04-22 08:00:00,long,NQM5,18052.75,18081.33,target,28.38,17
2025-04-22 14:00:00,long,NQM5,18222.75,18243.68,target,20.73,3
2025-04-23 12:00:00,long,NQM5,18874.0,19030.42,target,156.22,1317
2025-04-24 20:00:00,short,NQM5,19414.75,19332.01,target,82.54,620
2025-04-25 09:00:00,long,NQM5,19247.25,19294.56,target,47.11,5
2025-04-25 10:00:00,short,NQM5,19291.75,19244.12,target,47.43,28
2025-04-25 12:00:00,long,NQM5,19360.5,19466.66,target,105.96,57
2025-04-25 13:00:00,long,NQM5,19465.5,19494.21,target,28.51,7
2025-04-25 14:00:00,long,NQM5,19428.25,19504.93,target,76.48,35
2025-04-29 11:00:00,short,NQM5,19597.25,19569.79,target,27.26,4
2025-04-30 12:00:00,long,NQM5,19439.5,19449.08,target,9.38,0
2025-04-30 13:00:00,long,NQM5,19439.5,19367.9,stop,-71.8,10
2025-05-01 05:00:00,short,NQM5,19982.0,19893.14,target,88.66,281
2025-05-01 14:00:00,short,NQM5,19983.5,19948.13,target,35.17,112
2025-05-02 14:00:00,short,NQM5,20225.25,20183.42,target,41.63,65
2025-05-07 15:00:00,long,NQM5,19885.5,19949.51,target,63.81,42
2025-05-07 16:00:00,short,NQM5,19951.25,19918.19,target,32.86,9
2025-05-07 19:00:00,short,NQM5,19945.0,19926.34,target,18.46,105
2025-05-09 08:00:00,short,NQM5,20206.75,20246.12,stop,-39.57,43
2025-05-12 10:00:00,short,NQM5,20792.25,20981.93,stop,-189.88,362
2025-05-13 05:00:00,long,NQM5,20834.75,20867.79,target,32.84,48
2025-05-13 06:00:00,long,NQM5,20883.5,21044.08,target,160.38,150
2025-05-13 20:00:00,short,NQM5,21289.75,21408.88,stop,-119.33,993
2025-05-14 19:00:00,short,NQM5,21379.5,21355.99,target,23.31,384
2025-05-15 09:00:00,long,NQM5,21288.0,21351.33,target,63.13,124
2025-05-15 12:00:00,short,NQM5,21429.0,21345.91,target,82.89,205
2025-05-15 16:00:00,short,NQM5,21414.75,21399.04,target,15.51,55
2025-05-19 10:00:00,long,NQM5,21361.25,21377.91,target,16.46,2
2025-05-19 16:00:00,long,NQM5,21525.25,21524.51,target,-0.94,0
2025-05-21 20:00:00,long,NQM5,21148.5,21186.95,target,38.25,22
2025-05-22 06:00:00,long,NQM5,21203.5,21118.65,stop,-85.05,119
2025-05-22 09:00:00,long,NQM5,21194.5,21131.0,stop,-63.7,34
2025-05-22 10:00:00,long,NQM5,21290.25,21317.55,target,27.1,4
2025-05-23 12:00:00,long,NQM5,20936.5,21044.44,target,107.74,77
2025-05-29 05:00:00,short,NQM5,21783.25,21699.35,target,83.7,145
2025-05-29 09:00:00,short,NQM5,21644.75,21491.46,target,153.09,50
2025-05-30 07:00:00,long,NQM5,21387.25,21274.11,stop,-113.34,71
2025-05-30 09:00:00,long,NQM5,21339.0,21361.53,target,22.33,17
2025-05-30 12:00:00,long,NQM5,21326.0,21221.37,stop,-104.83,27
2025-06-02 07:00:00,long,NQM5,21251.0,21344.34,target,93.14,151
2025-06-02 11:00:00,long,NQM5,21400.5,21472.81,target,72.11,130
2025-06-03 09:00:00,long,NQM5,21536.5,21539.78,target,3.08,4
2025-06-05 10:00:00,long,NQM5,21722.0,21808.0,target,85.8,39
2025-06-05 14:00:00,short,NQM5,21728.25,21721.5,target,6.55,2
2025-06-12 10:00:00,long,NQM5,21859.5,21878.89,target,19.19,7
2025-06-13 05:00:00,long,NQM5,21599.0,21648.26,target,49.06,116
2025-06-13 16:00:00,long,NQM5,21659.25,21589.73,stop,-69.72,3000
2025-06-16 16:00:00,short,NQU5,22180.75,22156.42,target,24.13,123
2025-06-23 07:00:00,long,NQU5,21857.75,21795.54,stop,-62.41,26
2025-06-23 09:00:00,long,NQU5,21883.75,21797.78,stop,-86.17,32
2025-06-24 07:00:00,long,NQU5,22283.25,22341.3,target,57.85,242
2025-06-25 11:00:00,long,NQU5,22491.5,22516.4,target,24.7,905
2025-06-26 09:00:00,long,NQU5,22554.0,22588.03,target,33.83,91
2025-06-26 12:00:00,short,NQU5,22610.5,22675.03,stop,-64.73,134
2025-07-01 19:00:00,long,NQU5,22723.25,22822.17,target,98.72,948
2025-07-09 11:45:00,short,NQU5,22982.5,22966.02,target,16.28,6
2025-07-09 12:45:00,short,NQU5,22988.0,22970.2,target,17.6,17
2025-07-09 13:45:00,short,NQU5,22981.5,22971.11,target,10.19,1
2025-07-15 09:45:00,long,NQU5,23165.5,23028.69,stop,-137.01,379
2025-07-16 13:45:00,long,NQU5,23033.5,23052.27,target,18.57,48
2025-07-16 14:45:00,long,NQU5,23061.25,23067.22,target,5.77,11
2025-07-31 07:45:00,short,NQU5,23763.0,23699.53,target,63.27,106
2025-07-31 20:45:00,short,NQU5,23279.75,23259.57,target,19.98,5
2025-08-01 07:45:00,short,NQU5,23119.25,23103.79,target,15.26,45
2025-08-04 16:45:00,short,NQU5,23344.5,23297.53,target,46.77,1053
2025-08-05 11:45:00,long,NQU5,23145.0,23332.89,target,187.69,1426
2025-08-06 13:45:00,short,NQU5,23390.75,23364.04,target,26.51,10
2025-08-06 20:45:00,short,NQU5,23492.5,23549.3,stop,-57.0,458
2025-08-07 12:45:00,long,NQU5,23412.0,23524.81,target,112.61,196
2025-08-07 19:45:00,short,NQU5,23542.5,23610.21,stop,-67.91,837
2025-08-11 08:45:00,short,NQU5,23721.5,23701.94,target,19.36,43
2025-08-14 20:45:00,long,NQU5,23908.0,23940.86,target,32.66,203
2025-08-15 06:45:00,short,NQU5,23905.25,23883.07,target,21.98,165
2025-08-19 04:45:00,short,NQU5,23773.5,23758.55,target,14.75,126
2025-08-19 07:45:00,short,NQU5,23760.5,23736.52,target,23.78,86
2025-08-25 04:45:00,long,NQU5,23515.25,23537.45,target,22.0,315
2025-08-25 10:45:00,short,NQU5,23541.5,23515.41,target,25.89,312
2025-08-25 19:45:00,long,NQU5,23498.5,23547.02,target,48.32,881
2025-08-27 04:45:00,long,NQU5,23583.25,23605.31,target,21.86,105
2025-08-27 08:45:00,long,NQU5,23566.75,23585.63,target,18.68,16
2025-08-29 12:45:00,long,NQU5,23483.25,23447.26,stop,-36.19,19
2025-08-29 15:45:00,long,NQU5,23478.0,23396.38,stop,-81.82,3504
2025-09-04 08:45:00,long,NQU5,23478.0,23491.77,target,13.57,47
2025-09-04 09:45:00,long,NQU5,23489.75,23514.82,target,24.87,52
2025-09-16 04:45:00,short,NQZ5,24636.5,24530.25,target,106.05,306
2025-09-16 15:45:00,short,NQZ5,24536.0,24521.57,target,14.23,15
2025-09-16 16:45:00,short,NQZ5,24542.0,24510.22,target,31.58,451
2025-09-24 04:45:00,short,NQZ5,24893.0,24868.07,target,24.73,286
2025-09-24 19:45:00,long,NQZ5,24744.0,24695.25,stop,-48.95,449
2025-09-25 04:45:00,short,NQZ5,24745.75,24731.3,target,14.25,4
2025-09-25 16:45:00,long,NQZ5,24644.5,24696.66,target,51.96,947
2025-09-26 10:45:00,long,NQZ5,24629.25,24725.62,target,96.17,221
2025-09-29 11:45:00,short,NQZ5,24866.5,24723.7,target,142.6,1330
2025-10-01 07:45:00,long,NQZ5,24781.25,24852.84,target,71.39,154
2025-10-02 15:45:00,short,NQZ5,25112.75,25070.82,target,41.73,1096
2025-10-08 04:45:00,long,NQZ5,25109.0,25065.91,stop,-43.29,87
2025-10-08 10:45:00,long,NQZ5,25198.5,25228.43,target,29.73,41
2025-10-13 09:45:00,long,NQZ5,24811.5,24885.6,target,73.9,14
2025-10-13 10:45:00,long,NQZ5,24832.0,24887.41,target,55.21,47
2025-10-13 19:45:00,long,NQZ5,24904.0,24923.53,target,19.33,19
2025-10-14 05:45:00,long,NQZ5,24663.75,24583.33,stop,-80.62,44
2025-10-14 11:45:00,short,NQZ5,24782.5,24908.87,stop,-126.57,53
2025-10-14 18:45:00,short,NQZ5,24776.5,24882.12,stop,-105.82,376
2025-10-16 11:45:00,short,NQZ5,24999.5,24875.39,target,123.91,42
2025-10-17 07:45:00,long,NQZ5,24707.0,24740.08,target,32.88,18
2025-10-17 13:45:00,long,NQZ5,24851.75,24883.36,target,31.41,5
2025-10-20 04:45:00,long,NQZ5,25089.5,25132.37,target,42.67,255
2025-10-22 06:45:00,short,NQZ5,25304.0,25287.32,target,16.48,13
2025-10-22 16:45:00,long,NQZ5,25045.5,24948.82,stop,-96.88,935
2025-10-23 10:45:00,long,NQZ5,25164.0,25211.63,target,47.43,71
2025-10-28 04:45:00,long,NQZ5,25954.25,25991.82,target,37.37,144
2025-10-28 10:45:00,long,NQZ5,26024.25,26041.17,target,16.72,5
2025-10-28 11:45:00,short,NQZ5,26034.75,26081.98,stop,-47.43,23
2025-10-29 09:45:00,short,NQZ5,26277.75,26226.95,target,50.6,123
2025-10-30 07:45:00,short,NQZ5,26283.25,26233.43,target,49.62,27
2025-10-30 16:45:00,long,NQZ5,26133.0,25985.5,stop,-147.7,1167
2025-11-03 04:45:00,short,NQZ5,26147.75,26125.37,target,22.18,13
2025-11-03 05:45:00,short,NQZ5,26153.5,26126.32,target,26.98,246
2025-11-03 12:45:00,short,NQZ5,26139.0,26103.32,target,35.48,93
2025-11-05 08:45:00,long,NQZ5,25590.25,25764.09,target,173.64,179
2025-11-06 09:45:00,short,NQZ5,25603.5,25604.89,target,-1.59,0
2025-11-06 14:45:00,long,NQZ5,25404.5,25310.41,stop,-94.29,58
2025-11-07 14:45:00,long,NQZ5,25092.0,25156.64,target,64.44,73
2025-11-10 04:45:00,long,NQZ5,25538.5,25554.25,target,15.55,5
2025-11-10 05:45:00,long,NQZ5,25549.25,25594.85,target,45.4,231
2025-11-10 11:45:00,long,NQZ5,25486.5,25515.98,target,29.28,14
2025-11-11 04:45:00,long,NQZ5,25613.0,25684.78,target,71.58,552
2025-11-12 09:45:00,long,NQZ5,25643.0,25520.89,stop,-122.31,86
2025-11-14 09:45:00,long,NQZ5,24828.5,25100.07,target,271.37,60
2025-11-17 11:45:00,short,NQZ5,25142.5,25102.23,target,40.07,55
2025-11-18 14:45:00,long,NQZ5,24736.75,24691.73,stop,-45.22,39
2025-11-20 04:45:00,short,NQZ5,25073.75,25157.61,stop,-84.06,191
2025-11-20 19:45:00,long,NQZ5,24185.0,24213.27,target,28.07,37
2025-11-21 12:45:00,long,NQZ5,24391.5,24423.67,target,31.97,63
2025-11-21 16:45:00,long,NQZ5,24352.75,24376.85,target,23.9,2955
2025-11-25 04:45:00,long,NQZ5,24868.25,24907.86,target,39.41,138
2025-11-25 08:45:00,long,NQZ5,24874.75,24602.01,stop,-272.94,65
2025-11-25 12:45:00,long,NQZ5,25033.25,25058.07,target,24.62,166
2025-12-02 08:15:00,short,NQZ5,25500.25,25472.58,target,27.47,76
2025-12-03 11:15:00,long,NQZ5,25546.0,25613.68,target,67.48,19
2025-12-08 16:15:00,short,NQZ5,25661.25,25613.92,target,47.13,805
2025-12-15 11:15:00,short,NQH6,25405.0,25423.77,target,-18.97,0
2025-12-18 15:15:00,long,NQH6,25288.5,25339.04,target,50.34,31
2025-12-19 06:15:00,long,NQH6,25345.25,25412.99,target,67.54,196
2025-12-22 16:15:00,short,NQH6,25700.25,25676.71,target,23.34,525
2025-12-23 12:15:00,long,NQH6,25769.5,25859.27,target,89.57,1397
2026-05-13 05:00:00,short,NQM6,29411.75,29360.12,target,51.43,125
2026-05-13 08:00:00,short,NQM6,29369.25,29345.57,target,23.48,18
2026-05-13 09:00:00,long,NQM6,29238.75,29096.9,stop,-142.05,48
2026-05-13 14:00:00,short,NQM6,29442.75,29572.74,stop,-130.19,256
2026-05-14 20:00:00,short,NQM6,29684.0,29666.68,target,17.12,2
2026-05-15 14:00:00,long,NQM6,29452.5,29351.21,stop,-101.49,31
2026-05-18 05:00:00,short,NQM6,29243.75,29037.23,target,206.32,334
2026-05-18 20:00:00,long,NQM6,29138.5,28943.28,stop,-195.42,130
2026-05-19 09:00:00,long,NQM6,28920.0,28986.58,target,66.38,33
2026-05-19 13:00:00,long,NQM6,29023.25,29036.5,target,13.05,2
2026-05-21 07:00:00,long,NQM6,29238.75,29389.76,target,150.81,376
2026-05-21 15:00:00,long,NQM6,29339.25,29429.84,target,90.39,20
2026-05-26 05:00:00,short,NQM6,29809.75,29987.06,stop,-177.51,296
2026-05-28 08:00:00,long,NQM6,29924.25,29955.38,target,30.93,7
2026-05-28 09:00:00,long,NQM6,30056.75,29954.77,stop,-102.18,44
2026-05-29 15:00:00,long,NQM6,30326.25,30365.1,target,38.65,8
2026-06-02 05:00:00,long,NQM6,30548.25,30557.44,target,8.99,42
2026-06-04 13:00:00,long,NQM6,30476.25,30395.75,stop,-80.7,300
2026-06-08 07:00:00,long,NQM6,29235.0,29555.77,target,320.57,129
2026-06-08 10:00:00,long,NQM6,29347.5,29464.75,target,117.05,10
2026-06-08 12:00:00,long,NQM6,29614.0,29356.91,stop,-257.29,371
2026-06-08 20:00:00,long,NQM6,29430.25,29327.04,stop,-103.41,31
2026-06-09 20:00:00,long,NQM6,29073.5,28866.09,stop,-207.61,318
2026-06-11 12:00:00,long,NQM6,28854.5,28919.21,target,64.51,11
2026-06-12 05:00:00,long,NQM6,29481.5,29606.45,target,124.75,29
2026-06-12 09:00:00,long,NQM6,29405.75,29529.5,target,123.55,67
2026-06-12 12:00:00,long,NQM6,29435.75,29646.96,target,211.01,13
