trade_date,rth_open,on_high,on_low,pd_high,pd_low,pd_close,roll,symbol
2023-01-03,11119.0,11171.0,10952.0,,,,0,NQH3
2023-01-04,11033.5,11051.25,10920.25,11182.0,10844.75,10942.75,0,NQH3
2023-01-05,10922.5,11046.75,10889.0,11068.5,10863.5,10996.25,0,NQH3
2023-01-06,10891.0,10969.5,10751.0,10927.25,10805.0,10820.0,0,NQH3
2023-01-09,11199.75,11205.25,11120.25,11165.75,10766.25,11114.5,0,NQH3
2023-01-10,11142.75,11205.75,11094.0,11385.5,11159.75,11188.0,0,NQH3
2023-01-11,11323.75,11333.75,11239.75,11286.25,11120.75,11286.0,0,NQH3
2023-01-12,11490.0,11579.75,11291.0,11479.5,11291.0,11476.5,0,NQH3
2023-01-13,11424.0,11536.25,11389.0,11574.75,11311.25,11532.25,0,NQH3
2023-01-16,11591.25,11638.75,11510.25,11619.5,11408.75,11607.5,0,NQH3
2023-01-17,11598.75,11604.25,11530.5,11611.25,11560.5,11564.0,0,NQH3
2023-01-18,11695.0,11721.75,11581.75,11685.0,11549.5,11627.5,0,NQH3
2023-01-19,11407.25,11487.0,11344.75,11759.5,11470.5,11479.5,0,NQH3
2023-01-20,11428.25,11448.5,11365.25,11454.25,11308.5,11360.5,0,NQH3
2023-01-23,11704.0,11723.25,11650.5,11686.75,11383.5,11676.25,0,NQH3
2023-01-24,11860.0,11944.75,11835.75,11983.0,11671.75,11931.5,0,NQH3
2023-01-25,11712.5,11976.5,11701.0,11951.5,11838.25,11905.75,0,NQH3
2023-01-26,12017.75,12025.75,11867.25,11903.5,11604.5,11876.25,0,NQH3
2023-01-27,12047.25,12078.75,12016.0,12111.25,11904.25,12105.0,0,NQH3
2023-01-30,12082.25,12252.0,12039.0,12308.5,12041.75,12223.25,0,NQH3
2023-01-31,11974.25,12017.25,11871.0,12143.25,11960.0,11971.0,0,NQH3
2023-02-01,12143.75,12168.75,12084.75,12156.0,11969.0,12153.5,0,NQH3
2023-02-02,12681.25,12682.0,12501.75,12516.25,12055.25,12420.75,0,NQH3
2023-02-03,12574.25,12761.0,12551.25,12934.5,12647.25,12855.25,0,NQH3
2023-02-06,12509.0,12605.5,12457.25,12878.0,12558.5,12624.5,0,NQH3
2023-02-07,12504.0,12573.5,12475.5,12608.5,12455.75,12513.25,0,NQH3
2023-02-08,12713.75,12808.5,12699.5,12818.5,12459.25,12772.25,0,NQH3
2023-02-09,12722.5,12726.25,12541.25,12752.0,12512.75,12543.25,0,NQH3
2023-02-10,12335.25,12451.5,12270.5,12728.5,12366.5,12427.25,0,NQH3
2023-02-13,12402.25,12433.5,12265.25,12422.0,12243.25,12346.0,0,NQH3
2023-02-14,12474.0,12687.0,12460.0,12567.0,12352.0,12544.75,0,NQH3
2023-02-15,12553.5,12623.75,12531.25,12673.5,12390.5,12630.75,0,NQH3
2023-02-16,12524.0,12792.75,12514.0,12734.5,12524.25,12734.0,0,NQH3
2023-02-17,12390.0,12466.25,12338.0,12694.25,12475.75,12481.5,0,NQH3
2023-02-20,12393.25,12417.75,12346.5,12423.75,12265.75,12392.0,0,NQH3
2023-02-21,12229.0,12379.5,12224.5,12395.75,12366.0,12366.75,0,NQH3
2023-02-22,12120.75,12163.25,12063.25,12290.0,12090.25,12098.0,0,NQH3
2023-02-23,12252.5,12261.0,12150.75,12190.5,12034.0,12103.0,0,NQH3
2023-02-24,11993.75,12214.5,11973.5,12259.75,12028.5,12206.25,0,NQH3
2023-02-27,12131.0,12153.0,11990.0,12043.0,11923.0,11998.0,0,NQH3
2023-02-28,12055.75,12146.25,12029.5,12189.5,12058.5,12084.0,0,NQH3
2023-03-01,12052.0,12141.75,11989.25,12172.75,12041.5,12064.5,0,NQH3
2023-03-02,11857.5,11991.75,11832.5,12079.5,11924.75,11965.25,0,NQH3
2023-03-03,12134.75,12154.75,12012.0,12096.25,11846.25,12065.75,0,NQH3
2023-03-06,12360.75,12382.25,12276.25,12321.25,12111.5,12312.5,0,NQH3
2023-03-07,12324.25,12381.25,12312.25,12486.25,12314.25,12323.75,0,NQH3
2023-03-08,12185.25,12217.25,12138.75,12362.75,12142.25,12169.0,0,NQH3
2023-03-09,12246.25,12276.25,12136.25,12254.5,12108.25,12231.25,0,NQH3
2023-03-10,12018.0,12109.0,11921.5,12353.5,11977.5,12006.25,0,NQH3
2023-03-13,11886.5,12095.75,11674.25,12079.5,11795.0,11841.25,1,NQH3
2023-03-14,12208.5,12218.0,11954.0,12213.5,11822.0,12054.25,1,NQH3
2023-03-15,12210.5,12374.25,12096.75,12356.5,12168.5,12328.5,0,NQM3
2023-03-16,12345.25,12462.5,12333.25,12407.5,12152.25,12392.0,0,NQM3
2023-03-17,12712.5,12767.75,12660.25,12735.75,12314.0,12716.5,0,NQM3
2023-03-20,12623.0,12750.0,12525.25,12811.25,12569.5,12647.5,0,NQM3
2023-03-21,12775.25,12792.0,12676.5,12708.0,12529.5,12693.0,0,NQM3
2023-03-22,12872.75,12886.5,12809.25,12898.25,12712.5,12877.25,0,NQM3
2023-03-23,12855.0,12858.0,12694.25,13082.0,12696.0,12699.0,0,NQM3
2023-03-24,12826.75,12920.25,12753.5,13031.0,12733.5,12847.25,0,NQM3
2023-03-27,12919.25,12984.5,12848.75,12896.0,12728.0,12894.5,0,NQM3
2023-03-28,12776.25,12833.5,12751.25,12965.25,12765.5,12799.75,0,NQM3
2023-03-29,12887.25,12890.0,12742.0,12777.25,12634.25,12732.5,0,NQM3
2023-03-30,13064.75,13074.75,12931.5,12994.0,12854.5,12969.0,0,NQM3
2023-03-31,13092.0,13138.75,13057.5,13111.75,13011.25,13085.25,0,NQM3
2023-04-03,13210.0,13275.5,13179.5,13311.5,13080.25,13301.5,0,NQM3
2023-04-04,13284.75,13348.75,13226.5,13278.75,13154.0,13268.5,0,NQM3
2023-04-05,13173.75,13247.25,13172.75,13326.75,13168.25,13223.5,0,NQM3
2023-04-06,13012.5,13079.75,12985.25,13182.0,13006.0,13079.5,0,NQM3
2023-04-07,,13192.25,13122.0,13191.0,12953.25,13171.25,0,NQM3
2023-04-10,13043.75,13203.25,13036.75,,,,0,NQM3
2023-04-11,13159.25,13208.75,13125.5,13164.75,12967.5,13164.5,0,NQM3
2023-04-12,13157.0,13241.75,13038.5,13160.5,13053.5,13076.5,0,NQM3
2023-04-13,13027.75,13038.0,12925.5,13180.5,12937.75,12958.5,0,NQM3
2023-04-14,13139.25,13217.25,13101.0,13228.0,13019.75,13209.75,0,NQM3
2023-04-17,13162.5,13218.0,13156.25,13255.0,13058.0,13181.0,0,NQM3
2023-04-18,13280.0,13298.75,13160.25,13206.0,13076.75,13189.5,0,NQM3
2023-04-19,13085.25,13186.75,13065.0,13297.75,13138.0,13189.25,0,NQM3
2023-04-20,13051.5,13165.75,13025.0,13226.75,13080.5,13182.75,0,NQM3
2023-04-21,13057.75,13107.75,13005.0,13200.0,13021.75,13077.0,0,NQM3
2023-04-24,13077.5,13099.5,13014.25,13122.0,12982.5,13088.25,0,NQM3
2023-04-25,12988.25,13059.5,12966.75,13134.0,12967.25,13059.25,0,NQM3
2023-04-26,12950.25,12996.5,12885.25,13015.5,12806.0,12808.5,0,NQM3
2023-04-27,13040.75,13048.0,12936.0,13012.25,12863.75,12882.5,0,NQM3
2023-04-28,13220.25,13236.0,13169.0,13253.25,13013.5,13231.25,0,NQM3
2023-05-01,13300.75,13370.25,13285.25,13324.25,13172.25,13323.75,0,NQM3
2023-05-02,13301.0,13334.75,13267.75,13363.5,13258.75,13304.0,0,NQM3
2023-05-03,13198.75,13231.5,13157.0,13313.25,13110.25,13184.75,0,NQM3
2023-05-04,13082.75,13173.0,13044.25,13314.0,13092.5,13100.0,0,NQM3
2023-05-05,13139.25,13157.5,13055.75,13131.25,13001.75,13048.0,0,NQM3
2023-05-08,13301.0,13335.0,13287.75,13359.0,13124.25,13324.0,0,NQM3
2023-05-09,13281.0,13347.0,13269.0,13368.0,13254.5,13354.5,0,NQM3
2023-05-10,13366.5,13408.5,13202.75,13317.5,13250.5,13266.25,0,NQM3
2023-05-11,13427.25,13467.5,13403.5,13446.75,13262.25,13410.5,0,NQM3
2023-05-12,13468.0,13494.25,13444.75,13470.25,13361.5,13447.25,0,NQM3
2023-05-15,13416.75,13447.5,13350.0,13487.25,13310.5,13397.5,0,NQM3
2023-05-16,13436.0,13492.0,13426.25,13480.0,13351.5,13472.0,0,NQM3
2023-05-17,13525.0,13526.5,13474.25,13554.5,13434.5,13482.25,0,NQM3
2023-05-18,13653.75,13683.25,13628.25,13669.0,13475.5,13644.75,0,NQM3
2023-05-19,13898.25,13960.25,13877.5,13901.25,13652.75,13889.75,0,NQM3
2023-05-22,13848.0,13879.25,13794.25,13929.0,13814.25,13858.25,0,NQM3
2023-05-23,13831.0,13979.25,13825.0,13946.75,13847.0,13905.0,0,NQM3
2023-05-24,13643.25,13755.75,13627.75,13878.0,13710.0,13725.5,0,NQM3
2023-05-25,13954.75,13976.0,13803.0,13705.75,13566.5,13652.75,0,NQM3
2023-05-26,14018.5,14044.75,13924.5,14031.25,13851.25,13978.25,0,NQM3
2023-05-29,14378.25,14459.75,14367.5,14368.5,14014.75,14333.0,0,NQM3
2023-05-30,14510.0,14570.0,14378.5,14412.25,14368.0,14404.75,0,NQM3
2023-05-31,14330.0,14429.0,14315.0,14559.5,14336.75,14397.0,0,NQM3
2023-06-01,14298.0,14336.5,14248.25,14412.25,14251.25,14301.75,0,NQM3
2023-06-02,14543.25,14565.0,14473.0,14528.25,14252.0,14473.25,0,NQM3
2023-06-05,14568.25,14579.5,14512.75,14627.75,14468.25,14579.5,0,NQM3
2023-06-06,14561.0,14615.0,14556.5,14694.75,14543.5,14587.25,0,NQM3
2023-06-07,14592.25,14614.25,14536.75,14623.75,14504.5,14583.75,0,NQM3
2023-06-08,14338.0,14372.0,14256.75,14675.0,14305.5,14331.75,0,NQM3
2023-06-09,14561.75,14564.75,14460.25,14523.5,14328.0,14499.75,0,NQM3
2023-06-12,14804.0,14823.5,14554.25,14687.5,14496.25,14556.5,1,NQM3
2023-06-13,15097.0,15151.25,14979.5,14990.75,14764.0,14987.5,0,NQU3
2023-06-14,15095.5,15152.0,15081.0,15130.0,14963.0,15096.5,0,NQU3
2023-06-15,15141.0,15229.0,15066.0,15216.0,14976.0,15203.25,0,NQU3
2023-06-16,15471.0,15474.5,15315.0,15441.0,15114.5,15377.5,0,NQU3
2023-06-19,15251.0,15322.5,15234.0,15475.5,15258.5,15274.75,0,NQU3
2023-06-20,15211.5,15257.75,15168.75,15253.0,15230.5,15239.25,0,NQU3
2023-06-21,15201.75,15273.25,15181.75,15310.75,15126.5,15253.5,0,NQU3
2023-06-22,14981.5,15058.0,14970.0,15219.25,15002.25,15045.25,0,NQU3
2023-06-23,15043.5,15236.0,15019.0,15218.0,14964.0,15213.5,0,NQU3
2023-06-26,15036.5,15114.0,14998.75,15155.25,14985.25,15060.0,0,NQU3
2023-06-27,14917.75,14937.25,14862.25,15152.5,14853.5,14857.25,0,NQU3
2023-06-28,15029.5,15092.75,15021.25,15139.25,14888.0,15108.25,0,NQU3
2023-06-29,15119.25,15202.75,15101.25,15219.0,15025.5,15139.5,0,NQU3
2023-06-30,15252.0,15263.75,15099.0,15144.75,15028.5,15103.25,0,NQU3
2023-07-03,15355.25,15392.0,15330.5,15376.75,15238.5,15331.0,0,NQU3
2023-07-04,15363.75,15364.75,15334.25,15390.0,15308.0,15357.0,0,NQU3
2023-07-05,15293.5,15356.5,15255.25,15368.5,15340.5,15344.5,0,NQU3
2023-07-06,15196.0,15366.0,15164.5,15432.0,15292.5,15359.75,0,NQU3
2023-07-07,15220.5,15314.0,15176.5,15252.0,15111.5,15235.75,0,NQU3
2023-07-10,15168.5,15198.5,15078.0,15359.75,15172.25,15183.25,0,NQU3
2023-07-11,15202.0,15239.75,15176.0,15214.75,15063.25,15190.0,0,NQU3
2023-07-12,15430.25,15438.0,15254.5,15278.75,15109.5,15258.5,0,NQU3
2023-07-13,15576.25,15581.25,15456.5,15507.75,15344.0,15451.75,0,NQU3
2023-07-14,15722.0,15738.5,15680.0,15741.25,15552.25,15706.0,0,NQU3
2023-07-17,15729.75,15729.5,15661.5,15857.25,15663.0,15703.0,0,NQU3
2023-07-18,15815.25,15843.75,15796.0,15882.75,15708.75,15844.25,0,NQU3
2023-07-19,16012.75,16017.5,15945.0,16029.75,15733.0,15973.0,0,NQU3
2023-07-20,15833.75,15925.75,15805.25,16062.75,15911.25,15957.0,0,NQU3
2023-07-21,15688.25,15717.5,15554.5,15895.0,15547.0,15588.0,0,NQU3
2023-07-24,15578.5,15594.25,15527.0,15719.25,15522.25,15537.5,0,NQU3
2023-07-25,15589.0,15629.25,15549.25,15618.75,15483.75,15563.75,0,NQU3
2023-07-26,15619.0,15739.25,15606.25,15736.25,15587.75,15668.75,0,NQU3
2023-07-27,15834.75,15844.5,15631.5,15684.5,15515.0,15612.75,0,NQU3
2023-07-28,15737.75,15762.0,15546.25,15904.0,15511.25,15566.0,0,NQU3
2023-07-31,15860.0,15917.0,15791.25,15896.0,15715.75,15849.75,0,NQU3
2023-08-01,15796.5,15889.25,15755.75,15905.0,15800.25,15863.0,0,NQU3
2023-08-02,15667.5,15789.75,15590.25,15849.25,15728.25,15816.75,0,NQU3
2023-08-03,15358.0,15507.5,15339.5,15668.75,15414.0,15468.25,0,NQU3
2023-08-04,15511.5,15562.5,15401.75,15523.5,15351.25,15430.25,0,NQU3
2023-08-07,15433.5,15466.5,15357.75,15610.25,15336.5,15358.0,0,NQU3
2023-08-08,15379.0,15497.75,15318.75,15491.25,15334.25,15486.5,0,NQU3
2023-08-09,15361.0,15432.5,15343.5,15379.5,15218.0,15350.25,0,NQU3
2023-08-10,15300.75,15357.5,15200.75,15368.5,15146.5,15180.25,0,NQU3
2023-08-11,15091.75,15266.75,15079.25,15442.25,15136.0,15200.5,0,NQU3
2023-08-14,15068.25,15225.0,15020.75,15174.25,15037.25,15101.0,0,NQU3
2023-08-15,15225.0,15335.0,15152.0,15273.5,15035.0,15272.5,0,NQU3
2023-08-16,15079.75,15166.0,15064.0,15259.25,15074.75,15105.25,0,NQU3
2023-08-17,14994.25,15018.25,14887.5,15144.0,14938.25,14939.0,0,NQU3
2023-08-18,14632.25,14791.0,14620.0,15007.5,14754.5,14772.25,0,NQU3
2023-08-21,14808.75,14858.5,14720.5,14802.75,14609.25,14750.25,0,NQU3
2023-08-22,15091.5,15118.25,14943.0,15013.75,14788.75,14987.0,0,NQU3
2023-08-23,15009.25,15083.0,14957.25,15092.25,14932.0,14960.25,0,NQU3
2023-08-24,15335.5,15418.0,15294.0,15242.5,14999.5,15198.0,0,NQU3
2023-08-25,14897.25,14918.25,14785.25,15339.75,14854.75,14859.25,0,NQU3
2023-08-28,15097.5,15106.75,14973.5,15048.75,14751.75,14977.5,0,NQU3
2023-08-29,15076.75,15147.25,15049.75,15126.5,14983.5,15090.25,0,NQU3
2023-08-30,15416.25,15468.0,15361.5,15430.5,15062.75,15413.5,0,NQU3
2023-08-31,15492.25,15544.25,15460.0,15522.75,15375.0,15502.0,0,NQU3
2023-09-01,15633.0,15661.25,15502.0,15606.75,15488.75,15532.25,0,NQU3
2023-09-04,15555.0,15570.5,15500.5,15652.75,15454.0,15520.0,0,NQU3
2023-09-05,15481.75,15534.75,15418.25,15578.75,15512.25,15523.75,0,NQU3
2023-09-06,15499.5,15533.0,15438.75,15586.75,15442.75,15533.75,0,NQU3
2023-09-07,15200.5,15395.75,15183.0,15514.25,15310.5,15398.0,0,NQU3
2023-09-08,15273.0,15343.75,15223.0,15311.75,15157.5,15276.75,0,NQU3
2023-09-11,15618.75,15634.0,15298.75,15390.75,15255.75,15295.25,1,NQU3
2023-09-12,15600.5,15680.0,15591.25,15696.0,15537.25,15674.0,0,NQZ3
2023-09-13,15503.75,15529.75,15406.0,15658.75,15483.75,15497.75,0,NQZ3
2023-09-14,15620.0,15647.75,15563.25,15619.75,15454.25,15554.5,0,NQZ3
2023-09-15,15610.5,15719.75,15592.25,15714.5,15531.0,15672.5,0,NQZ3
2023-09-18,15355.75,15428.75,15330.5,15627.5,15356.75,15390.75,0,NQZ3
2023-09-19,15355.0,15442.25,15345.0,15461.0,15343.0,15413.25,0,NQZ3
2023-09-20,15419.25,15436.25,15342.25,15408.0,15248.5,15377.25,0,NQZ3
2023-09-21,14988.0,15149.0,14942.25,15435.25,15147.5,15152.25,0,NQZ3
2023-09-22,14937.5,14972.5,14836.25,15020.25,14859.25,14861.75,0,NQZ3
2023-09-25,14824.5,14946.0,14782.25,15027.5,14852.5,14866.75,0,NQZ3
2023-09-26,14825.0,14949.0,14795.0,14939.25,14782.5,14936.75,0,NQZ3
2023-09-27,14753.0,14796.0,14713.5,14846.25,14666.25,14708.75,0,NQZ3
2023-09-28,14695.0,14794.0,14677.75,14821.5,14586.0,14743.75,0,NQZ3
2023-09-29,15001.5,15009.75,14825.5,14947.5,14658.0,14858.5,0,NQZ3
2023-10-02,14873.75,15010.5,14826.0,15060.75,14811.0,14868.25,0,NQZ3
2023-10-03,14880.25,15031.0,14847.25,15046.0,14847.75,14988.0,0,NQZ3
2023-10-04,14753.0,14799.75,14589.0,14974.75,14651.5,14719.5,0,NQZ3
2023-10-05,14909.0,14958.75,14850.75,14956.0,14734.5,14919.75,0,NQZ3
2023-10-06,14736.75,14922.0,14660.0,14926.5,14716.25,14866.0,0,NQZ3
2023-10-09,15012.25,15040.5,14971.75,15160.25,14702.25,15113.25,0,NQZ3
2023-10-10,15201.0,15239.25,15171.75,15212.75,14949.5,15190.75,0,NQZ3
2023-10-11,15325.25,15345.75,15273.25,15383.5,15180.0,15270.25,0,NQZ3
2023-10-12,15392.75,15448.0,15361.5,15387.25,15253.0,15377.0,0,NQZ3
2023-10-13,15342.25,15348.75,15217.25,15468.75,15216.25,15315.25,0,NQZ3
2023-10-16,15175.75,15187.5,15083.0,15366.75,15062.25,15121.5,0,NQZ3
2023-10-17,15138.5,15306.5,15136.5,15336.75,15168.75,15293.5,0,NQZ3
2023-10-18,15130.75,15238.25,15124.0,15309.25,15050.25,15241.0,0,NQZ3
2023-10-19,15087.5,15107.0,14937.0,15223.75,14979.25,15023.5,0,NQZ3
2023-10-20,14862.5,14887.5,14796.0,15138.25,14852.25,14885.75,0,NQZ3
2023-10-23,14602.5,14716.0,14520.5,14886.0,14651.75,14661.25,0,NQZ3
2023-10-24,14778.25,14825.0,14720.0,14853.75,14514.25,14706.25,0,NQZ3
2023-10-25,14741.5,14855.0,14713.0,14878.0,14706.0,14846.25,0,NQZ3
2023-10-26,14420.75,14430.75,14257.0,14749.25,14451.25,14476.25,0,NQZ3
2023-10-27,14307.0,14343.5,14246.5,14459.0,14140.25,14194.5,0,NQZ3
2023-10-30,14365.75,14391.75,14303.0,14407.75,14209.75,14266.0,0,NQZ3
2023-10-31,14419.25,14454.0,14320.25,14476.5,14306.25,14418.75,0,NQZ3
2023-11-01,14520.25,14534.5,14410.75,14503.75,14311.25,14489.5,0,NQZ3
2023-11-02,14920.5,14953.5,14760.0,14762.0,14515.25,14742.75,0,NQZ3
2023-11-03,15051.0,15065.5,14925.5,15008.5,14869.5,14999.5,0,NQZ3
2023-11-06,15204.0,15225.25,15162.75,15228.5,15040.5,15174.5,0,NQZ3
2023-11-07,15275.75,15284.5,15176.0,15257.5,15138.0,15233.75,0,NQZ3
2023-11-08,15388.5,15390.0,15336.25,15412.25,15224.0,15375.25,0,NQZ3
2023-11-09,15404.5,15411.0,15345.25,15417.5,15286.75,15383.75,0,NQZ3
2023-11-10,15327.75,15331.0,15207.25,15453.75,15236.75,15258.75,0,NQZ3
2023-11-13,15529.75,15601.25,15509.5,15604.5,15305.5,15597.25,0,NQZ3
2023-11-14,15812.0,15839.75,15552.0,15589.5,15465.25,15547.75,0,NQZ3
2023-11-15,15957.25,16049.5,15895.0,15918.75,15790.25,15878.75,0,NQZ3
2023-11-16,15850.75,15883.25,15822.0,15977.25,15832.5,15890.5,0,NQZ3
2023-11-17,15862.75,15919.75,15860.0,15906.75,15796.75,15897.25,0,NQZ3
2023-11-20,15895.0,15932.0,15837.25,15940.0,15825.0,15897.5,0,NQZ3
2023-11-21,16013.0,16122.5,16000.25,16116.75,15894.75,16088.5,0,NQZ3
2023-11-22,16069.75,16079.25,15942.75,16020.75,15916.75,15988.5,0,NQZ3
2023-11-23,16063.0,16086.5,16034.5,16173.5,16005.5,16048.0,0,NQZ3
2023-11-24,16028.5,16077.0,16024.5,16074.75,16051.5,16062.5,0,NQZ3
2023-11-27,15999.0,16021.75,15938.75,16053.5,15981.75,16011.0,0,NQZ3
2023-11-28,15974.5,16014.0,15945.25,16089.25,15970.25,16007.5,0,NQZ3
2023-11-29,16147.25,16173.25,16040.5,16071.5,15958.5,16048.0,0,NQZ3
2023-11-30,16032.5,16098.5,16027.25,16208.5,16013.5,16026.0,0,NQZ3
2023-12-01,15933.5,16000.75,15919.25,16051.5,15856.0,15981.0,0,NQZ3
2023-12-04,15862.5,16026.0,15848.5,16050.0,15864.0,16025.0,0,NQZ3
2023-12-05,15791.25,15863.25,15761.25,15885.75,15721.25,15871.25,0,NQZ3
2023-12-06,16033.5,16037.0,15891.0,15961.0,15783.25,15912.0,0,NQZ3
2023-12-07,15934.25,15940.0,15791.0,16037.75,15802.0,15815.0,0,NQZ3
2023-12-08,15956.0,16038.75,15888.25,16066.0,15887.5,16035.25,0,NQZ3
2023-12-11,16290.25,16307.75,16059.25,16118.75,15947.25,16098.75,1,NQH4
2023-12-12,16444.25,16548.0,16440.25,16459.5,16281.5,16447.75,0,NQH4
2023-12-13,16609.5,16635.75,16590.0,16579.75,16396.5,16577.5,0,NQH4
2023-12-14,16820.5,16885.0,16775.25,16806.5,16576.0,16779.5,0,NQH4
2023-12-15,16787.5,16818.5,16732.25,16877.25,16628.0,16755.5,0,NQH4
2023-12-18,16846.5,16858.75,16802.25,16887.25,16762.5,16819.75,0,NQH4
2023-12-19,16952.25,16989.25,16910.75,16974.0,16832.5,16938.25,0,NQH4
2023-12-20,16985.5,17046.0,16962.0,17027.5,16944.5,17021.0,0,NQH4
2023-12-21,16922.25,16970.25,16790.25,17073.5,16760.25,16764.25,0,NQH4
2023-12-22,16999.25,17014.0,16891.5,16966.0,16815.0,16950.5,0,NQH4
2023-12-26,17009.5,17037.25,16964.5,17041.5,16896.0,16980.25,0,NQH4
2023-12-27,17091.75,17106.25,17072.75,17111.25,17005.5,17084.5,0,NQH4
2023-12-28,17148.25,17165.25,17118.25,17127.75,17055.5,17116.75,0,NQH4
2023-12-29,17089.0,17131.0,17066.0,17159.0,17077.75,17090.75,0,NQH4
2024-01-02,16861.75,17038.5,16817.0,17107.5,16938.25,17019.0,0,NQH4
2024-01-03,16610.0,16737.25,16591.5,16873.5,16622.5,16721.0,0,NQH4
2024-01-04,16453.25,16587.25,16444.0,16653.5,16522.0,16540.75,0,NQH4
2024-01-05,16449.25,16469.0,16334.25,16583.75,16436.0,16443.75,0,NQH4
2024-01-08,16512.0,16514.25,16378.25,16577.25,16403.75,16463.75,0,NQH4
2024-01-09,16669.25,16796.0,16657.75,16811.25,16505.5,16801.25,0,NQH4
2024-01-10,16840.0,16906.25,16806.25,16868.5,16660.5,16831.75,0,NQH4
2024-01-11,16984.5,17057.0,16892.25,16983.0,16801.5,16941.5,0,NQH4
2024-01-12,17008.0,17008.75,16866.5,17043.5,16753.0,16965.5,0,NQH4
2024-01-15,16957.75,17024.25,16938.75,17042.5,16913.5,16972.25,0,NQH4
2024-01-16,16917.0,16965.0,16811.75,16979.0,16936.25,16970.0,0,NQH4
2024-01-17,16825.25,16982.0,16805.25,17033.75,16855.0,16968.0,0,NQH4
2024-01-18,16997.0,17044.75,16834.25,16885.0,16689.25,16868.75,0,NQH4
2024-01-19,17190.75,17255.25,17107.25,17125.75,16942.5,17109.0,0,NQH4
2024-01-22,17528.25,17582.5,17466.0,17448.0,17166.25,17442.5,0,NQH4
2024-01-23,17487.5,17525.5,17420.5,17585.0,17434.0,17460.75,0,NQH4
2024-01-24,17692.5,17694.5,17552.25,17539.0,17409.5,17529.5,0,NQH4
2024-01-25,17722.0,17727.25,17589.25,17793.5,17604.0,17624.75,0,NQH4
2024-01-26,17557.75,17611.5,17466.0,17752.0,17542.0,17638.0,0,NQH4
2024-01-29,17548.0,17591.5,17457.5,17632.0,17503.5,17529.25,0,NQH4
2024-01-30,17661.75,17735.75,17645.25,17716.25,17519.75,17708.0,0,NQH4
2024-01-31,17400.0,17468.75,17333.75,17684.75,17548.25,17583.75,0,NQH4
2024-02-01,17307.0,17363.75,17262.75,17484.0,17230.5,17238.75,0,NQH4
2024-02-02,17507.75,17643.25,17483.25,17453.25,17264.0,17440.25,0,NQH4
2024-02-05,17722.75,17739.25,17664.0,17775.5,17465.5,17729.75,0,NQH4
2024-02-06,17741.0,17769.0,17670.5,17745.5,17554.25,17697.25,0,NQH4
2024-02-07,17773.5,17779.5,17629.75,17767.75,17560.75,17661.75,0,NQH4
2024-02-08,17835.75,17862.5,17792.25,17875.5,17718.75,17841.25,0,NQH4
2024-02-09,17909.0,17972.0,17852.25,17896.5,17808.0,17865.5,0,NQH4
2024-02-12,18029.75,18059.25,18003.0,18071.0,17875.0,18039.0,0,NQH4
2024-02-13,17628.0,17963.25,17615.75,18121.5,17936.25,17963.5,0,NQH4
2024-02-14,17788.75,17811.75,17669.25,17791.75,17542.0,17680.5,0,NQH4
2024-02-15,17888.0,17933.5,17844.0,17887.0,17690.25,17869.25,0,NQH4
2024-02-16,17926.75,18026.0,17903.0,17933.0,17780.5,17914.0,0,NQH4
2024-02-19,17789.25,17803.5,17726.25,17930.0,17717.0,17747.0,0,NQH4
2024-02-20,17661.25,17793.0,17614.0,17807.5,17772.5,17788.75,0,NQH4
2024-02-21,17494.75,17590.0,17480.5,17724.0,17452.5,17612.5,0,NQH4
2024-02-22,17896.0,17925.75,17676.0,17542.5,17372.75,17537.0,0,NQH4
2024-02-23,18105.5,18113.0,17999.25,18087.0,17864.0,18044.75,0,NQH4
2024-02-26,18017.25,18028.0,17922.0,18144.75,17946.0,17986.5,0,NQH4
2024-02-27,18018.25,18040.25,17927.5,18059.5,17966.0,17977.5,0,NQH4
2024-02-28,17923.75,18019.75,17892.25,18032.5,17908.75,18017.75,0,NQH4
2024-02-29,18030.0,18035.0,17826.0,17975.0,17876.0,17917.5,0,NQH4
2024-03-01,18096.5,18163.0,18029.5,18109.5,17898.25,18067.0,0,NQH4
2024-03-04,18330.25,18377.75,18310.75,18372.75,18093.75,18335.0,0,NQH4
2024-03-05,18133.75,18252.0,18107.25,18346.5,18252.25,18258.5,0,NQH4
2024-03-06,18104.25,18105.75,17942.5,18135.25,17832.5,17931.75,0,NQH4
2024-03-07,18182.25,18188.5,17915.75,18174.25,17963.5,18044.25,0,NQH4
2024-03-08,18318.0,18375.25,18211.0,18360.0,18118.75,18309.25,0,NQH4
2024-03-11,18224.5,18304.0,17973.75,18436.5,18012.5,18040.5,1,NQH4
2024-03-12,18311.5,18381.0,18204.0,18271.25,18138.0,18216.25,0,NQM4
2024-03-13,18428.25,18506.75,18412.0,18491.0,18174.0,18475.75,0,NQM4
2024-03-14,18375.25,18428.25,18337.5,18429.75,18281.75,18330.5,0,NQM4
2024-03-15,18152.5,18322.75,18130.0,18398.0,18161.25,18278.25,0,NQM4
2024-03-18,18284.0,18296.0,18062.25,18174.5,18006.25,18058.5,0,NQM4
2024-03-19,18143.25,18252.75,18077.75,18381.0,18219.0,18229.5,0,NQM4
2024-03-20,18318.0,18331.25,18227.5,18289.25,18053.25,18270.0,0,NQM4
2024-03-21,18687.5,18695.75,18526.75,18497.75,18244.75,18484.5,0,NQM4
2024-03-22,18537.5,18607.0,18492.0,18709.0,18552.5,18558.75,0,NQM4
2024-03-25,18459.25,18601.25,18456.5,18626.0,18500.0,18572.0,0,NQM4
2024-03-26,18568.75,18619.0,18516.75,18571.75,18414.75,18509.5,0,NQM4
2024-03-27,18566.5,18571.75,18468.0,18608.5,18439.25,18450.5,0,NQM4
2024-03-28,18500.0,18527.75,18459.25,18571.75,18378.5,18506.75,0,NQM4
2024-04-01,18500.5,18612.0,18478.0,18538.75,18448.75,18463.0,0,NQM4
2024-04-02,18287.5,18511.0,18269.0,18607.0,18414.5,18495.25,0,NQM4
2024-04-03,18240.5,18345.0,18232.5,18347.0,18201.5,18330.5,0,NQM4
2024-04-04,18541.25,18552.0,18378.0,18451.75,18239.5,18370.5,0,NQM4
2024-04-05,18138.0,18190.25,18051.5,18568.0,18069.25,18075.0,0,NQM4
2024-04-08,18330.25,18372.25,18246.5,18408.25,18102.5,18293.25,0,NQM4
2024-04-09,18391.25,18395.5,18253.5,18376.0,18237.5,18297.0,0,NQM4
2024-04-10,18140.0,18474.25,18053.5,18405.0,18160.75,18362.25,0,NQM4
2024-04-11,18265.25,18286.25,18088.0,18234.0,18107.75,18191.5,0,NQM4
2024-04-12,18297.0,18507.75,18274.75,18518.75,18169.5,18482.25,0,NQM4
2024-04-15,18335.75,18350.75,18146.75,18343.25,18120.25,18181.0,0,NQM4
2024-04-16,17868.25,17918.5,17792.0,18339.0,17841.5,17876.25,0,NQM4
2024-04-17,17957.25,17968.5,17778.0,17988.0,17818.0,17876.5,0,NQM4
2024-04-18,17673.5,17770.75,17663.5,17959.5,17615.25,17654.25,0,NQM4
2024-04-19,17495.0,17553.25,17181.75,17746.0,17521.5,17545.0,0,NQM4
2024-04-22,17288.75,17314.25,17195.75,17517.0,17113.25,17181.75,0,NQM4
2024-04-23,17428.75,17437.0,17286.25,17448.0,17148.5,17350.5,0,NQM4
2024-04-24,17731.0,17754.75,17664.25,17657.25,17413.75,17607.0,0,NQM4
2024-04-25,17353.75,17525.0,17332.0,17795.5,17567.25,17658.25,0,NQM4
2024-04-26,17696.75,17827.0,17676.5,17605.0,17308.25,17567.25,0,NQM4
2024-04-29,17921.5,17929.0,17853.25,17901.5,17668.25,17839.25,0,NQM4
2024-04-30,17836.25,17920.25,17790.5,17949.0,17791.25,17905.0,0,NQM4
2024-05-01,17501.75,17529.25,17412.0,17895.25,17563.5,17563.5,0,NQM4
2024-05-02,17583.0,17619.75,17487.0,17793.25,17399.25,17431.5,0,NQM4
2024-05-03,17957.5,17968.0,17719.5,17685.5,17386.25,17648.25,0,NQM4
2024-05-06,18074.25,18078.25,17983.75,18050.25,17893.75,18001.5,0,NQM4
2024-05-07,18211.25,18213.5,18151.0,18198.25,18042.75,18197.25,0,NQM4
2024-05-08,18084.0,18216.75,18072.5,18266.25,18166.5,18196.5,0,NQM4
2024-05-09,18186.75,18210.5,18103.75,18242.25,18078.5,18183.0,0,NQM4
2024-05-10,18274.25,18306.75,18213.5,18239.25,18108.75,18215.75,0,NQM4
2024-05-13,18331.75,18335.25,18228.75,18348.0,18188.5,18254.25,0,NQM4
2024-05-14,18274.25,18308.75,18165.5,18336.25,18235.0,18295.75,0,NQM4
2024-05-15,18509.5,18547.75,18393.0,18433.0,18265.5,18411.25,0,NQM4
2024-05-16,18678.75,18738.75,18678.25,18707.0,18446.75,18692.75,0,NQM4
2024-05-17,18651.25,18686.75,18617.0,18760.75,18643.75,18651.0,0,NQM4
2024-05-20,18643.5,18689.5,18633.0,18677.0,18545.0,18638.5,0,NQM4
2024-05-21,18686.0,18763.25,18680.5,18794.5,18635.25,18766.25,0,NQM4
2024-05-22,18808.0,18824.0,18755.0,18808.75,18678.0,18800.75,0,NQM4
2024-05-23,18981.5,19023.25,18843.25,18838.75,18684.25,18793.75,0,NQM4
2024-05-24,18762.25,18772.75,18680.0,18982.5,18621.5,18696.75,0,NQM4
2024-05-27,18879.0,18889.0,18833.5,18926.0,18732.5,18874.25,0,NQM4
2024-05-28,18920.25,18980.5,18885.0,18956.0,18876.0,18950.75,0,NQM4
2024-05-29,18765.25,18949.75,18755.25,18945.5,18819.5,18943.0,0,NQM4
2024-05-30,18764.75,18787.0,18657.75,18879.75,18761.0,18810.75,0,NQM4
2024-05-31,18602.0,18668.25,18485.0,18769.5,18546.25,18604.0,0,NQM4
2024-06-03,18712.75,18716.5,18539.25,18631.5,18241.25,18598.5,0,NQM4
2024-06-04,18637.75,18677.0,18511.25,18755.5,18435.75,18652.75,0,NQM4
2024-06-05,18848.75,18853.75,18696.25,18753.25,18567.75,18701.75,0,NQM4
2024-06-06,19102.75,19124.5,19057.0,19079.5,18800.0,19077.5,0,NQM4
2024-06-07,19040.5,19146.75,18940.0,19115.75,19017.25,19065.75,0,NQM4
2024-06-10,18988.75,19059.75,18974.25,19155.0,18992.5,19040.75,0,NQM4
2024-06-11,19058.0,19113.5,19029.5,19129.75,18977.75,19112.5,0,NQM4
2024-06-12,19402.25,19458.75,19233.5,19247.5,18994.5,19242.0,0,NQM4
2024-06-13,19636.75,19691.0,19582.25,19588.75,19374.75,19492.25,0,NQM4
2024-06-14,19578.0,19658.5,19501.5,19663.5,19500.0,19592.5,0,NQM4
2024-06-17,19958.0,20012.75,19670.0,19692.5,19557.25,19687.5,1,NQM4
2024-06-18,20191.75,20270.5,20158.0,20271.25,19904.0,20196.5,0,NQU4
2024-06-19,20242.75,20250.5,20204.0,20229.5,20127.0,20199.5,0,NQU4
2024-06-20,20245.75,20371.0,20227.5,20252.5,20223.5,20231.0,0,NQU4
2024-06-21,20017.0,20086.0,19947.75,20263.25,19958.25,20035.25,0,NQU4
2024-06-24,19922.5,20030.25,19895.5,20072.75,19914.25,19975.0,0,NQU4
2024-06-25,19830.0,19851.0,19726.0,19995.5,19740.5,19744.75,0,NQU4
2024-06-26,19929.25,20070.5,19901.0,19981.25,19792.25,19966.75,0,NQU4
2024-06-27,19990.5,20008.0,19874.25,20028.0,19912.0,20004.75,0,NQU4
2024-06-28,20070.5,20178.0,20058.5,20116.75,19954.0,20048.0,0,NQU4
2024-07-01,19971.75,20020.75,19901.5,20273.25,19906.25,19932.5,0,NQU4
2024-07-02,19982.25,20054.5,19910.0,20074.0,19811.75,20048.75,0,NQU4
2024-07-03,20216.25,20283.75,20205.0,20259.25,19976.75,20256.5,0,NQU4
2024-07-04,20405.25,20420.5,20390.25,20435.25,20216.0,20419.5,0,NQU4
2024-07-05,20441.5,20496.0,20361.0,20406.25,20369.75,20381.25,0,NQU4
2024-07-08,20632.5,20641.75,20579.25,20639.5,20428.25,20621.75,0,NQU4
2024-07-09,20723.25,20748.75,20672.5,20688.0,20588.0,20666.5,0,NQU4
2024-07-10,20758.0,20767.25,20684.5,20771.75,20615.75,20679.5,0,NQU4
2024-07-11,20894.5,20983.75,20853.25,20916.75,20703.0,20894.5,0,NQU4
2024-07-12,20443.25,20468.5,20335.0,20902.25,20377.25,20429.75,0,NQU4
2024-07-15,20610.0,20652.5,20508.0,20741.0,20425.25,20540.5,0,NQU4
2024-07-16,20649.25,20655.0,20541.75,20797.0,20506.25,20593.25,0,NQU4
2024-07-17,20260.5,20597.75,20254.5,20684.5,20464.5,20599.5,0,NQU4
2024-07-18,20141.5,20162.5,20018.5,20281.5,19987.75,19992.0,0,NQU4
2024-07-19,19868.5,19979.75,19753.5,20149.25,19758.75,19891.25,0,NQU4
2024-07-22,19954.75,19958.5,19718.75,19976.5,19654.0,19711.75,0,NQU4
2024-07-23,19957.75,20015.5,19868.25,20044.75,19809.75,19998.25,0,NQU4
2024-07-24,19640.5,19883.0,19607.5,20084.75,19904.0,19924.75,0,NQU4
2024-07-25,19217.0,19304.5,19062.0,19653.75,19168.75,19204.5,0,NQU4
2024-07-26,19163.0,19236.5,18995.0,19390.5,18883.25,18991.0,0,NQU4
2024-07-29,19285.25,19362.0,19167.75,19297.75,19040.25,19175.25,0,NQU4
2024-07-30,19288.0,19293.25,19076.0,19377.25,19113.25,19209.0,0,NQU4
2024-07-31,19371.75,19380.75,18861.75,19319.75,18803.0,18938.75,0,NQU4
2024-08-01,19525.0,19717.0,19504.75,19573.25,19310.75,19496.5,0,NQU4
2024-08-02,18650.5,18979.75,18508.5,19682.0,18868.25,19027.25,0,NQU4
2024-08-05,17561.75,18390.0,17351.0,18761.0,18385.75,18561.0,0,NQU4
2024-08-06,18078.0,18437.0,18016.5,18289.0,17509.25,18021.5,0,NQU4
2024-08-07,18453.25,18461.75,18030.25,18483.25,17966.0,18172.0,0,NQU4
2024-08-08,18224.5,18252.25,17741.75,18558.5,17951.75,17972.5,0,NQU4
2024-08-09,18451.0,18651.0,18383.0,18555.25,18064.25,18519.25,0,NQU4
2024-08-12,18641.25,18693.5,18515.0,18674.5,18404.5,18609.75,0,NQU4
2024-08-13,18821.75,18847.0,18628.5,18765.25,18523.5,18645.25,0,NQU4
2024-08-14,19137.25,19163.5,19000.0,19112.5,18816.25,19101.25,0,NQU4
2024-08-15,19352.0,19371.5,19100.5,19203.5,18925.5,19107.25,0,NQU4
2024-08-16,19503.5,19683.0,19447.5,19603.25,19336.25,19587.25,0,NQU4
2024-08-19,19604.5,19688.0,19525.25,19660.75,19462.5,19603.5,0,NQU4
2024-08-20,19817.75,19931.0,19812.25,19861.25,19529.0,19860.0,0,NQU4
2024-08-21,19842.0,19863.75,19785.5,19925.0,19743.0,19811.75,0,NQU4
2024-08-22,19997.5,20003.5,19866.0,19981.75,19771.5,19905.75,0,NQU4
2024-08-23,19755.25,19778.25,19612.5,20025.25,19542.0,19585.5,0,NQU4
2024-08-26,19763.0,19846.25,19716.25,19904.25,19591.75,19789.0,0,NQU4
2024-08-27,19523.5,19647.0,19476.0,19801.5,19505.5,19593.25,0,NQU4
2024-08-28,19625.75,19691.0,19560.75,19694.25,19441.5,19651.25,0,NQU4
2024-08-29,19498.0,19516.25,19140.25,19656.5,19278.5,19421.25,0,NQU4
2024-08-30,19559.25,19573.0,19394.0,19693.5,19337.0,19393.5,0,NQU4
2024-09-02,19618.75,19637.75,19511.0,19632.75,19370.5,19610.25,0,NQU4
2024-09-03,19478.0,19683.0,19445.5,19670.25,19587.5,19647.0,0,NQU4
2024-09-04,18878.25,19005.75,18825.75,19483.25,18911.0,19012.25,0,NQU4
2024-09-05,18886.5,19006.0,18827.25,19114.75,18838.25,18957.0,0,NQU4
2024-09-06,18929.75,18972.25,18703.0,19150.5,18842.0,18975.5,0,NQU4
2024-09-09,18628.75,18645.75,18386.0,18967.25,18430.25,18458.25,0,NQU4
2024-09-10,18758.25,18778.0,18582.25,18730.0,18497.25,18688.5,0,NQU4
2024-09-11,18902.0,18927.5,18705.0,18878.5,18589.75,18855.5,0,NQU4
2024-09-12,19258.75,19342.75,19226.25,19293.5,18547.0,19254.5,0,NQU4
2024-09-13,19409.25,19488.5,19406.0,19483.5,19185.0,19451.5,0,NQU4
2024-09-16,19670.75,19781.5,19442.0,19577.25,19398.25,19527.25,1,NQU4
2024-09-17,19795.5,19819.5,19633.0,19697.5,19529.0,19670.5,0,NQZ4
2024-09-18,19730.5,19736.0,19657.25,19850.25,19574.5,19682.5,0,NQZ4
2024-09-19,20052.25,20057.25,19636.75,19900.0,19558.0,19583.75,0,NQZ4
2024-09-20,20035.0,20075.0,19981.0,20203.0,19964.0,20081.5,0,NQZ4
2024-09-23,20077.25,20164.0,19955.25,20084.0,19860.0,20032.75,0,NQZ4
2024-09-24,20135.0,20179.25,20022.5,20126.75,20018.75,20076.5,0,NQZ4
2024-09-25,20141.0,20192.25,20064.25,20214.75,19953.0,20170.25,0,NQZ4
2024-09-26,20503.0,20538.0,20232.0,20271.0,20135.5,20195.0,0,NQZ4
2024-09-27,20377.5,20395.75,20235.0,20517.5,20188.0,20341.5,0,NQZ4
2024-09-30,20179.5,20287.0,20119.5,20383.0,20173.0,20223.0,0,NQZ4
2024-10-01,20252.0,20331.75,20213.25,20286.75,20056.0,20270.25,0,NQZ4
2024-10-02,19942.75,20010.75,19878.75,20266.0,19818.0,19978.25,0,NQZ4
2024-10-03,19912.0,20068.0,19852.0,20090.25,19833.5,20010.0,0,NQZ4
2024-10-04,20227.25,20263.75,19941.5,20113.75,19879.0,19988.0,0,NQZ4
2024-10-07,20137.0,20267.25,20058.0,20245.5,20013.25,20227.25,0,NQZ4
2024-10-08,20103.25,20106.75,19902.5,20187.25,19948.0,19999.0,0,NQZ4
2024-10-09,20282.0,20300.75,20196.0,20329.5,20069.75,20300.0,0,NQZ4
2024-10-10,20359.0,20478.5,20322.25,20482.75,20238.5,20458.25,0,NQZ4
2024-10-11,20340.25,20468.25,20339.5,20508.25,20301.5,20429.5,0,NQZ4
2024-10-14,20550.5,20566.5,20383.25,20494.25,20314.75,20449.75,0,NQZ4
2024-10-15,20631.75,20651.0,20563.5,20680.0,20525.0,20621.75,0,NQZ4
2024-10-16,20352.5,20398.5,20306.0,20659.25,20254.0,20343.5,0,NQZ4
2024-10-17,20573.25,20594.75,20276.75,20379.25,20206.25,20346.25,0,NQZ4
2024-10-18,20465.75,20508.5,20320.75,20576.0,20353.75,20364.0,0,NQZ4
2024-10-21,20427.75,20526.0,20343.75,20529.75,20433.0,20482.75,0,NQZ4
2024-10-22,20402.75,20544.0,20360.25,20554.5,20345.0,20520.5,0,NQZ4
2024-10-23,20435.0,20542.5,20423.75,20602.25,20369.5,20539.75,0,NQZ4
2024-10-24,20372.5,20428.5,20268.0,20462.75,20079.0,20218.25,0,NQZ4
2024-10-25,20491.25,20512.0,20364.0,20408.5,20261.75,20380.0,0,NQZ4
2024-10-28,20625.25,20676.5,20525.25,20707.25,20460.0,20495.0,0,NQZ4
2024-10-29,20511.0,20554.75,20451.0,20626.75,20486.0,20500.5,0,NQZ4
2024-10-30,20661.25,20788.5,20639.75,20746.5,20432.25,20695.0,0,NQZ4
2024-10-31,20366.0,20495.75,20287.0,20699.5,20514.75,20534.5,0,NQZ4
2024-11-01,20069.0,20146.5,20017.0,20369.25,20009.25,20011.25,0,NQZ4
2024-11-04,20120.25,20248.5,20070.5,20288.0,20057.5,20147.0,0,NQZ4
2024-11-05,20152.25,20171.25,20041.75,20226.75,20013.0,20085.25,0,NQZ4
2024-11-06,20684.75,20731.25,20323.5,20372.75,20147.0,20341.25,0,NQZ4
2024-11-07,21006.75,21020.5,20861.5,20931.0,20644.0,20893.75,0,NQZ4
2024-11-08,21185.5,21263.25,21121.75,21253.0,21004.0,21221.75,0,NQZ4
2024-11-11,21283.0,21340.75,21249.0,21265.0,21161.25,21234.0,0,NQZ4
2024-11-12,21214.25,21249.5,21128.5,21292.75,21098.25,21220.25,0,NQZ4
2024-11-13,21158.75,21243.5,21101.25,21251.75,21054.75,21185.0,0,NQZ4
2024-11-14,21137.75,21190.25,21090.25,21268.5,21056.5,21158.75,0,NQZ4
2024-11-15,20758.75,20981.5,20752.5,21174.75,20971.25,21008.5,0,NQZ4
2024-11-18,20557.0,20657.0,20476.0,20773.75,20405.25,20491.75,0,NQZ4
2024-11-19,20521.5,20697.0,20382.5,20724.25,20501.0,20631.75,0,NQZ4
2024-11-20,20753.0,20843.25,20732.75,20792.5,20508.0,20765.25,0,NQZ4
2024-11-21,20876.0,20888.75,20595.25,20764.5,20477.0,20752.25,0,NQZ4
2024-11-22,20791.25,20844.5,20693.25,20905.75,20514.25,20823.75,0,NQZ4
2024-11-25,21016.5,21045.5,20928.5,20880.0,20722.25,20847.25,0,NQZ4
2024-11-26,20938.75,20979.5,20755.0,21081.0,20780.25,20878.0,0,NQZ4
2024-11-27,20936.25,21019.0,20904.25,21024.75,20903.75,20989.75,0,NQZ4
2024-11-28,20874.0,20878.0,20807.25,20939.5,20675.0,20816.25,0,NQZ4
2024-11-29,20830.5,20937.75,20812.25,20909.5,20874.0,20890.0,0,NQZ4
2024-12-02,21042.75,21046.5,20940.0,21017.5,20805.5,20991.25,0,NQZ4
2024-12-03,21158.0,21243.5,21144.5,21259.75,21026.5,21217.0,0,NQZ4
2024-12-04,21417.5,21457.0,21305.75,21289.75,21134.25,21279.0,0,NQZ4
2024-12-05,21535.25,21537.75,21489.0,21548.5,21388.25,21537.5,0,NQZ4
2024-12-06,21491.0,21529.75,21424.75,21567.25,21459.0,21475.5,0,NQZ4
2024-12-09,21615.0,21706.25,21586.0,21669.25,21486.0,21658.5,0,NQZ4
2024-12-10,21532.75,21538.0,21448.0,21648.75,21436.0,21485.5,0,NQZ4
2024-12-11,21589.5,21590.0,21405.75,21606.75,21352.75,21408.0,0,NQZ4
2024-12-12,21694.0,21772.5,21648.75,21820.0,21573.0,21791.75,0,NQZ4
2024-12-13,21795.25,21843.75,21698.0,21745.0,21624.75,21643.25,0,NQZ4
2024-12-16,21899.5,21913.5,21762.0,21908.0,21666.5,21797.5,1,NQH5
2024-12-17,22336.0,22425.75,22323.5,22450.0,21896.0,22409.25,0,NQH5
2024-12-18,22280.5,22387.75,22206.0,22386.0,22244.25,22315.25,0,NQH5
2024-12-19,21677.0,21682.0,21427.75,22351.75,21430.0,21496.75,0,NQH5
2024-12-20,21210.5,21429.25,21006.5,21697.75,21363.0,21376.75,0,NQH5
2024-12-23,21619.25,21741.75,21544.25,21812.25,21160.5,21567.5,0,NQH5
2024-12-24,21826.25,21847.5,21709.0,21776.75,21476.75,21755.5,0,NQH5
2024-12-26,21961.5,22111.25,21894.25,22049.75,21799.25,22046.5,0,NQH5
2024-12-27,21846.0,22008.0,21844.0,22076.25,21870.25,22007.25,0,NQH5
2024-12-30,21409.0,21742.75,21358.5,21863.0,21498.75,21703.0,0,NQH5
2024-12-31,21456.0,21524.75,21343.5,21571.0,21253.0,21411.75,0,NQH5
2025-01-02,21347.75,21490.5,21121.75,21488.5,21182.0,21220.25,0,NQH5
2025-01-03,21293.75,21303.0,21144.0,21444.0,20983.75,21169.0,0,NQH5
2025-01-06,21732.75,21760.5,21478.25,21559.25,21261.5,21508.25,0,NQH5
2025-01-07,21791.75,21797.25,21661.0,21896.75,21647.75,21750.5,0,NQH5
2025-01-08,21355.75,21448.25,21221.5,21806.0,21279.5,21359.0,0,NQH5
2025-01-09,,21347.25,21218.0,21431.75,21166.25,21360.25,0,NQH5
2025-01-10,21192.5,21372.5,21045.0,,,,0,NQH5
2025-01-13,20765.75,21037.0,20694.0,21197.25,20874.75,21015.5,0,NQH5
2025-01-14,21071.5,21143.75,20944.0,20964.5,20702.0,20948.25,0,NQH5
2025-01-15,21251.25,21329.0,20909.0,21129.75,20773.5,20923.0,0,NQH5
2025-01-16,21494.5,21567.25,21353.0,21452.75,21186.75,21395.75,0,NQH5
2025-01-17,21647.25,21682.5,21209.25,21498.0,21243.5,21248.0,0,NQH5
2025-01-20,21723.75,21726.75,21526.5,21672.0,21481.25,21600.75,0,NQH5
2025-01-21,21710.75,21746.25,21377.75,21778.75,21620.0,21683.0,0,NQH5
2025-01-22,21913.75,21934.25,21768.25,21772.0,21525.75,21714.5,0,NQH5
2025-01-23,21888.75,21984.75,21855.5,22093.5,21902.5,21997.75,0,NQH5
2025-01-24,22044.25,22058.5,21971.75,22043.75,21866.0,22041.75,0,NQH5
2025-01-27,21123.5,21771.0,20763.75,22078.25,21844.0,21908.5,0,NQH5
2025-01-28,21302.75,21423.5,21219.0,21418.5,21095.0,21258.0,0,NQH5
2025-01-29,21599.75,21697.0,21530.5,21626.0,21159.5,21575.5,0,NQH5
2025-01-30,21650.0,21715.5,21505.75,21606.25,21367.0,21530.25,0,NQH5
2025-01-31,21774.0,21813.0,21660.0,21748.75,21419.5,21623.0,0,NQH5
2025-02-03,21215.5,21272.0,20943.0,21966.0,21535.75,21580.75,0,NQH5
2025-02-04,21421.25,21600.0,21242.5,21519.75,21113.25,21406.25,0,NQH5
2025-02-05,21551.0,21623.75,21429.75,21694.0,21405.25,21668.25,0,NQH5
2025-02-06,21777.0,21832.75,21705.75,21769.0,21501.0,21761.25,0,NQH5
2025-02-07,21886.0,21930.0,21790.25,21882.25,21711.5,21870.75,0,NQH5
2025-02-10,21764.25,21791.5,21418.0,21968.0,21552.75,21588.25,0,NQH5
2025-02-11,21706.0,21832.25,21669.5,21894.0,21744.0,21843.75,0,NQH5
2025-02-12,21551.0,21850.0,21510.75,21871.5,21700.75,21791.0,0,NQH5
2025-02-13,21870.0,21927.0,21753.0,21839.0,21536.25,21802.0,0,NQH5
2025-02-14,22108.0,22163.5,22042.5,22124.0,21834.75,22109.75,0,NQH5
2025-02-17,22241.25,22281.75,22196.25,22225.0,22090.0,22194.25,0,NQH5
2025-02-18,22257.75,22319.75,22198.25,22251.75,22192.5,22235.25,0,NQH5
2025-02-19,22207.25,22291.25,22179.5,22268.0,22102.75,22238.75,0,NQH5
2025-02-20,22209.5,22235.5,22141.0,22299.75,22118.0,22247.0,0,NQH5
2025-02-21,22186.25,22245.5,22103.75,22225.5,21951.0,22144.75,0,NQH5
2025-02-24,21752.5,21813.0,21676.75,22188.0,21662.5,21682.5,0,NQH5
2025-02-25,21391.0,21453.75,21286.0,21801.75,21408.75,21421.0,0,NQH5
2025-02-26,21238.75,21332.5,21200.0,21397.5,20990.0,21149.75,0,NQH5
2025-02-27,21340.75,21386.5,21108.0,21409.25,21064.5,21191.25,0,NQH5
2025-02-28,20590.25,20688.0,20515.5,21381.0,20597.75,20608.25,0,NQH5
2025-03-03,21055.5,21101.0,20837.75,20944.25,20460.5,20919.75,0,NQH5
2025-03-04,20342.5,20592.0,20262.0,21121.0,20316.75,20473.0,0,NQH5
2025-03-05,20421.25,20629.75,20379.5,20732.5,20075.25,20397.5,0,NQH5
2025-03-06,20310.75,20647.5,20299.0,20725.0,20215.0,20658.0,0,NQH5
2025-03-07,20036.5,20273.75,20026.5,20513.25,20003.0,20091.75,0,NQH5
2025-03-10,19881.0,20156.5,19861.0,20286.25,19765.5,20224.0,0,NQH5
2025-03-11,19420.5,19585.0,19139.25,19904.5,19272.25,19463.5,0,NQH5
2025-03-12,19696.5,19788.75,19387.0,19686.75,19201.0,19393.0,0,NQH5
2025-03-13,19574.0,19694.0,19400.75,19777.75,19395.25,19609.0,0,NQH5
2025-03-14,19465.0,19533.5,19296.75,19577.0,19170.0,19251.5,0,NQH5
2025-03-17,19702.75,19778.5,19550.5,19742.5,19436.75,19705.25,1,NQH5
2025-03-18,19898.0,20061.0,19747.25,19959.25,19654.75,19831.75,1,NQH5
2025-03-19,19789.0,19797.5,19547.25,19900.25,19604.25,19706.25,1,NQH5
2025-03-20,19786.5,20092.75,19735.25,20143.0,19706.25,19953.5,0,NQM5
2025-03-21,19657.25,19932.75,19602.25,20105.0,19756.0,19881.25,0,NQM5
2025-03-24,20256.25,20286.0,20050.5,19974.0,19607.5,19953.0,0,NQM5
2025-03-25,20401.25,20447.5,20293.0,20409.5,20229.25,20365.75,0,NQM5
2025-03-26,20439.0,20536.75,20429.5,20495.25,20361.75,20487.75,0,NQM5
2025-03-27,20028.5,20147.75,20003.25,20475.0,20045.0,20112.5,0,NQM5
2025-03-28,19911.0,20011.75,19845.25,20199.5,19937.25,19994.5,0,NQM5
2025-03-31,19166.5,19365.0,19118.5,19941.5,19421.5,19461.5,0,NQM5
2025-04-01,19380.5,19511.0,19283.25,19489.75,18976.75,19450.0,0,NQM5
2025-04-02,19328.0,19697.0,19319.5,19644.0,19261.25,19603.5,0,NQM5
2025-04-03,18924.25,19177.0,18819.0,19890.25,19316.5,19746.5,0,NQM5
2025-04-04,18154.5,18713.0,17820.75,19074.25,18664.75,18685.75,0,NQM5
2025-04-07,16925.0,17278.0,16460.0,18248.75,17528.5,17534.75,0,NQM5
2025-04-08,18150.5,18170.0,17644.5,18361.5,16673.5,17560.75,0,NQM5
2025-04-09,17208.5,17425.0,16735.0,18357.25,16973.5,17239.5,0,NQM5
2025-04-10,18790.75,19383.5,18703.5,19386.75,17202.25,19269.5,0,NQM5
2025-04-11,18415.5,18795.0,18067.0,18871.5,17919.0,18483.0,0,NQM5
2025-04-14,19232.0,19256.0,18931.5,18873.5,18270.0,18809.5,0,NQM5
2025-04-15,18986.75,19040.5,18809.0,19254.75,18737.5,18942.25,0,NQM5
2025-04-16,18584.25,18861.25,18504.5,19144.75,18884.25,18959.5,0,NQM5
2025-04-17,18498.25,18652.75,18345.25,18735.0,18116.25,18386.75,0,NQM5
2025-04-21,18129.25,18383.5,18080.0,18526.0,18261.5,18373.25,0,NQM5
2025-04-22,18152.25,18171.5,17863.75,18165.0,17700.0,17922.25,0,NQM5
2025-04-23,18949.0,18972.0,18623.75,18514.0,18100.5,18380.0,0,NQM5
2025-04-24,18875.25,18877.0,18594.75,19165.5,18729.75,18788.25,0,NQM5
2025-04-25,19302.0,19497.5,19216.25,19338.25,18846.5,19319.75,0,NQM5
2025-04-28,19548.25,19569.5,19392.25,19554.25,19233.75,19530.0,0,NQM5
2025-04-29,19426.75,19631.0,19378.0,19623.0,19257.25,19524.5,0,NQM5
2025-04-30,19301.25,19622.75,19232.0,19688.5,19403.75,19644.75,0,NQM5
2025-05-01,19971.0,20035.75,19805.0,19715.75,19103.75,19642.5,0,NQM5
2025-05-02,20091.0,20141.25,19749.5,20125.75,19857.75,19877.75,0,NQM5
2025-05-05,20010.25,20201.75,19966.0,20276.75,20019.75,20185.75,0,NQM5
2025-05-06,19795.5,20036.75,19784.0,20191.5,19985.25,20065.5,0,NQM5
2025-05-07,19899.5,20133.75,19799.5,20026.25,19739.0,19875.75,0,NQM5
2025-05-08,20163.0,20262.5,19910.75,20053.5,19678.75,19949.25,0,NQM5
2025-05-09,20227.0,20288.75,20080.75,20337.25,19979.0,20152.25,0,NQM5
2025-05-12,20919.0,20991.5,20376.75,20279.75,20058.0,20136.25,0,NQM5
2025-05-13,21004.5,21065.75,20818.0,20954.25,20690.0,20949.75,0,NQM5
2025-05-14,21314.75,21382.5,21238.25,21346.5,20972.75,21270.75,0,NQM5
2025-05-15,21302.5,21412.0,21192.0,21419.5,21273.75,21397.0,0,NQM5
2025-05-16,21467.5,21504.75,21348.75,21529.75,21247.75,21419.5,0,NQM5
2025-05-19,21203.25,21418.0,21112.5,21512.0,21320.25,21505.75,0,NQM5
2025-05-20,21413.0,21562.25,21393.75,21544.5,21202.25,21523.25,0,NQM5
2025-05-21,21278.75,21444.0,21229.75,21474.25,21298.0,21447.5,0,NQM5
2025-05-22,21171.25,21243.5,21040.0,21558.5,21072.75,21149.0,0,NQM5
2025-05-23,20849.0,21236.0,20727.0,21337.5,21113.75,21183.5,0,NQM5
2025-05-26,21260.0,21289.0,20954.25,21083.0,20822.5,20978.5,0,NQM5
2025-05-27,21259.5,21359.75,21141.5,21307.75,21215.5,21283.5,0,NQM5
2025-05-28,21505.25,21537.5,21407.0,21488.5,21192.75,21466.5,0,NQM5
2025-05-29,21674.25,21858.75,21489.0,21567.5,21349.0,21372.5,0,NQM5
2025-05-30,21382.0,21421.0,21226.25,21679.75,21301.0,21411.5,0,NQM5
2025-06-02,21287.75,21348.5,21163.0,21433.5,21071.5,21369.5,0,NQM5
2025-06-03,21547.0,21558.0,21399.25,21543.75,21234.75,21534.25,0,NQM5
2025-06-04,21725.75,21767.0,21655.25,21759.75,21509.75,21704.5,0,NQM5
2025-06-05,21812.25,21898.0,21712.5,21803.0,21641.0,21757.25,0,NQM5
2025-06-06,21797.75,21812.0,21471.0,21935.0,21503.5,21586.75,0,NQM5
2025-06-09,21797.5,21824.25,21716.0,21873.5,21722.0,21789.5,0,NQM5
2025-06-10,21836.25,21973.25,21732.0,21890.75,21750.75,21818.75,0,NQM5
2025-06-11,22017.25,22106.0,21865.75,21992.25,21742.75,21964.5,0,NQM5
2025-06-12,21829.5,21894.25,21713.25,22066.25,21790.75,21887.75,0,NQM5
2025-06-13,21679.75,21915.75,21471.0,21977.25,21818.5,21936.5,0,NQM5
2025-06-16,22014.5,22062.75,21501.75,21854.75,21600.25,21652.25,1,NQM5
2025-06-17,22064.0,22177.25,21996.0,22222.0,22014.0,22176.0,0,NQU5
2025-06-18,21993.0,22066.25,21862.25,22135.0,21909.5,21956.5,0,NQU5
2025-06-19,21784.5,21970.75,21735.25,22097.75,21882.25,21949.0,0,NQU5
2025-06-20,22075.0,22103.0,21745.75,21786.75,21650.25,21703.0,0,NQU5
2025-06-23,21869.25,21944.25,21566.75,22130.5,21765.0,21842.75,0,NQU5
2025-06-24,22286.25,22384.5,22065.75,22093.0,21738.25,22072.75,0,NQU5
2025-06-25,22499.5,22511.5,22384.5,22448.25,22260.0,22405.5,0,NQU5
2025-06-26,22552.25,22585.0,22437.75,22548.25,22388.5,22463.25,0,NQU5
2025-06-27,22707.5,22788.0,22660.25,22694.0,22476.0,22673.25,0,NQU5
2025-06-30,22871.75,22915.0,22751.5,22825.5,22600.0,22752.0,0,NQU5
2025-07-01,22802.25,22914.75,22755.75,22934.75,22781.0,22885.5,0,NQU5
2025-07-02,22654.25,22781.25,22582.0,22848.25,22594.5,22693.0,0,NQU5
2025-07-03,22932.0,22940.5,22827.0,22854.0,22651.25,22844.5,0,NQU5
2025-07-04,22918.0,23062.5,22882.0,23102.5,22930.25,23059.0,0,NQU5
2025-07-07,22943.25,23028.5,22908.25,22945.5,22888.0,22906.75,0,NQU5
2025-07-08,22935.5,22972.75,22808.5,22977.5,22779.75,22883.25,0,NQU5
2025-07-09,22978.75,22978.75,22843.5,22962.75,22841.0,22891.75,0,NQU5
2025-07-10,23072.25,23078.75,22976.5,23112.0,22919.75,23051.0,0,NQU5
2025-07-11,22915.25,23048.75,22831.5,23090.0,22901.25,23015.0,0,NQU5
2025-07-14,22942.75,22944.5,22803.0,23021.5,22863.0,22955.25,0,NQU5
2025-07-15,23200.25,23219.0,22996.0,23066.5,22842.25,23034.25,0,NQU5
2025-07-16,23074.25,23085.0,22929.0,23222.75,23050.0,23052.25,0,NQU5
2025-07-17,23100.25,23158.5,23017.0,23100.0,22835.5,23074.5,0,NQU5
2025-07-18,23301.0,23320.75,23245.25,23279.75,23065.75,23257.75,0,NQU5
2025-07-21,23256.25,23308.5,23203.75,23310.0,23169.5,23226.5,0,NQU5
2025-07-22,23346.0,23367.0,23267.5,23424.75,23255.25,23344.75,0,NQU5
2025-07-23,23261.5,23283.75,23170.25,23349.75,23108.0,23221.25,0,NQU5
2025-07-24,23374.0,23422.75,23327.25,23324.75,23146.75,23324.5,0,NQU5
2025-07-25,23360.0,23441.75,23346.75,23424.5,23298.25,23376.75,0,NQU5
2025-07-28,23472.75,23585.25,23466.25,23476.0,23330.75,23422.5,0,NQU5
2025-07-29,23595.25,23613.5,23503.0,23529.0,23436.75,23491.75,0,NQU5
2025-07-30,23487.0,23522.0,23449.25,23652.5,23421.25,23457.0,0,NQU5
2025-07-31,23747.25,23845.0,23686.0,23589.5,23356.5,23484.0,0,NQU5
2025-08-01,23087.5,23347.5,23031.5,23752.0,23305.5,23354.25,0,NQU5
2025-08-04,23094.0,23098.25,22821.75,23095.75,22775.0,22880.5,0,NQU5
2025-08-05,23348.25,23404.25,23312.5,23307.25,23088.75,23296.75,0,NQU5
2025-08-06,23169.25,23227.0,23045.5,23397.25,23113.5,23133.5,0,NQU5
2025-08-07,23601.0,23639.0,23384.5,23445.25,23148.5,23424.75,0,NQU5
2025-08-08,23541.75,23583.0,23503.0,23671.0,23329.0,23501.0,0,NQU5
2025-08-11,23715.75,23773.0,23667.75,23724.0,23530.0,23714.5,0,NQU5
2025-08-12,23733.0,23822.25,23596.0,23804.5,23587.5,23638.5,0,NQU5
2025-08-13,24044.5,24046.25,23921.75,23950.0,23622.0,23934.5,0,NQU5
2025-08-14,23857.75,23966.75,23793.25,24068.5,23886.0,23943.0,0,NQU5
2025-08-15,23909.25,23963.0,23871.0,24007.75,23841.25,23922.0,0,NQU5
2025-08-18,23768.25,23881.75,23739.5,23911.0,23734.5,23806.0,0,NQU5
2025-08-19,23762.5,23838.0,23730.75,23824.25,23719.0,23797.0,0,NQU5
2025-08-20,23426.25,23485.5,23334.25,23770.5,23426.0,23470.25,0,NQU5
2025-08-21,23260.5,23369.25,23208.25,23432.0,23035.0,23324.75,0,NQU5
2025-08-22,23264.5,23280.75,23076.75,23348.25,23119.0,23217.5,0,NQU5
2025-08-25,23496.0,23607.5,23462.0,23650.0,23205.5,23565.0,0,NQU5
2025-08-26,23470.75,23520.25,23371.5,23616.25,23443.25,23495.5,0,NQU5
2025-08-27,23541.0,23629.0,23536.0,23600.0,23427.0,23587.0,0,NQU5
2025-08-28,23640.25,23662.0,23487.5,23657.5,23487.5,23620.25,0,NQU5
2025-08-29,23652.0,23762.0,23612.5,23803.75,23572.5,23766.75,0,NQU5
2025-09-01,23476.0,23552.5,23370.5,23668.0,23397.5,23473.5,0,NQU5
2025-09-02,23100.25,23509.5,23060.25,23506.75,23441.75,23502.25,0,NQU5
2025-09-03,23423.5,23458.5,23298.25,23290.25,23025.25,23276.75,0,NQU5
2025-09-04,23480.5,23535.0,23431.25,23525.25,23318.25,23452.25,0,NQU5
2025-09-05,23875.0,23897.75,23691.75,23680.25,23410.0,23666.5,0,NQU5
2025-09-08,23784.25,23795.0,23650.25,23902.0,23505.0,23691.0,0,NQU5
2025-09-09,23835.5,23885.25,23790.75,23888.0,23760.0,23803.75,0,NQU5
2025-09-10,23998.75,24044.25,23874.0,23890.0,23726.0,23867.75,0,NQU5
2025-09-11,23977.25,23978.0,23838.0,24000.5,23785.0,23874.25,0,NQU5
2025-09-12,24040.75,24051.5,23969.0,24046.0,23909.75,24011.5,0,NQU5
2025-09-15,24418.5,24423.0,24076.0,24159.0,24001.5,24110.25,1,NQU5
2025-09-16,24588.25,24647.25,24524.0,24556.75,24227.75,24553.25,0,NQZ5
2025-09-17,24521.0,24553.0,24456.25,24600.5,24499.25,24524.25,0,NQZ5
2025-09-18,24679.5,24762.75,24495.25,24550.75,24242.0,24475.25,0,NQZ5
2025-09-19,24767.75,24784.75,24655.0,24816.0,24598.75,24698.25,0,NQZ5
2025-09-22,24815.5,24876.0,24748.75,24888.0,24708.0,24860.5,0,NQZ5
2025-09-23,25001.0,25026.0,24973.0,25027.25,24814.25,24998.75,0,NQZ5
2025-09-24,24885.25,24913.5,24810.5,25009.75,24780.5,24831.5,0,NQZ5
2025-09-25,24576.25,24793.5,24540.5,24899.25,24627.0,24739.5,0,NQZ5
2025-09-26,24654.25,24747.5,24569.25,24696.75,24422.5,24632.25,0,NQZ5
2025-09-29,24850.75,24909.5,24721.75,24737.0,24520.0,24725.5,0,NQZ5
2025-09-30,24820.5,24856.75,24754.75,24975.5,24780.5,24837.25,0,NQZ5
2025-10-01,24763.0,24876.75,24633.25,24913.75,24722.25,24898.25,0,NQZ5
2025-10-02,25165.25,25180.0,25001.75,25036.75,24726.0,25011.75,0,NQZ5
2025-10-03,25133.5,25196.5,25073.0,25169.0,24993.75,25109.5,0,NQZ5
2025-10-06,25214.25,25241.5,24995.0,25168.0,24923.25,24996.75,0,NQZ5
2025-10-07,25237.0,25275.0,25122.5,25252.75,25108.5,25184.25,0,NQZ5
2025-10-08,25079.75,25111.5,25026.25,25264.75,24984.75,25045.25,0,NQZ5
2025-10-09,25329.0,25394.0,25294.25,25344.25,25074.0,25330.0,0,NQZ5
2025-10-10,25313.0,25355.25,25251.0,25334.75,25160.75,25294.5,0,NQZ5
2025-10-13,24824.75,24945.75,24542.0,25388.0,24384.25,24402.25,0,NQZ5
2025-10-14,24638.75,25044.25,24502.5,24965.0,24724.5,24920.5,0,NQZ5
2025-10-15,25002.5,25025.5,24740.5,24947.5,24421.0,24757.25,0,NQZ5
2025-10-16,25045.25,25099.5,24874.75,25115.0,24663.25,24924.5,0,NQZ5
2025-10-17,24736.25,24858.5,24410.0,25179.5,24643.5,24830.75,0,NQZ5
2025-10-20,25119.0,25152.5,24955.75,25055.75,24672.5,24989.0,0,NQZ5
2025-10-21,25300.75,25368.0,25253.0,25354.5,25114.75,25300.25,0,NQZ5
2025-10-22,25265.5,25338.25,25206.5,25348.5,25203.25,25291.25,0,NQZ5
2025-10-23,25016.25,25128.0,24937.0,25289.25,24804.75,25040.5,0,NQZ5
2025-10-24,25466.5,25523.25,25276.0,25288.0,24999.0,25253.0,0,NQZ5
2025-10-27,25815.75,25852.5,25700.0,25570.75,25429.75,25509.5,0,NQZ5
2025-10-28,26051.5,26063.5,25943.0,25981.25,25796.5,25961.0,0,NQZ5
2025-10-29,26266.0,26309.75,26164.5,26231.5,26006.0,26160.0,0,NQZ5
2025-10-30,26125.25,26399.0,26079.5,26326.5,26049.25,26281.25,0,NQZ5
2025-10-31,26199.25,26274.0,26127.25,26182.5,25869.0,25872.0,0,NQZ5
2025-11-03,26235.75,26259.75,26012.75,26199.5,25888.75,25992.75,0,NQZ5
2025-11-04,25742.0,26104.5,25645.0,26266.0,26015.5,26110.25,0,NQZ5
2025-11-05,25542.25,25596.0,25282.0,25893.5,25544.0,25578.0,0,NQZ5
2025-11-06,25674.0,25822.25,25617.25,25880.0,25488.0,25741.0,0,NQZ5
2025-11-07,25110.5,25354.75,25061.75,25685.75,25197.75,25258.25,0,NQZ5
2025-11-10,25538.75,25569.5,25269.0,25173.0,24709.25,25164.25,0,NQZ5
2025-11-11,25605.0,25768.75,25571.75,25760.5,25452.0,25713.0,0,NQZ5
2025-11-12,25778.5,25830.0,25629.5,25696.25,25478.5,25647.0,0,NQZ5
2025-11-13,25477.25,25721.5,25435.0,25780.75,25488.75,25625.25,0,NQZ5
2025-11-14,24723.5,25159.75,24657.0,25502.0,25002.5,25100.0,0,NQZ5
2025-11-17,24997.75,25361.25,24988.75,25293.25,24626.0,25105.25,0,NQZ5
2025-11-18,24718.25,24959.5,24603.75,25254.0,24731.75,24888.25,0,NQZ5
2025-11-19,24611.5,24733.25,24445.0,24832.0,24376.25,24585.0,0,NQZ5
2025-11-20,25211.5,25264.75,24955.25,24988.0,24507.0,24725.0,0,NQZ5
2025-11-21,24203.5,24292.0,23904.5,25310.0,24098.0,24138.25,0,NQZ5
2025-11-24,24522.25,24574.5,24361.75,24596.25,23927.25,24313.75,0,NQZ5
2025-11-25,24857.25,24986.5,24822.0,24993.5,24516.75,24935.25,0,NQZ5
2025-11-26,25222.25,25235.75,25061.25,25135.25,24602.0,25080.0,0,NQZ5
2025-11-27,25301.5,25339.25,25290.25,25376.0,25133.75,25296.5,0,NQZ5
2025-11-28,25358.0,25399.0,25301.75,25317.75,25285.75,25301.75,0,NQZ5
2025-12-01,25255.0,25546.0,25193.25,25499.75,25331.0,25484.5,0,NQZ5
2025-12-02,25492.75,25522.75,25324.75,25495.75,25209.25,25402.25,0,NQZ5
2025-12-03,25495.25,25678.25,25421.5,25670.0,25414.5,25600.5,0,NQZ5
2025-12-04,25712.0,25732.5,25603.25,25685.25,25430.0,25657.5,0,NQZ5
2025-12-05,25680.0,25755.75,25579.75,25713.0,25488.75,25628.0,0,NQZ5
2025-12-08,25791.0,25833.0,25700.25,25868.0,25651.25,25725.75,0,NQZ5
2025-12-09,25618.5,25729.5,25588.5,25860.75,25564.75,25668.75,0,NQZ5
2025-12-10,25647.25,25745.75,25616.0,25735.75,25560.0,25703.0,0,NQZ5
2025-12-11,25643.5,25796.0,25383.0,25870.75,25528.75,25800.0,0,NQZ5
2025-12-12,25560.25,25733.25,25532.5,25722.75,25390.25,25714.75,0,NQZ5
2025-12-15,25666.75,25666.75,25132.5,25619.5,25118.0,25209.5,1,NQH6
2025-12-16,25232.0,25386.5,25073.25,25668.0,25285.75,25335.0,0,NQH6
2025-12-17,25422.5,25508.5,25264.5,25444.0,25171.75,25372.25,0,NQH6
2025-12-18,25278.75,25285.0,24901.25,25447.75,24887.75,24892.25,0,NQH6
2025-12-19,25361.25,25393.5,25209.75,25412.5,25161.25,25251.75,0,NQH6
2025-12-22,25780.75,25785.25,25632.25,25600.25,25357.0,25580.75,0,NQH6
2025-12-23,25644.25,25738.75,25608.25,25794.75,25628.0,25688.25,0,NQH6
2025-12-24,25795.0,25831.75,25777.5,25820.5,25628.25,25811.25,0,NQH6
2025-12-26,25899.0,25923.25,25843.25,25892.0,25784.0,25864.75,0,NQH6
2025-12-29,25706.75,25893.75,25656.75,25935.25,25834.25,25866.75,0,NQH6
2025-12-30,25692.75,25755.0,25684.75,25819.0,25648.0,25741.0,0,NQH6
2025-12-31,25678.75,25716.75,25552.5,25793.75,25668.25,25678.0,0,NQH6
2026-01-02,25687.0,25742.75,25448.5,25692.0,25444.5,25455.25,0,NQH6
2026-01-05,25642.5,25647.0,25406.5,25803.75,25265.25,25385.5,0,NQH6
2026-01-06,25636.0,25674.25,25527.5,25708.0,25538.5,25586.75,0,NQH6
2026-01-07,25790.75,25844.75,25727.0,25837.75,25608.0,25813.5,0,NQH6
2026-01-08,25786.5,25849.75,25670.0,25996.25,25771.0,25835.0,0,NQH6
2026-01-09,25714.0,25824.75,25627.5,25803.0,25569.0,25682.5,0,NQH6
2026-01-12,25746.25,25960.0,25632.75,25985.5,25615.5,25933.25,0,NQH6
2026-01-13,25950.5,26045.5,25845.75,26020.5,25743.5,25952.25,0,NQH6
2026-01-14,25739.75,25925.75,25701.25,26042.75,25803.25,25903.75,0,NQH6
2026-01-15,25924.75,25951.0,25562.5,25790.25,25420.75,25636.5,0,NQH6
2026-01-16,25868.0,25878.0,25704.25,25952.75,25676.5,25719.25,0,NQH6
2026-01-19,25291.25,25472.0,25257.75,25891.0,25591.5,25684.5,0,NQH6
2026-01-20,25243.5,25439.75,25095.25,25417.25,25236.5,25398.25,0,NQH6
2026-01-21,25196.5,25258.0,25025.0,25429.75,25098.0,25142.25,0,NQH6
2026-01-22,25729.0,25739.75,25483.75,25653.5,25127.5,25471.5,0,NQH6
2026-01-23,25608.0,25731.5,25540.25,25731.75,25536.75,25662.0,0,NQH6
2026-01-26,25749.0,25749.25,25365.25,25845.75,25562.5,25735.5,0,NQH6
2026-01-27,25982.75,26043.0,25838.5,25936.5,25704.25,25845.0,0,NQH6
2026-01-28,26252.5,26349.0,26111.25,26114.25,25917.25,26076.0,0,NQH6
2026-01-29,26133.5,26296.0,26085.5,26301.0,26100.75,26149.25,0,NQH6
2026-01-30,25834.25,26020.0,25649.75,26175.0,25536.0,25991.5,0,NQH6
2026-02-02,25542.5,25645.75,25180.25,25940.0,25568.75,25675.5,0,NQH6
2026-02-03,25934.75,26027.75,25866.5,25949.5,25539.75,25856.5,0,NQH6
2026-02-04,25385.5,25514.25,25325.0,25952.25,25219.0,25445.5,0,NQH6
2026-02-05,24770.25,25169.0,24707.5,25390.0,24783.5,24994.5,0,NQH6
2026-02-06,24760.5,24873.25,24239.75,24960.75,24543.25,24638.25,0,NQH6
2026-02-09,25057.75,25346.5,24968.5,25222.0,24700.75,25146.75,0,NQH6
2026-02-10,25376.5,25421.5,25278.5,25428.75,24955.5,25337.75,0,NQH6
2026-02-11,25418.5,25452.0,25146.25,25447.25,25198.25,25219.75,0,NQH6
2026-02-12,25346.25,25419.75,25206.0,25465.25,25058.25,25278.5,0,NQH6
2026-02-13,24743.0,24864.75,24620.5,25392.5,24721.5,24763.5,0,NQH6
2026-02-16,24762.75,24922.25,24754.5,24995.5,24578.75,24802.0,0,NQH6
2026-02-17,24659.25,24842.5,24518.0,24797.5,24670.75,24747.25,0,NQH6
2026-02-18,24809.5,24962.5,24700.75,24889.75,24449.25,24777.0,0,NQH6
2026-02-19,24833.75,25054.0,24798.0,25128.25,24752.0,24957.5,0,NQH6
2026-02-20,24715.25,24984.75,24696.75,24959.5,24749.0,24863.5,0,NQH6
2026-02-23,24981.0,25059.75,24807.25,25139.5,24678.5,25074.75,0,NQH6
2026-02-24,24805.0,24902.25,24761.0,25040.0,24668.0,24768.0,0,NQH6
2026-02-25,25160.25,25177.5,24992.0,25078.75,24694.5,25030.0,0,NQH6
2026-02-26,25342.0,25418.25,25264.75,25396.5,25156.75,25384.5,0,NQH6
2026-02-27,24815.25,25098.75,24793.75,25342.0,24861.75,25083.25,0,NQH6
2026-03-02,24644.5,24901.25,24477.0,25036.75,24782.0,24998.25,0,NQH6
2026-03-03,24535.0,25011.0,24370.0,25101.0,24605.0,25023.25,0,NQH6
2026-03-04,24853.5,24930.25,24499.0,24850.0,24352.0,24757.25,0,NQH6
2026-03-05,24987.75,25250.0,24962.75,25217.75,24826.0,25120.0,0,NQH6
2026-03-06,24685.25,25141.5,24612.5,25209.75,24772.5,25047.75,0,NQH6
2026-03-09,24432.25,24495.75,24000.0,24926.25,24601.0,24667.75,0,NQH6
2026-03-10,24991.0,25150.5,24830.0,25058.0,24313.0,24992.25,0,NQH6
2026-03-11,25034.75,25125.0,24895.75,25217.5,24892.25,24986.5,0,NQH6
2026-03-12,24775.75,24949.25,24695.5,25180.0,24873.5,24984.0,0,NQH6
2026-03-13,24645.5,24738.0,24397.0,24834.5,24542.75,24555.25,0,NQH6
2026-03-16,24869.25,24903.0,24278.0,24805.25,24350.5,24398.0,1,NQH6
2026-03-17,25000.75,25025.75,24728.25,25035.0,24832.25,24884.5,0,NQM6
2026-03-18,24928.25,25210.5,24864.0,25117.0,24946.25,25010.25,0,NQM6
2026-03-19,24428.25,24725.25,24401.25,24998.25,24641.75,24651.5,0,NQM6
2026-03-20,24487.25,24660.5,24319.0,24691.5,24326.75,24574.75,0,NQM6
2026-03-23,24493.25,24763.0,23772.5,24491.25,23971.25,24113.5,0,NQM6
2026-03-24,24254.25,24507.25,24193.5,24690.0,24308.5,24398.75,0,NQM6
2026-03-25,24430.75,24539.75,24320.5,24385.25,24134.0,24219.25,0,NQM6
2026-03-26,24156.25,24421.25,24069.0,24526.0,24286.5,24371.75,0,NQM6
2026-03-27,23654.5,23976.0,23574.0,24242.5,23775.0,23786.75,0,NQM6
2026-03-30,23508.75,23574.0,23093.0,23664.0,23269.0,23308.75,0,NQM6
2026-03-31,23381.75,23439.25,22961.5,23538.25,23024.5,23135.5,0,NQM6
2026-04-01,24087.75,24246.0,23880.0,23975.25,23376.5,23909.75,0,NQM6
2026-04-02,23763.5,24245.75,23666.0,24348.25,24043.25,24200.75,0,NQM6
2026-04-03,,24255.0,24106.0,24266.75,23678.0,24220.75,0,NQM6
2026-04-06,24265.25,24398.25,23981.5,,,,0,NQM6
2026-04-07,24243.5,24422.0,24133.0,24452.25,24202.75,24363.75,0,NQM6
2026-04-08,25199.5,25257.0,24355.0,24381.0,23941.5,24369.5,0,NQM6
2026-04-09,25081.0,25082.75,24953.0,25249.75,24926.5,25080.0,0,NQM6
2026-04-10,25315.25,25386.0,25193.0,25269.75,24960.5,25249.0,0,NQM6
2026-04-13,25215.75,25217.5,24904.5,25393.0,25222.25,25284.25,0,NQM6
2026-04-14,25656.25,25723.0,25560.0,25550.25,25160.0,25538.25,0,NQM6
2026-04-15,26023.5,26058.0,25933.75,26003.25,25656.0,26000.75,0,NQM6
2026-04-16,26439.0,26488.0,26345.0,26377.5,25982.25,26364.25,0,NQM6
2026-04-17,26692.5,26817.75,26440.0,26564.0,26275.5,26484.75,0,NQM6
2026-04-20,26796.5,26803.0,26535.0,26884.75,26629.5,26827.25,0,NQM6
2026-04-21,26808.0,26901.75,26756.5,26827.75,26568.75,26745.75,0,NQM6
2026-04-22,26881.0,26900.5,26727.75,26885.25,26551.75,26642.25,0,NQM6
2026-04-23,27014.25,27099.75,26848.0,27093.0,26811.5,27080.0,0,NQM6
2026-04-24,27210.0,27363.75,26992.0,27155.75,26681.75,26926.25,0,NQM6
2026-04-27,27410.75,27542.5,27344.25,27462.5,27130.25,27434.0,0,NQM6
2026-04-28,27161.0,27512.0,27036.5,27454.75,27298.5,27445.0,0,NQM6
2026-04-29,27206.75,27317.25,27191.75,27252.0,27009.5,27169.25,0,NQM6
2026-04-30,27491.25,27622.75,27185.25,27340.25,27124.25,27337.25,0,NQM6
2026-05-01,27632.75,27674.5,27536.25,27622.0,27163.25,27577.5,0,NQM6
2026-05-04,27854.5,27965.75,27662.25,27917.0,27617.75,27837.25,0,NQM6
2026-05-05,27988.5,28008.5,27731.75,27941.0,27613.0,27780.25,0,NQM6
2026-05-06,28389.5,28634.25,28243.0,28188.25,27971.0,28135.75,0,NQM6
2026-05-07,28750.0,28814.5,28637.0,28725.75,28336.0,28710.25,0,NQM6
2026-05-08,28878.5,28976.0,28541.0,28944.75,28552.0,28684.25,0,NQM6
2026-05-11,29305.25,29399.75,29225.75,29341.0,28859.5,29339.75,0,NQM6
2026-05-12,29213.0,29455.75,29113.0,29480.0,29246.75,29429.25,0,NQM6
2026-05-13,29286.5,29447.0,29055.5,29296.0,28742.0,29174.25,0,NQM6
2026-05-14,29476.25,29693.0,29448.25,29565.5,29075.0,29476.0,0,NQM6
2026-05-15,29278.0,29734.0,29142.5,29782.0,29458.5,29686.75,0,NQM6
2026-05-18,29338.5,29419.75,28926.0,29486.75,29089.75,29231.25,0,NQM6
2026-05-19,28850.25,29188.5,28802.75,29356.25,28814.75,29098.75,0,NQM6
2026-05-20,29073.5,29169.25,28797.25,29126.5,28663.0,28924.5,0,NQM6
2026-05-21,29217.25,29464.5,29113.0,29396.75,29008.5,29396.25,0,NQM6
2026-05-22,29580.0,29665.25,29436.0,29554.0,29127.0,29446.25,0,NQM6
2026-05-25,29940.5,29995.0,29676.25,29749.0,29490.25,29552.5,0,NQM6
2026-05-26,29902.0,29977.0,29744.0,29993.75,29910.0,29962.5,0,NQM6
2026-05-27,30187.5,30379.0,30028.5,30118.75,29826.75,30079.75,0,NQM6
2026-05-28,30053.0,30136.25,29763.0,30192.0,29877.5,30047.25,0,NQM6
2026-05-29,30383.0,30384.5,30216.5,30344.5,29920.25,30306.25,0,NQM6
2026-06-01,30343.0,30595.25,30291.5,30536.0,30270.0,30397.5,0,NQM6
2026-06-02,30557.0,30586.0,30317.75,30693.0,30292.0,30571.25,0,NQM6
2026-06-03,30754.75,30799.0,30561.25,30721.25,30423.75,30707.25,0,NQM6
2026-06-04,30268.25,30544.5,30164.25,30807.75,30496.0,30635.75,0,NQM6
2026-06-05,30035.75,30422.0,30013.0,30603.25,30151.0,30485.5,0,NQM6
2026-06-08,29526.0,29604.25,28822.25,30100.5,28974.25,29015.75,0,NQM6
2026-06-09,29737.0,29747.25,29303.5,29743.0,29331.5,29453.0,0,NQM6
2026-06-10,28853.0,29169.0,28610.0,29848.25,28227.75,29115.25,0,NQM6
2026-06-11,28753.25,28936.0,28265.75,29250.0,28493.0,28526.0,0,NQM6
2026-06-12,29494.5,29675.0,29260.0,29544.25,28577.5,29456.75,0,NQM6
2026-06-15,30633.25,30642.0,30191.0,29760.0,29230.0,29648.25,0,NQU6
2026-06-16,,30868.0,30755.0,30915.0,30604.75,30872.75,0,NQU6
