date,day_of_week,rth_close,overnight_return,direction,overnight_range,max_up,max_down,gex_regime,total_gex,gf_dist,s1_dist,r1_dist,lt_sentiment,evening_ret,dead_zone_ret,european_ret,premarket_ret
2023-03-28,Tuesday,12732.50,155.25,UP,148.00,157.50,-9.50,neutral,0.48,-493.43,294.32,120.29,BULLISH,14.00,56.00,23.75,48.25
2023-03-29,Wednesday,12969.00,95.75,UP,143.25,105.75,37.50,positive,1.60,116.79,1153.26,297.79,BEARISH,-19.50,38.25,14.50,69.25
2023-03-30,Thursday,13085.25,6.50,RANGE,81.25,53.50,27.75,positive,2.42,71.64,1273.53,177.03,BULLISH,12.25,15.25,-31.00,11.50
2023-04-03,Monday,13268.50,16.50,UP,122.25,80.25,42.00,positive,1.66,283.95,-93.02,553.76,BULLISH,-11.50,-5.75,24.50,18.50
2023-04-04,Tuesday,13223.50,-49.75,DOWN,74.50,23.75,50.75,positive,1.43,130.83,89.40,34.90,BEARISH,11.00,-21.50,-33.25,-12.50
2023-04-05,Wednesday,13079.50,-66.75,DOWN,94.50,0.25,94.25,neutral,0.19,-916.47,35.91,171.13,BULLISH,-15.50,-27.25,23.25,-39.50
2023-04-06,Thursday,13171.25,13.00,UP,70.25,21.00,49.25,positive,1.30,-79.18,45.04,79.18,BEARISH,-3.00,1.75,12.25,11.50
2023-04-10,Monday,13164.50,-5.00,RANGE,83.25,44.25,39.00,positive,1.47,-233.63,603.76,233.63,BULLISH,9.00,-10.75,29.00,-30.75
2023-04-11,Tuesday,13076.50,80.00,UP,203.25,165.25,38.00,positive,1.01,-174.08,654.08,174.08,BEARISH,15.75,-12.75,0.75,79.50
2023-04-12,Wednesday,12958.50,69.25,UP,112.50,79.50,33.00,neutral,-0.26,,125.36,288.61,BEARISH,-25.75,37.00,5.75,53.00
2023-04-13,Thursday,13209.75,-70.00,DOWN,116.25,7.50,108.75,positive,1.88,90.43,793.99,33.73,BEARISH,8.75,5.00,-15.25,-41.75
2023-04-17,Monday,13189.50,90.75,UP,138.50,109.25,29.25,positive,1.14,-196.75,221.57,196.75,BULLISH,-5.25,3.25,61.25,38.25
2023-04-18,Tuesday,13189.25,-104.25,DOWN,121.75,-2.50,124.25,positive,1.14,-128.86,160.67,46.14,BEARISH,4.50,-17.75,-42.00,-29.25
2023-04-19,Wednesday,13182.75,-131.25,DOWN,140.75,-17.00,157.75,neutral,0.37,-507.07,154.68,52.12,BEARISH,-34.25,-11.75,-80.50,16.25
2023-04-20,Thursday,13077.00,-19.50,DOWN,102.75,30.75,72.00,neutral,0.27,-926.76,-90.71,216.12,BULLISH,-6.25,1.50,1.75,-26.00
2023-04-24,Monday,13059.25,-70.50,DOWN,92.75,0.25,92.50,neutral,-0.57,,246.17,167.15,BEARISH,-0.75,-33.25,-23.00,-4.50
2023-04-25,Tuesday,12808.50,142.00,UP,111.25,188.00,-76.75,neutral,-0.76,,-140.45,558.16,BULLISH,20.25,32.25,-19.25,-23.00
2023-04-26,Wednesday,12882.50,158.25,UP,112.00,165.50,-53.50,neutral,-0.74,,74.33,338.84,BULLISH,-8.50,21.75,12.50,48.75
2023-04-27,Thursday,13231.25,-11.00,DOWN,67.00,4.75,62.25,neutral,0.93,-191.45,221.56,397.95,BEARISH,-5.00,13.75,-34.75,31.00
2023-05-01,Monday,13304.00,-3.25,RANGE,67.00,30.75,36.25,neutral,0.85,-321.14,298.18,321.14,BEARISH,-4.25,20.00,-3.25,-0.50
2023-05-02,Tuesday,13184.75,14.25,UP,74.50,46.75,27.75,neutral,-0.40,,180.52,232.31,BULLISH,19.75,5.75,17.75,-6.50
2023-05-03,Wednesday,13100.00,-17.25,DOWN,128.75,73.00,55.75,negative,-1.23,,96.28,316.53,BULLISH,34.25,60.25,-26.50,-49.25
2023-05-04,Thursday,13048.00,91.25,UP,101.75,109.50,-7.75,neutral,-0.91,1207.60,52.44,360.12,BULLISH,33.75,6.25,7.25,32.00
2023-05-08,Monday,13354.50,-73.75,DOWN,78.00,-7.50,85.50,positive,1.05,-53.13,565.68,259.40,BEARISH,-1.00,1.50,-42.50,-14.75
2023-05-09,Tuesday,13266.25,100.75,UP,205.75,142.25,63.50,neutral,0.35,-552.59,478.67,140.09,BULLISH,16.00,-9.00,-33.00,134.00
2023-05-10,Wednesday,13410.50,16.50,UP,64.00,57.00,7.00,positive,1.60,7.06,419.47,199.15,BULLISH,12.00,12.00,14.75,-22.50
2023-05-11,Thursday,13447.25,20.50,UP,49.50,47.00,2.50,positive,2.16,50.78,462.98,155.32,BULLISH,9.00,24.00,4.75,-15.50
2023-05-15,Monday,13472.00,-36.25,DOWN,65.75,20.00,45.75,positive,1.75,-3.72,614.43,127.35,BULLISH,-3.00,-6.00,22.50,-38.00
2023-05-16,Tuesday,13482.25,42.50,UP,52.25,44.25,8.00,positive,2.07,88.25,624.01,117.81,BEARISH,1.00,11.75,-4.25,17.50
2023-05-17,Wednesday,13644.75,9.00,RANGE,55.00,38.50,16.50,positive,2.67,87.78,788.30,159.46,BEARISH,3.00,-4.25,26.00,-10.50
2023-05-18,Thursday,13889.75,8.25,RANGE,82.75,70.50,12.25,positive,2.93,175.23,381.16,113.06,BULLISH,21.00,-17.25,14.50,-28.75
2023-05-22,Monday,13905.00,-73.75,DOWN,154.25,74.25,80.00,positive,2.59,109.67,397.94,96.23,BULLISH,29.50,-10.75,-24.50,-75.75
2023-05-23,Tuesday,13725.50,-82.50,DOWN,128.00,30.25,97.75,neutral,0.71,1144.43,-22.03,438.62,BULLISH,19.25,-14.25,-12.25,-77.75
2023-05-24,Wednesday,13652.75,301.50,UP,173.00,323.25,-150.25,positive,2.65,1097.13,273.81,343.68,BULLISH,-30.00,-15.00,53.00,69.75
2023-05-25,Thursday,13978.25,39.75,UP,120.25,66.50,53.75,positive,2.88,276.90,482.63,422.57,BEARISH,-12.25,-4.00,27.75,28.25
2023-05-29,Monday,14404.75,104.75,UP,191.50,165.25,26.25,,,,,,BULLISH,-13.25,7.25,78.50,37.25
2023-05-30,Tuesday,14397.00,-66.75,DOWN,114.00,32.00,82.00,positive,2.74,1314.29,656.04,413.62,BEARISH,25.00,-66.75,7.75,-33.75
2023-05-31,Wednesday,14301.75,-3.50,RANGE,88.25,34.75,53.50,positive,1.50,1344.04,932.68,95.71,BEARISH,20.75,-18.75,17.75,-11.25
2023-06-01,Thursday,14473.25,70.25,UP,92.00,91.75,0.25,positive,2.46,1358.98,1112.32,326.55,BEARISH,-10.75,22.25,23.25,14.50
2023-06-05,Monday,14587.25,-26.25,DOWN,58.50,27.75,30.75,positive,2.16,1432.51,1226.96,211.84,BEARISH,-16.00,14.25,0.75,-21.00
2023-06-06,Tuesday,14583.75,8.25,RANGE,77.50,30.50,47.00,positive,2.15,200.30,1227.69,210.65,BEARISH,1.00,-16.50,-22.25,35.75
2023-06-07,Wednesday,14331.75,5.75,RANGE,115.25,40.25,75.00,neutral,0.78,567.13,978.01,254.64,BEARISH,14.00,-46.75,41.50,14.50
2023-06-08,Thursday,14499.75,62.25,UP,104.50,65.00,39.50,positive,1.88,-212.07,993.14,461.42,BEARISH,-16.50,1.50,-0.25,59.75
2023-06-12,Monday,14987.50,110.00,UP,171.75,163.75,8.00,positive,2.59,233.37,1480.19,182.24,BULLISH,-3.00,41.75,24.75,27.50
2023-06-13,Tuesday,15096.50,-0.75,RANGE,71.00,55.50,15.50,positive,2.94,1382.36,301.85,72.17,BULLISH,-4.75,-7.75,37.00,-37.75
2023-06-14,Wednesday,15203.25,-62.25,DOWN,163.00,25.75,137.25,positive,2.58,,591.49,-16.87,BEARISH,-7.75,-26.00,-63.25,17.00
2023-06-15,Thursday,15377.50,93.50,UP,159.50,97.00,62.50,positive,3.23,,1222.03,-196.27,BEARISH,-8.75,6.50,32.25,73.50
2023-06-19,Monday,15239.25,-26.75,DOWN,89.00,18.50,70.50,,,,,,BEARISH,4.00,-21.25,-48.75,33.75
2023-06-20,Tuesday,15253.50,-52.00,DOWN,91.50,19.75,71.75,positive,1.48,1450.99,203.78,336.68,BULLISH,14.25,-12.50,-1.25,-45.50
2023-06-21,Wednesday,15045.25,-63.25,DOWN,88.00,12.75,75.25,neutral,-0.06,1453.98,82.39,333.25,BEARISH,2.25,-41.00,-8.00,-11.25
2023-06-22,Thursday,15213.50,-170.25,DOWN,217.00,22.50,194.50,positive,1.85,52.15,467.52,155.54,BEARISH,-14.00,-71.50,-51.00,-56.00
2023-06-26,Monday,14857.25,60.75,UP,75.00,80.00,-5.00,negative,-1.44,942.05,111.29,511.77,BEARISH,18.00,12.00,3.25,9.75
2023-06-27,Tuesday,15108.25,-78.75,DOWN,71.50,-15.50,87.00,neutral,0.21,1197.10,75.91,256.30,BEARISH,-28.50,10.50,-36.00,-4.50
2023-06-28,Wednesday,15139.50,-20.75,DOWN,101.50,63.25,38.25,positive,1.58,1436.39,107.60,224.59,BULLISH,11.25,-23.50,10.00,-39.75
2023-06-29,Thursday,15103.25,149.00,UP,164.75,160.50,4.25,positive,1.28,-46.12,368.93,46.12,BULLISH,11.00,26.25,22.00,87.00
2023-07-03,Monday,15357.00,6.50,RANGE,30.50,7.75,22.75,positive,2.16,1457.95,296.24,77.17,BEARISH,-19.75,10.25,-2.25,17.50
2023-07-04,Tuesday,15344.50,-50.75,DOWN,101.25,12.00,89.25,,,,,,BULLISH,-4.50,0.50,-44.25,-3.75
2023-07-05,Wednesday,15359.75,-163.75,DOWN,201.50,6.25,195.25,positive,1.91,,93.02,72.92,BEARISH,4.25,-70.00,4.50,-97.25
2023-07-06,Thursday,15235.75,-14.75,DOWN,137.50,78.25,59.25,neutral,0.43,1346.74,61.49,104.35,BULLISH,14.75,-6.75,-6.75,8.00
2023-07-10,Monday,15190.00,11.75,UP,63.75,49.75,14.00,neutral,0.18,-894.35,142.01,148.17,BULLISH,-3.50,14.50,-11.50,6.50
2023-07-11,Tuesday,15258.50,171.75,UP,183.50,179.50,4.00,positive,1.04,-158.26,339.05,75.37,BULLISH,6.25,11.00,15.00,139.50
2023-07-12,Wednesday,15451.75,124.25,UP,124.75,129.50,-4.75,positive,2.50,118.25,325.46,88.96,BEARISH,13.75,27.75,45.75,30.75
2023-07-13,Thursday,15706.00,15.75,UP,58.50,32.50,26.00,positive,3.12,1205.95,211.66,36.91,BEARISH,13.25,15.00,-17.25,11.75
2023-07-17,Monday,15844.25,-29.25,DOWN,47.75,-0.50,48.25,positive,2.78,1556.93,355.97,99.57,BEARISH,-13.25,5.00,0.25,-8.75
2023-07-18,Tuesday,15973.00,40.00,UP,72.50,44.50,28.00,positive,3.30,,486.21,176.33,BEARISH,12.50,2.25,24.00,26.00
2023-07-19,Wednesday,15957.00,-123.25,DOWN,120.50,-31.25,151.75,positive,2.02,,183.22,-17.61,BEARISH,-65.75,40.75,-65.00,1.50
2023-07-20,Thursday,15588.00,100.00,UP,163.00,129.50,33.50,neutral,0.37,-799.37,111.04,344.16,BULLISH,-10.75,25.00,49.00,34.00
2023-07-24,Monday,15563.75,25.00,UP,80.00,65.50,14.50,neutral,-0.43,1500.45,52.75,360.87,BULLISH,-2.75,-3.25,57.00,-32.00
2023-07-25,Tuesday,15668.75,-49.25,DOWN,133.00,70.50,62.50,neutral,-0.22,1522.03,157.00,256.65,BEARISH,-92.75,6.00,0.25,-24.25
2023-07-26,Wednesday,15612.75,222.00,UP,213.00,231.75,-18.75,neutral,0.55,-515.33,104.98,308.56,BULLISH,15.00,59.25,89.00,32.50
2023-07-27,Thursday,15566.00,171.50,UP,215.75,196.00,19.75,neutral,0.23,-1173.33,66.62,346.69,BEARISH,7.00,59.50,23.75,68.50
2023-07-31,Monday,15863.00,-66.75,DOWN,133.50,26.25,107.25,positive,1.18,985.49,158.96,47.67,BULLISH,-9.00,-1.00,-45.50,-15.75
2023-08-01,Tuesday,15816.75,-149.25,DOWN,199.50,-27.00,226.50,neutral,-0.56,942.57,116.22,296.95,BEARISH,-4.00,-40.25,-78.50,32.50
2023-08-02,Wednesday,15468.25,-110.50,DOWN,168.00,39.25,128.75,negative,-2.14,,181.83,1057.61,BULLISH,36.00,-30.25,-69.00,-34.00
2023-08-03,Thursday,15430.25,81.50,UP,160.75,132.25,28.50,negative,-1.81,,155.42,463.83,BULLISH,40.25,72.50,-33.50,-8.50
2023-08-07,Monday,15486.50,-107.00,DOWN,179.00,11.25,167.75,negative,-1.22,1452.13,213.81,1024.52,BEARISH,-7.25,-75.25,20.00,-53.75
2023-08-08,Tuesday,15350.25,10.50,UP,89.00,82.25,6.75,negative,-2.83,,79.54,1158.62,BULLISH,1.50,36.75,33.50,-61.25
2023-08-09,Wednesday,15180.25,120.25,UP,156.75,177.25,-20.50,negative,-3.07,1441.04,120.76,1323.30,BULLISH,16.25,23.25,35.00,23.25
2023-08-10,Thursday,15200.50,-109.25,DOWN,187.50,66.25,121.25,negative,-2.47,1385.92,148.79,1294.52,BEARISH,20.75,-16.00,-52.00,-81.50
2023-08-14,Monday,15272.50,-48.00,DOWN,183.00,62.50,120.50,neutral,-0.83,,224.47,1218.49,BEARISH,21.75,9.50,-81.25,-4.00
2023-08-15,Tuesday,15105.25,-26.50,DOWN,102.00,60.75,41.25,negative,-2.67,,59.76,1382.96,BULLISH,11.00,-12.50,38.00,-70.25
2023-08-16,Wednesday,14939.00,55.00,UP,130.75,79.25,51.50,negative,-4.00,1291.88,-85.35,1337.38,BEARISH,-9.75,-5.75,37.50,32.50
2023-08-17,Thursday,14772.25,-140.50,DOWN,171.00,18.75,152.25,strong_negative,-5.15,1425.87,107.71,1704.76,BULLISH,6.75,3.50,-3.75,-122.00
2023-08-21,Monday,14987.00,104.75,UP,175.25,131.25,44.00,negative,-1.97,,160.99,1486.34,BEARISH,-20.00,15.50,86.50,35.00
2023-08-22,Tuesday,14960.25,48.75,UP,125.75,122.75,3.00,negative,-1.88,,137.39,686.10,BULLISH,4.75,65.25,35.00,-56.25
2023-08-23,Wednesday,15198.00,137.25,UP,124.00,220.00,-96.00,neutral,0.99,-447.18,376.25,158.98,BULLISH,1.75,62.75,-19.75,-43.25
2023-08-24,Thursday,14859.25,38.00,UP,133.00,59.00,74.00,negative,-3.80,,44.20,1601.92,BULLISH,19.50,0.25,23.75,20.25
2023-08-28,Monday,15090.25,-13.25,DOWN,97.50,57.00,40.50,neutral,-0.07,,282.26,129.08,BULLISH,-2.00,32.25,-54.25,1.25
2023-08-29,Tuesday,15413.50,3.00,RANGE,106.50,54.50,52.00,positive,1.75,1429.62,1223.98,215.54,BULLISH,7.00,-9.50,-45.75,37.50
2023-08-30,Wednesday,15502.00,-10.00,RANGE,84.25,42.25,42.00,positive,2.04,-124.94,697.53,330.56,BULLISH,-11.00,3.50,0.00,-14.75
2023-08-31,Thursday,15532.25,101.50,UP,159.25,129.00,30.25,positive,2.15,242.36,119.06,291.96,BULLISH,2.50,3.00,3.75,89.25
2023-09-04,Monday,15523.75,-42.25,DOWN,116.50,11.00,105.50,,,,,,BEARISH,-1.75,-26.00,-49.25,30.25
2023-09-05,Tuesday,15533.75,-33.50,DOWN,94.25,-0.75,95.00,positive,1.50,-204.97,123.77,287.16,BEARISH,10.50,-5.50,-32.75,16.75
2023-09-06,Wednesday,15398.00,-197.50,DOWN,212.75,-2.25,215.00,neutral,-0.13,,196.90,213.94,BULLISH,5.50,-48.00,-44.75,-97.25
2023-09-07,Thursday,15276.75,-4.25,RANGE,120.75,67.00,53.75,negative,-1.49,,83.87,1147.98,BULLISH,-5.50,36.25,-55.00,9.25
2023-09-11,Monday,15674.00,-73.50,DOWN,88.75,6.00,82.75,positive,1.25,1718.34,281.73,-76.50,BULLISH,-3.75,4.50,-37.50,-25.25
2023-09-12,Tuesday,15497.75,6.50,RANGE,123.75,32.00,91.75,neutral,-0.71,1541.49,310.05,921.38,BEARISH,5.00,-19.00,-6.25,24.50
2023-09-13,Wednesday,15554.50,65.50,UP,84.50,93.25,-8.75,neutral,0.04,1340.31,176.58,72.80,BULLISH,10.50,43.25,-24.50,22.50
2023-09-14,Thursday,15672.50,-61.75,DOWN,127.50,47.25,80.25,positive,1.38,-152.62,304.28,111.08,BULLISH,0.25,35.25,-57.50,-44.75
2023-09-18,Monday,15413.25,-58.00,DOWN,97.25,29.00,68.25,negative,-1.68,1274.92,27.42,1220.08,BEARISH,0.25,-30.50,33.50,-73.75
2023-09-19,Tuesday,15377.25,42.00,UP,94.00,59.00,35.00,negative,-2.17,,411.06,1251.85,BULLISH,8.75,-33.25,52.00,16.25
2023-09-20,Wednesday,15152.25,-164.00,DOWN,206.75,-3.25,210.00,negative,-4.23,,189.13,1057.80,BEARISH,-19.25,-26.50,-29.00,-69.50
2023-09-21,Thursday,14861.75,75.75,UP,136.25,110.75,25.50,negative,-4.43,,322.88,1338.71,BEARISH,-3.25,52.50,12.50,20.75
2023-09-25,Monday,14936.75,-112.00,DOWN,154.00,12.25,141.75,negative,-3.69,,401.60,1051.91,BEARISH,-17.25,-66.75,-5.50,-33.50
2023-09-26,Tuesday,14708.75,44.50,UP,82.50,87.25,-4.75,negative,-4.63,,173.66,1487.50,BULLISH,13.75,22.75,18.75,-27.25
2023-09-27,Wednesday,14743.75,-48.75,DOWN,116.25,50.25,66.00,negative,-4.03,,213.93,1446.62,BULLISH,2.25,-3.25,-53.00,-23.50
2023-09-28,Thursday,14858.50,144.00,UP,184.25,151.25,33.00,negative,-3.11,,335.81,1323.93,BEARISH,-9.00,16.25,54.25,64.50
2023-10-02,Monday,14988.00,-108.00,DOWN,183.75,43.00,140.75,negative,-1.71,,674.41,72.38,BULLISH,4.50,-38.25,50.25,-126.25
2023-10-03,Tuesday,14719.50,33.75,UP,210.75,80.25,130.50,negative,-4.32,,12.69,1247.89,BEARISH,2.50,-69.25,26.50,79.50
2023-10-04,Wednesday,14919.75,-10.00,RANGE,108.00,39.00,69.00,negative,-2.58,,403.66,840.58,BEARISH,11.25,5.75,-51.00,40.25
2023-10-05,Thursday,14866.00,-129.50,DOWN,262.00,56.00,206.00,negative,-2.95,,359.26,884.17,BULLISH,-1.75,-13.25,27.50,-130.50
2023-10-09,Monday,15190.75,9.75,RANGE,67.50,48.50,19.00,neutral,0.44,-762.58,894.91,141.02,BULLISH,3.50,14.75,15.25,-29.00
2023-10-10,Tuesday,15270.25,54.75,UP,72.50,75.50,-3.00,neutral,0.96,1183.06,975.90,142.79,BEARISH,5.25,3.75,10.75,23.25
2023-10-11,Wednesday,15377.00,16.25,UP,86.50,71.00,15.50,positive,1.85,-273.76,901.09,273.76,BULLISH,7.50,12.75,9.50,-44.25
2023-10-12,Thursday,15315.25,27.50,UP,131.50,33.50,98.00,neutral,0.40,1236.21,1029.17,88.87,BULLISH,6.00,-9.75,-25.50,48.00
2023-10-16,Monday,15293.50,-154.50,DOWN,170.00,13.00,157.00,neutral,-0.34,,1013.99,144.93,BEARISH,-15.50,-14.25,-28.75,-109.50
2023-10-17,Tuesday,15241.00,-110.75,DOWN,114.25,-2.75,117.00,negative,-1.96,,132.98,487.90,BULLISH,-25.00,9.75,-15.50,-74.50
2023-10-18,Wednesday,15023.50,64.00,UP,170.00,83.50,86.50,negative,-3.22,,126.69,700.91,BULLISH,-7.50,-47.75,0.00,97.50
2023-10-19,Thursday,14885.75,-23.00,DOWN,91.50,1.75,89.75,negative,-4.62,,617.53,829.97,BEARISH,-6.50,-13.25,36.75,-4.50
2023-10-23,Monday,14706.25,71.75,UP,105.00,118.75,-13.75,negative,-3.19,1349.48,232.97,1007.60,BEARISH,18.75,21.50,-6.75,0.75
2023-10-24,Tuesday,14846.25,-104.75,DOWN,142.00,8.75,133.25,negative,-3.05,,376.86,863.37,BEARISH,-13.00,-45.50,-10.50,-16.75
2023-10-25,Wednesday,14476.25,-54.75,DOWN,173.75,-45.50,219.25,strong_negative,-5.21,1497.08,215.70,2057.72,BEARISH,-74.75,-37.25,19.00,90.25
2023-10-26,Thursday,14194.50,111.75,UP,97.00,149.00,-52.00,strong_negative,-5.31,,-54.67,2326.27,BULLISH,67.00,10.25,15.25,-33.25
2023-10-30,Monday,14418.75,0.75,RANGE,133.75,35.25,98.50,negative,-3.63,,172.62,1272.64,BEARISH,-12.00,-64.00,81.25,4.00
2023-10-31,Tuesday,14489.50,30.50,UP,123.75,45.00,78.75,negative,-2.95,,245.17,1199.91,BEARISH,-6.75,3.25,-17.00,80.50
2023-11-01,Wednesday,14742.75,178.00,UP,193.50,210.75,-17.25,neutral,-0.60,,116.84,259.25,BULLISH,31.50,6.75,38.75,82.25
2023-11-02,Thursday,14999.50,51.50,UP,140.00,66.00,74.00,neutral,-0.29,,758.79,685.92,BEARISH,15.25,21.50,-21.75,107.25
2023-11-06,Monday,15233.75,42.25,UP,108.50,50.75,57.75,neutral,0.52,-808.53,-14.77,641.42,BEARISH,-8.75,-6.25,-6.00,83.00
2023-11-07,Tuesday,15375.25,13.50,UP,53.75,14.75,39.00,positive,2.15,1473.27,1143.25,300.58,BEARISH,-8.25,-23.25,17.25,29.75
2023-11-08,Wednesday,15383.75,20.75,UP,65.75,27.25,38.50,positive,1.22,-289.78,1153.83,289.78,BULLISH,-0.50,34.50,-17.50,31.25
2023-11-09,Thursday,15258.75,69.00,UP,123.75,72.25,51.50,neutral,-0.97,1241.01,210.29,408.14,BEARISH,-21.75,14.25,-7.50,87.75
2023-11-13,Monday,15547.75,264.50,UP,287.75,292.00,-4.25,positive,2.75,-35.65,129.26,118.10,BULLISH,4.75,10.75,20.00,218.75
2023-11-14,Tuesday,15878.75,78.75,UP,154.50,170.75,-16.25,positive,4.38,632.08,1044.15,192.07,BEARISH,10.75,24.75,1.75,24.75
2023-11-15,Wednesday,15890.50,-39.50,DOWN,61.25,-7.25,68.50,positive,3.88,1138.34,108.16,180.29,BEARISH,28.00,-4.00,-17.50,-2.00
2023-11-16,Thursday,15897.25,-34.50,DOWN,59.75,22.50,37.25,positive,2.80,1564.61,81.93,165.19,BULLISH,-5.25,-4.50,9.00,-34.00
2023-11-20,Monday,16088.50,-74.75,DOWN,122.25,34.00,88.25,positive,3.79,1182.84,647.55,381.85,BEARISH,15.25,-0.25,-28.00,-60.75
2023-11-21,Tuesday,15988.50,81.75,UP,136.50,90.75,45.75,positive,1.99,759.40,59.68,63.80,BULLISH,-2.25,-7.75,27.25,85.25
2023-11-22,Wednesday,16048.00,15.25,UP,52.00,38.50,13.50,positive,3.92,1524.02,125.11,-1.68,BEARISH,10.50,21.50,13.50,-18.75
2023-11-23,Thursday,16062.50,-34.25,DOWN,52.50,14.50,38.00,,,,,,BEARISH,6.75,-18.75,4.75,-27.25
2023-11-27,Monday,16007.50,-33.00,DOWN,68.75,6.50,62.25,positive,2.51,1405.55,89.31,445.41,BEARISH,-1.00,4.50,-19.00,-15.50
2023-11-28,Tuesday,16048.00,99.25,UP,132.75,125.25,7.50,positive,2.77,1447.63,131.54,197.48,BULLISH,10.75,8.50,40.75,31.75
2023-11-29,Wednesday,16026.00,7.00,RANGE,71.25,72.50,-1.25,positive,2.79,686.35,110.60,218.40,BULLISH,10.00,8.25,-6.00,-20.50
2023-11-30,Thursday,15981.00,-47.75,DOWN,81.50,19.75,61.75,positive,1.20,-255.11,1183.53,255.11,BULLISH,3.75,-3.75,28.25,-50.25
2023-12-04,Monday,15871.25,-79.75,DOWN,102.00,-8.00,110.00,neutral,-0.25,,896.14,767.76,BULLISH,-19.00,-48.00,3.75,-8.50
2023-12-05,Tuesday,15912.00,122.25,UP,146.00,125.00,21.00,positive,1.53,-314.86,933.36,522.90,BULLISH,67.50,6.25,-14.25,77.50
2023-12-06,Wednesday,15815.00,119.50,UP,149.00,125.00,24.00,neutral,0.23,753.37,4.45,827.68,BEARISH,0.75,-20.75,49.50,89.75
2023-12-07,Thursday,16035.25,-79.00,DOWN,150.50,3.50,147.00,positive,2.63,144.27,1252.95,184.22,BEARISH,5.75,-11.25,14.75,-71.00
2023-12-11,Monday,16447.75,-2.75,RANGE,107.75,100.25,7.50,positive,3.85,230.52,1478.00,185.31,BULLISH,17.75,5.50,3.50,-35.00
2023-12-12,Tuesday,16577.50,32.00,UP,45.75,58.25,-12.50,positive,4.51,155.09,1610.24,52.79,BULLISH,9.25,-8.50,4.25,8.75
2023-12-13,Wednesday,16779.50,41.00,UP,109.75,105.50,4.25,strong_positive,5.08,1185.17,2005.92,-159.23,BULLISH,82.25,17.75,-46.25,-10.75
2023-12-14,Thursday,16755.50,32.50,UP,86.25,63.00,23.25,strong_positive,5.40,1592.85,1800.56,68.81,BULLISH,21.00,11.00,37.00,-20.00
2023-12-18,Monday,16938.25,14.25,UP,78.50,51.00,27.50,positive,3.45,,1958.75,121.73,BEARISH,5.50,2.75,19.00,9.00
2023-12-19,Tuesday,17021.00,-35.00,DOWN,84.00,25.00,59.00,positive,3.65,1629.94,2045.92,33.95,BEARISH,10.25,-1.75,-57.50,10.50
2023-12-20,Wednesday,16764.25,158.25,UP,180.00,206.00,-26.00,positive,1.59,,0.34,290.85,BEARISH,15.00,39.00,34.00,43.75
2023-12-21,Thursday,16950.50,49.25,UP,122.50,63.50,59.00,positive,2.65,1570.60,198.88,92.09,BEARISH,-26.25,-25.75,10.75,85.50
2023-12-26,Tuesday,17084.50,7.50,RANGE,33.50,21.75,11.75,positive,3.12,,347.29,380.41,BEARISH,-6.75,7.75,-9.50,10.25
2023-12-27,Wednesday,17116.75,31.75,UP,47.00,48.50,-1.50,positive,1.79,62.63,2142.40,145.34,BULLISH,6.75,16.75,-3.75,0.75
2023-12-28,Thursday,17090.75,-2.00,RANGE,65.00,40.25,24.75,positive,2.73,1640.12,19.34,354.69,BEARISH,18.50,1.00,-1.25,-18.50
2024-01-02,Tuesday,16721.00,-111.25,DOWN,145.75,16.25,129.50,neutral,-0.88,,945.41,93.06,BULLISH,-20.25,-5.25,-68.50,-32.50
2024-01-03,Wednesday,16540.75,-87.50,DOWN,143.25,46.50,96.75,negative,-1.62,,769.08,269.13,BULLISH,14.75,9.50,7.25,-123.50
2024-01-04,Thursday,16443.75,5.50,RANGE,134.75,25.25,109.50,negative,-1.97,,683.19,354.29,BULLISH,3.75,-46.75,-15.25,52.25
2024-01-08,Monday,16801.25,-132.50,DOWN,138.25,-5.25,143.50,positive,1.73,-42.08,1045.68,198.90,BEARISH,-0.50,-2.00,-44.00,-71.75
2024-01-09,Tuesday,16831.75,8.25,RANGE,100.00,74.50,25.50,positive,2.00,-40.84,1079.08,165.28,BULLISH,7.75,-25.00,84.50,-57.50
2024-01-10,Wednesday,16941.50,43.00,UP,164.75,115.50,49.25,positive,3.16,146.63,1192.47,51.60,BULLISH,18.75,33.75,-3.50,-20.00
2024-01-11,Thursday,16965.50,43.25,UP,142.25,43.25,99.00,positive,2.69,26.18,1227.90,15.26,BULLISH,-24.00,24.00,-30.75,81.75
2024-01-15,Monday,16970.00,-53.25,DOWN,153.25,-5.00,158.25,,,,,,BEARISH,-68.25,-11.25,-27.00,61.75
2024-01-16,Tuesday,16968.00,-143.00,DOWN,176.75,14.00,162.75,positive,2.54,-11.91,1231.19,11.91,BEARISH,-17.75,-116.75,29.25,-47.00
2024-01-17,Wednesday,16868.75,127.50,UP,210.50,176.00,34.50,neutral,0.74,-321.35,92.87,105.12,BULLISH,10.25,26.50,25.50,78.75
2024-01-18,Thursday,17109.00,80.75,UP,148.00,146.25,1.75,positive,4.04,14.42,1381.05,77.52,BULLISH,36.75,10.50,62.50,-36.50
2024-01-22,Monday,17460.75,27.50,UP,105.00,64.75,40.25,positive,3.23,1325.09,1739.06,132.91,BULLISH,10.50,5.25,-13.75,25.25
2024-01-23,Tuesday,17529.50,163.25,UP,142.25,165.00,-22.75,positive,3.23,1601.59,185.06,270.28,BULLISH,31.25,35.50,40.75,31.50
2024-01-24,Wednesday,17624.75,97.00,UP,138.00,102.50,35.50,positive,3.47,1698.77,323.80,172.87,BEARISH,7.75,0.50,4.25,94.00
2024-01-25,Thursday,17638.00,-80.00,DOWN,145.50,-26.50,172.00,positive,1.32,1759.56,178.25,152.74,BEARISH,-40.75,-31.75,32.50,26.00
2024-01-29,Monday,17708.00,-46.50,DOWN,90.50,27.75,62.75,positive,2.69,1380.22,171.70,76.45,BULLISH,17.25,-22.50,-14.25,-30.25
2024-01-30,Tuesday,17583.75,-184.00,DOWN,135.00,-115.00,250.00,neutral,-0.15,1465.78,216.14,197.38,BEARISH,31.00,-15.50,-51.50,20.25
2024-01-31,Wednesday,17238.75,68.25,UP,101.00,125.00,-24.00,negative,-1.45,708.93,79.63,531.48,BULLISH,31.25,-33.50,58.75,-24.75
2024-02-01,Thursday,17440.25,67.75,UP,160.00,203.00,-43.00,positive,2.76,-122.67,290.58,329.29,BULLISH,14.00,6.00,5.00,-103.75
2024-02-05,Monday,17697.25,43.75,UP,98.50,71.75,26.75,positive,2.39,1595.70,182.10,478.85,BULLISH,8.75,30.00,-6.25,10.00
2024-02-06,Tuesday,17661.75,112.00,UP,149.75,117.75,32.00,positive,1.98,1149.86,314.73,98.30,BEARISH,12.25,-10.25,26.25,99.50
2024-02-07,Wednesday,17841.25,-6.25,RANGE,70.25,21.25,49.00,positive,3.75,1743.04,494.94,331.08,BEARISH,-17.50,15.75,-7.50,-12.75
2024-02-08,Thursday,17865.50,43.25,UP,119.75,106.50,13.25,positive,3.33,,529.88,295.63,BULLISH,5.00,2.50,42.25,4.25
2024-02-12,Monday,17963.50,-335.00,DOWN,347.50,-0.25,347.75,positive,2.67,1663.50,219.20,193.46,BEARISH,1.00,22.75,-82.75,-240.50
2024-02-13,Tuesday,17680.50,108.00,UP,142.50,131.25,11.25,neutral,0.05,1682.61,353.37,471.73,BULLISH,-16.00,17.25,89.50,-4.25
2024-02-14,Wednesday,17869.25,18.75,UP,89.50,64.25,25.25,positive,2.33,-64.61,338.80,279.93,BEARISH,1.75,24.50,-5.50,-2.75
2024-02-15,Thursday,17914.00,12.50,UP,123.00,112.00,11.00,positive,3.05,1720.68,186.19,102.40,BULLISH,-18.50,20.75,52.25,-80.00
2024-02-19,Monday,17788.75,-127.00,DOWN,179.00,4.25,174.75,,,,,,BEARISH,-51.00,-31.00,-40.25,-3.25
2024-02-20,Tuesday,17612.50,-117.25,DOWN,109.50,-22.50,132.00,negative,-2.14,1756.07,304.69,519.49,BULLISH,-15.75,13.00,-39.25,-36.25
2024-02-21,Wednesday,17537.00,358.75,UP,249.75,388.75,-139.00,positive,1.05,-469.77,230.72,593.39,BULLISH,68.75,56.75,56.25,11.50
2024-02-22,Thursday,18044.75,61.00,UP,113.75,68.25,45.50,positive,3.88,,333.42,78.47,BEARISH,4.25,14.00,-24.75,89.25
2024-02-26,Monday,17977.50,40.75,UP,112.75,62.75,50.00,positive,1.20,463.33,-129.96,380.29,BEARISH,8.00,-15.00,70.00,4.50
2024-02-27,Tuesday,18017.75,-94.50,DOWN,127.50,2.00,125.50,positive,1.62,1765.29,315.34,96.35,BEARISH,-15.25,-7.50,-96.75,26.75
2024-02-28,Wednesday,17917.50,112.50,UP,209.00,117.50,91.50,neutral,-0.48,1791.34,94.67,193.45,BULLISH,30.75,1.25,-31.50,159.75
2024-02-29,Thursday,18067.00,29.50,UP,133.50,96.00,37.50,positive,2.73,381.15,372.10,39.41,BULLISH,8.00,58.00,-12.25,-31.00
2024-03-04,Monday,18258.50,-124.50,DOWN,144.75,-6.50,151.25,positive,2.34,1592.35,-84.35,501.23,BULLISH,-21.75,-43.00,-52.25,5.25
2024-03-05,Tuesday,17931.75,172.75,UP,163.25,174.00,-10.75,neutral,0.03,1697.24,125.52,153.30,BULLISH,-35.50,36.00,74.50,47.25
2024-03-06,Wednesday,18044.25,138.25,UP,272.75,144.25,128.50,positive,1.25,1608.78,160.84,455.82,BEARISH,-45.50,-34.75,110.00,112.75
2024-03-07,Thursday,18309.25,9.00,RANGE,164.25,66.00,98.25,positive,3.72,821.17,395.41,437.80,BEARISH,-11.75,17.75,51.25,-16.75
2024-03-11,Monday,18216.25,95.00,UP,177.00,164.75,12.25,positive,1.18,1790.44,548.79,-146.96,BULLISH,41.00,44.00,-54.50,26.75
2024-03-12,Tuesday,18475.75,-47.25,DOWN,94.75,31.00,63.75,positive,2.86,156.13,364.31,52.05,BEARISH,8.75,4.25,-22.50,-33.25
2024-03-13,Wednesday,18330.50,44.50,UP,90.75,97.75,-7.00,positive,2.37,1910.83,669.65,-53.57,BULLISH,30.50,10.25,33.00,-42.00
2024-03-14,Thursday,18278.25,-125.75,DOWN,192.75,44.50,148.25,neutral,0.53,-652.49,379.00,28.10,BEARISH,-12.50,-21.50,43.50,-106.75
2024-03-18,Monday,18229.50,-86.00,DOWN,175.00,23.25,151.75,neutral,-0.75,1569.02,309.63,523.85,BEARISH,-30.00,8.00,22.50,-79.75
2024-03-19,Tuesday,18270.00,47.75,UP,103.75,61.25,42.50,neutral,-0.14,,356.44,476.75,BEARISH,-5.50,-21.25,-3.00,73.75
2024-03-20,Wednesday,18484.50,203.25,UP,169.00,211.25,-42.25,positive,3.33,-50.27,366.25,258.52,BULLISH,38.75,32.25,8.00,68.50
2024-03-21,Thursday,18558.75,-21.50,DOWN,115.00,48.25,66.75,positive,3.56,1085.15,243.48,380.90,BEARISH,8.25,-11.00,15.75,-56.00
2024-03-25,Monday,18509.50,59.00,UP,102.25,109.50,-7.25,positive,1.60,1695.66,197.40,426.87,BULLISH,9.75,7.25,45.00,-24.25
2024-03-26,Tuesday,18450.50,116.75,UP,103.75,121.25,-17.50,neutral,0.88,564.20,55.64,485.39,BEARISH,12.25,19.00,1.25,57.25
2024-03-27,Wednesday,18506.75,-6.50,RANGE,68.50,21.00,47.50,neutral,-0.15,,202.47,421.54,BULLISH,-24.75,23.25,-22.50,18.75
2024-04-01,Monday,18495.25,-207.75,DOWN,242.00,15.75,226.25,neutral,0.65,631.43,206.64,416.84,BULLISH,-27.00,-1.00,7.25,-188.75
2024-04-02,Tuesday,18330.50,-88.75,DOWN,112.50,14.50,98.00,negative,-1.23,1755.96,42.73,372.90,BULLISH,-16.50,-52.25,13.75,-47.25
2024-04-03,Wednesday,18370.50,171.25,UP,174.00,181.50,-7.50,positive,1.54,-332.86,290.59,332.86,BULLISH,58.00,-13.50,13.25,96.25
2024-04-04,Thursday,18075.00,63.50,UP,138.75,115.25,23.50,negative,-3.65,1682.61,220.18,1233.12,BEARISH,5.25,16.25,29.75,-0.25
2024-04-08,Monday,18297.00,94.50,UP,142.00,98.50,43.50,neutral,-0.82,1696.04,233.52,389.36,BEARISH,-12.50,11.25,-7.50,87.50
2024-04-09,Tuesday,18362.25,-222.50,DOWN,420.75,112.00,308.75,neutral,-0.05,,93.81,321.38,BULLISH,-12.50,1.25,33.00,-264.25
2024-04-10,Wednesday,18191.50,73.50,UP,198.25,94.75,103.50,negative,-2.32,,136.10,278.97,BULLISH,-25.25,44.75,-45.25,106.75
2024-04-11,Thursday,18482.25,-185.50,DOWN,233.00,25.50,207.50,positive,2.72,-213.53,416.66,423.60,BULLISH,3.75,-2.75,-45.00,-147.00
2024-04-15,Monday,17876.25,-8.75,RANGE,126.50,42.25,84.25,negative,-4.18,1709.37,41.17,788.37,BEARISH,-8.25,-8.00,4.75,0.75
2024-04-16,Tuesday,17876.50,81.00,UP,190.50,92.00,98.50,negative,-3.57,,43.60,785.84,BULLISH,38.75,-79.00,55.25,44.75
2024-04-17,Wednesday,17654.25,18.75,UP,107.25,116.50,-9.25,negative,-4.66,1702.10,34.67,1001.78,BULLISH,15.75,57.75,-21.00,-49.50
2024-04-18,Thursday,17545.00,-50.50,DOWN,371.50,8.25,363.25,strong_negative,-6.27,1598.81,139.21,1104.06,BEARISH,-41.25,-118.00,40.00,81.75
2024-04-22,Monday,17350.50,77.75,UP,150.75,86.50,64.25,negative,-4.03,,157.26,869.36,BULLISH,-29.75,14.00,46.75,46.00
2024-04-23,Tuesday,17607.00,124.00,UP,90.50,147.75,-57.25,neutral,0.33,-811.73,214.43,199.68,BULLISH,18.25,40.75,-45.25,34.00
2024-04-24,Wednesday,17658.25,-304.25,DOWN,193.00,-133.25,326.25,negative,-3.36,,263.25,68.08,BEARISH,13.75,-41.50,74.50,-142.00
2024-04-25,Thursday,17567.25,129.75,UP,150.50,259.75,-109.25,positive,1.30,-395.89,183.57,230.33,BULLISH,-48.75,11.25,-36.75,-38.25
2024-04-29,Monday,17905.00,-69.25,DOWN,129.75,15.25,114.50,neutral,0.76,-382.58,113.92,217.08,BULLISH,-9.50,-17.75,-20.25,-35.25
2024-04-30,Tuesday,17563.50,-62.00,DOWN,117.25,-34.25,151.50,negative,-3.35,1445.23,-30.12,1286.81,BEARISH,44.50,0.25,-32.50,27.25
2024-05-01,Wednesday,17431.50,151.25,UP,132.75,188.25,-55.50,negative,-2.77,1517.77,61.14,1179.60,BULLISH,43.00,10.50,18.25,22.50
2024-05-02,Thursday,17648.25,309.50,UP,248.50,319.75,-71.25,neutral,0.23,-955.40,284.84,335.28,BULLISH,10.25,2.50,4.25,197.00
2024-05-06,Monday,18197.25,13.00,UP,62.50,16.25,46.25,positive,3.14,94.42,631.72,194.89,BEARISH,-5.25,-4.25,14.75,15.50
2024-05-07,Tuesday,18196.50,-113.25,DOWN,144.25,20.25,124.00,positive,3.14,341.25,217.26,196.06,BEARISH,10.50,-10.25,-2.25,-109.00
2024-05-08,Wednesday,18183.00,4.00,RANGE,106.75,27.50,79.25,positive,1.88,837.58,208.68,204.52,BEARISH,0.75,-12.50,-24.50,62.75
2024-05-09,Thursday,18215.75,58.50,UP,93.25,91.00,2.25,positive,2.60,-38.38,457.21,162.27,BEARISH,5.00,-3.50,63.50,-16.75
2024-05-13,Monday,18295.75,-22.25,DOWN,143.25,13.00,130.25,positive,2.40,-69.34,540.93,78.43,BEARISH,1.75,-1.50,23.50,-32.25
2024-05-14,Tuesday,18411.25,98.25,UP,154.75,136.50,18.25,positive,4.16,247.06,659.88,165.76,BULLISH,7.50,-2.75,1.75,93.25
2024-05-15,Wednesday,18692.75,-14.00,DOWN,60.50,46.00,14.50,strong_positive,7.14,1362.22,940.29,91.83,BEARISH,27.75,2.25,-3.25,-41.50
2024-05-16,Thursday,18651.00,0.25,RANGE,69.75,35.75,34.00,strong_positive,5.83,1741.01,906.61,42.50,BEARISH,9.00,12.00,-28.75,16.25
2024-05-20,Monday,18766.25,-80.25,DOWN,82.75,-3.00,85.75,positive,4.01,1656.28,100.30,209.08,BEARISH,5.75,-3.50,-6.25,-55.75
2024-05-21,Tuesday,18800.75,7.00,RANGE,69.00,23.25,45.75,positive,4.10,1691.64,135.75,173.62,BULLISH,15.25,5.75,-27.25,15.25
2024-05-22,Wednesday,18793.75,188.25,UP,180.00,229.50,-49.50,positive,4.95,1677.03,130.34,179.00,BULLISH,14.50,75.00,-14.75,45.75
2024-05-23,Thursday,18696.75,65.50,UP,92.75,76.00,16.75,positive,2.51,1808.02,150.39,55.68,BULLISH,16.50,9.50,26.50,26.00
2024-05-27,Monday,18950.75,-30.50,DOWN,95.50,29.75,65.75,,,,,,BEARISH,-42.75,15.00,54.50,-57.00
2024-05-28,Tuesday,18943.00,-177.50,DOWN,194.50,6.75,187.75,positive,3.55,1641.81,313.87,221.92,BULLISH,-19.50,-71.00,-37.00,-58.00
2024-05-29,Wednesday,18810.75,-45.75,DOWN,129.25,-23.75,153.00,neutral,-0.28,888.99,271.00,346.99,BEARISH,-29.50,-49.25,60.25,29.75
2024-05-30,Thursday,18604.00,-2.00,RANGE,183.25,64.25,119.00,negative,-2.69,1721.25,64.20,347.79,BEARISH,-32.00,-21.00,6.75,57.50
2024-06-03,Monday,18652.75,-14.25,DOWN,165.75,24.25,141.50,positive,1.34,-283.44,1166.41,283.44,BULLISH,-12.00,-3.75,-91.50,82.75
2024-06-04,Tuesday,18701.75,147.25,UP,157.50,152.00,5.50,positive,2.22,-232.92,178.71,438.73,BULLISH,26.50,17.25,0.00,93.00
2024-06-05,Wednesday,19077.50,25.50,UP,67.50,47.00,20.50,strong_positive,5.30,1799.95,473.82,267.04,BULLISH,1.50,-5.50,5.75,12.25
2024-06-06,Thursday,19065.75,-25.00,DOWN,206.75,81.00,125.75,strong_positive,5.11,1639.99,-110.92,527.81,BULLISH,11.00,17.75,-16.00,-36.00
2024-06-10,Monday,19112.50,-54.75,DOWN,84.00,1.00,83.00,positive,4.03,1850.05,154.98,215.12,BULLISH,-22.25,21.00,-41.25,-6.50
2024-06-11,Tuesday,19242.00,160.00,UP,225.25,216.75,8.50,strong_positive,5.52,286.08,943.99,289.59,BULLISH,8.50,9.00,-6.50,143.25
2024-06-12,Wednesday,19492.25,144.25,UP,108.75,198.75,-90.00,strong_positive,6.97,,1195.54,243.52,BULLISH,-1.50,26.75,13.25,-3.75
2024-06-13,Thursday,19592.50,-14.75,DOWN,157.00,66.00,91.00,strong_positive,6.33,1720.73,1917.21,138.06,BULLISH,16.00,27.25,-31.00,-37.75
2024-06-17,Monday,20196.50,-4.75,RANGE,112.50,74.00,38.50,strong_positive,5.23,,579.81,-66.29,BULLISH,11.50,-14.50,35.25,-33.75
2024-06-18,Tuesday,20199.50,43.00,UP,46.50,51.00,-4.50,positive,4.32,1888.91,255.96,202.03,BULLISH,19.25,-1.00,7.25,13.50
2024-06-19,Wednesday,20231.00,15.00,UP,143.50,140.00,3.50,,,,,,BULLISH,4.00,91.50,2.25,-84.00
2024-06-20,Thursday,20035.25,-18.00,DOWN,138.25,50.75,87.50,positive,3.70,2181.56,283.60,-119.34,BEARISH,27.00,4.25,-97.50,42.75
2024-06-24,Monday,19744.75,85.25,UP,125.00,106.25,18.75,neutral,-0.82,411.34,161.33,463.67,BEARISH,15.75,33.00,12.25,13.00
2024-06-25,Tuesday,19966.75,-37.75,DOWN,169.50,103.75,65.75,positive,2.06,1856.96,389.95,26.57,BULLISH,-6.75,47.50,32.25,-117.75
2024-06-26,Wednesday,20004.75,-14.50,DOWN,133.75,3.25,130.50,neutral,0.73,1898.01,223.01,401.67,BULLISH,-27.25,34.75,6.00,30.75
2024-06-27,Thursday,20048.00,22.50,UP,119.50,130.00,-10.50,positive,2.92,1937.27,105.38,144.42,BULLISH,31.75,13.25,6.00,-44.75
2024-07-01,Monday,20048.75,-66.50,DOWN,144.50,5.75,138.75,neutral,0.82,1961.98,80.83,335.16,BEARISH,-26.25,-9.25,-51.25,23.25
2024-07-02,Tuesday,20256.50,-40.50,DOWN,78.75,27.25,51.50,positive,4.17,1955.04,374.46,124.67,BULLISH,-3.75,10.25,18.50,-51.00
2024-07-03,Wednesday,20419.50,-14.00,DOWN,30.25,1.00,29.25,positive,4.87,1998.45,293.57,371.75,BULLISH,-16.50,4.75,-8.75,6.00
2024-07-04,Thursday,20381.25,60.25,UP,135.00,114.75,20.25,,,,,,BULLISH,9.25,38.25,0.00,12.25
2024-07-08,Monday,20666.50,56.50,UP,76.25,82.25,-6.00,positive,3.55,97.54,222.20,110.23,BULLISH,57.50,-12.25,7.00,-9.50
2024-07-09,Tuesday,20679.50,78.75,UP,82.75,87.75,-5.00,positive,3.31,1992.99,238.92,93.45,BULLISH,11.75,0.00,34.25,27.25
2024-07-10,Wednesday,20894.50,0.25,RANGE,130.50,89.25,41.25,positive,4.62,2001.88,247.96,292.09,BULLISH,-14.25,-12.00,12.00,13.25
2024-07-11,Thursday,20429.75,13.75,UP,133.50,38.75,94.75,neutral,-0.88,1955.02,76.72,338.64,BULLISH,-18.25,3.25,17.50,7.50
2024-07-15,Monday,20593.25,55.50,UP,113.25,61.75,51.50,positive,2.37,1926.98,174.81,157.19,BEARISH,3.75,8.25,-38.00,46.00
2024-07-16,Tuesday,20599.50,-339.25,DOWN,343.25,-1.75,345.00,neutral,0.82,1922.68,55.00,152.52,BULLISH,-25.75,-56.50,-166.00,-83.00
2024-07-17,Wednesday,19992.00,149.00,UP,144.00,170.50,-26.50,negative,-2.93,1320.19,75.41,754.45,BULLISH,34.25,17.50,49.75,16.25
2024-07-18,Thursday,19891.25,-22.50,DOWN,226.25,88.50,137.75,negative,-2.68,1856.87,395.97,226.22,BULLISH,-9.25,17.00,-122.75,28.25
2024-07-22,Monday,19998.25,-41.25,DOWN,147.25,17.25,130.00,neutral,-0.11,1973.35,98.64,730.51,BEARISH,-27.25,-23.00,-12.25,36.00
2024-07-23,Tuesday,19924.75,-284.50,DOWN,275.50,-41.75,317.25,negative,-3.54,,232.00,804.46,BEARISH,-90.75,-29.50,-17.25,-106.00
2024-07-24,Wednesday,19204.50,13.00,UP,242.50,100.00,142.50,negative,-3.93,,140.47,895.62,BULLISH,11.25,-35.50,-37.25,19.25
2024-07-25,Thursday,18991.00,172.00,UP,241.50,245.50,-4.00,negative,-3.50,,757.75,1107.02,BEARISH,20.50,44.50,153.75,-56.75
2024-07-29,Monday,19209.00,78.75,UP,217.25,84.25,133.00,negative,-2.65,,159.49,875.81,BEARISH,-84.25,70.75,43.00,41.25
2024-07-30,Tuesday,18938.75,432.50,UP,519.00,442.00,77.00,negative,-2.45,,722.96,1761.01,BULLISH,195.00,156.00,-3.25,155.75
2024-07-31,Wednesday,19496.50,28.75,UP,212.25,220.50,-8.25,positive,1.72,-208.63,453.72,374.22,BEARISH,81.25,16.25,-167.75,1.00
2024-08-01,Thursday,19027.25,-377.00,DOWN,471.25,-47.50,518.75,negative,-3.44,,405.90,1042.43,BEARISH,-43.00,-148.00,-35.00,-79.25
2024-08-05,Monday,18021.50,57.50,UP,420.50,415.50,5.00,negative,-3.38,,-172.03,1610.15,BULLISH,118.75,56.75,-172.00,-88.25
2024-08-06,Tuesday,18172.00,281.00,UP,431.50,289.75,141.75,negative,-3.36,,392.45,1468.20,BULLISH,22.75,273.75,68.25,56.50
2024-08-07,Wednesday,17972.50,252.50,UP,510.50,279.75,230.75,negative,-3.96,,203.63,1242.67,BULLISH,-29.75,89.50,64.25,226.50
2024-08-08,Thursday,18519.25,-69.25,DOWN,268.00,131.75,136.25,negative,-1.98,,339.52,156.30,BEARISH,51.75,-86.00,123.50,-188.00
2024-08-12,Monday,18645.25,177.00,UP,218.50,201.75,16.75,negative,-2.07,,472.09,973.50,BEARISH,6.50,52.75,39.75,76.00
2024-08-13,Tuesday,19101.25,36.00,UP,163.50,62.25,101.25,neutral,-0.19,,934.14,717.41,BEARISH,17.50,-2.00,-26.00,49.00
2024-08-14,Wednesday,19107.25,245.00,UP,271.00,264.25,6.75,neutral,-0.60,,117.58,708.06,BULLISH,-36.00,77.75,-35.75,201.00
2024-08-15,Thursday,19587.25,-84.75,DOWN,235.50,95.75,139.75,positive,3.37,1840.96,1418.96,67.54,BULLISH,43.25,46.00,-34.50,-123.25
2024-08-19,Monday,19860.00,-42.50,DOWN,118.75,71.00,47.75,positive,2.39,1908.62,299.19,154.75,BULLISH,2.25,27.75,-13.00,-57.75
2024-08-20,Tuesday,19811.75,30.75,UP,78.25,52.00,26.25,positive,1.28,1871.56,129.45,200.66,BULLISH,-13.00,42.25,-29.75,40.50
2024-08-21,Wednesday,19905.75,91.50,UP,137.50,97.75,39.75,positive,2.77,106.04,188.53,100.21,BEARISH,15.00,-43.00,23.75,79.50
2024-08-22,Thursday,19585.50,170.50,UP,165.75,192.75,-27.00,neutral,0.81,-420.28,198.46,214.03,BULLISH,16.75,44.25,30.50,42.50
2024-08-26,Monday,19593.25,-69.25,DOWN,171.00,53.75,117.25,neutral,0.20,-1679.75,-11.28,636.96,BULLISH,12.00,47.50,1.50,-94.25
2024-08-27,Tuesday,19651.25,-25.75,DOWN,130.25,39.75,90.50,neutral,0.12,-1367.94,280.62,337.59,BEARISH,-48.50,44.75,49.75,-57.25
2024-08-28,Wednesday,19421.25,76.00,UP,376.00,95.00,281.00,negative,-2.22,,235.08,599.10,BEARISH,-22.50,129.50,90.25,83.75
2024-08-29,Thursday,19393.50,166.00,UP,179.00,179.50,-0.50,neutral,-0.18,1882.98,28.92,589.10,BEARISH,-15.25,25.50,61.75,40.25
2024-09-02,Monday,19647.00,-169.25,DOWN,237.50,36.00,201.50,,,,,,BEARISH,-66.50,-13.75,-68.75,-21.25
2024-09-03,Tuesday,19012.25,-133.75,DOWN,180.00,-6.50,186.50,negative,-3.12,,-153.92,778.90,BEARISH,-36.25,-102.50,53.00,-29.75
2024-09-04,Wednesday,18957.00,-70.00,DOWN,178.75,49.00,129.75,negative,-3.17,,436.67,1621.15,BULLISH,-35.50,8.25,33.50,-83.50
2024-09-05,Thursday,18975.50,-46.50,DOWN,269.25,-3.25,272.50,negative,-2.89,1908.68,459.49,1597.84,BEARISH,-8.75,-36.50,-145.50,204.00
2024-09-09,Monday,18688.50,69.75,UP,195.75,89.50,106.25,negative,-3.00,,381.27,2115.17,BULLISH,-13.25,-88.25,19.25,115.25
2024-09-10,Tuesday,18855.50,46.75,UP,222.50,72.00,150.50,negative,-2.38,,352.22,264.56,BEARISH,-1.00,-86.75,25.25,125.50
2024-09-11,Wednesday,19254.50,4.50,RANGE,116.50,88.25,28.25,neutral,0.74,-393.56,1168.42,270.25,BULLISH,2.50,66.00,-11.50,-38.25
2024-09-12,Thursday,19451.50,-42.25,DOWN,82.50,37.00,45.50,positive,2.16,1689.01,1148.23,515.71,BULLISH,34.25,-9.50,7.00,-44.00
2024-09-16,Monday,19670.50,124.50,UP,186.50,149.00,37.50,positive,1.21,1806.28,550.16,281.16,BULLISH,17.75,14.75,52.25,54.25
2024-09-17,Tuesday,19682.50,48.50,UP,78.75,53.50,25.25,positive,1.79,1847.47,350.83,272.78,BEARISH,19.50,-13.50,-4.75,44.75
2024-09-18,Wednesday,19583.75,468.50,UP,420.50,473.50,-53.00,positive,2.45,-239.09,51.81,363.76,BULLISH,114.25,117.00,54.25,116.00
2024-09-19,Thursday,20081.50,-46.50,DOWN,94.00,-6.50,100.50,strong_positive,5.49,1396.97,972.42,66.12,BEARISH,-17.25,-0.50,-25.50,13.25
2024-09-23,Monday,20076.50,57.75,UP,156.75,102.75,54.00,positive,1.50,1587.53,1370.54,292.21,BEARISH,5.75,36.00,59.50,-30.50
2024-09-24,Tuesday,20170.25,-29.25,DOWN,128.00,22.00,106.00,positive,2.50,1969.33,1470.68,191.51,BEARISH,-4.00,-81.25,-2.75,44.50
2024-09-25,Wednesday,20195.00,308.50,UP,306.00,343.00,-37.00,positive,2.87,1910.36,1494.80,167.44,BULLISH,35.25,141.75,49.50,36.50
2024-09-26,Thursday,20341.50,36.00,UP,160.75,54.25,106.50,positive,3.20,307.41,1637.47,25.11,BEARISH,-1.25,-24.75,-26.25,84.75
2024-09-30,Monday,20270.25,-18.25,DOWN,118.50,61.50,57.00,positive,1.30,-206.02,1579.94,496.76,BULLISH,12.75,4.25,18.00,-18.00
2024-10-01,Tuesday,19978.25,-35.25,DOWN,132.00,32.50,99.50,negative,-1.34,,878.82,1197.21,BULLISH,-42.50,-12.75,24.00,-2.75
2024-10-02,Wednesday,20010.00,-97.75,DOWN,216.00,58.00,158.00,neutral,0.18,-1377.06,719.71,538.35,BEARISH,-0.25,-115.50,-28.25,2.25
2024-10-03,Thursday,19988.00,239.50,UP,322.25,275.75,46.50,neutral,-0.63,1942.38,895.62,349.54,BULLISH,18.00,32.75,-13.50,224.00
2024-10-07,Monday,19999.00,104.50,UP,204.25,107.75,96.50,negative,-1.15,1965.44,919.38,324.94,BEARISH,-42.75,-5.00,40.00,85.25
2024-10-08,Tuesday,20300.00,-17.75,DOWN,104.75,0.75,104.00,positive,2.01,-25.85,1218.59,233.26,BEARISH,-20.25,-42.25,12.00,39.00
2024-10-09,Wednesday,20458.25,-99.00,DOWN,156.25,20.25,136.00,positive,3.19,1997.45,1375.18,284.22,BULLISH,4.75,-7.75,-24.50,-59.50
2024-10-10,Thursday,20429.50,-89.25,DOWN,128.75,38.75,90.00,positive,3.04,1986.28,1355.16,96.14,BULLISH,17.25,-25.50,-67.00,-20.50
2024-10-14,Monday,20621.75,9.75,RANGE,87.50,29.25,58.25,positive,3.95,1976.63,1552.98,105.18,BEARISH,-6.75,-24.50,-27.50,49.75
2024-10-15,Tuesday,20343.50,9.75,RANGE,92.50,55.00,37.50,neutral,0.86,1906.80,239.63,174.88,BULLISH,17.25,40.00,-31.75,-6.25
2024-10-16,Wednesday,20346.25,227.00,UP,318.00,248.50,69.50,neutral,0.56,1912.58,1281.80,168.76,BULLISH,-14.00,28.25,150.00,80.00
2024-10-17,Thursday,20364.00,102.25,UP,187.75,144.50,43.25,positive,1.86,-146.91,267.45,146.91,BEARISH,21.25,-1.25,44.25,16.25
2024-10-21,Monday,20520.50,-118.00,DOWN,183.75,23.50,160.25,positive,1.57,1479.63,435.20,186.00,BULLISH,-20.50,-63.00,-22.50,-28.00
2024-10-22,Tuesday,20539.75,-105.50,DOWN,118.75,2.75,116.00,positive,1.50,1912.79,454.20,167.00,BULLISH,8.50,-23.25,-19.25,-54.50
2024-10-23,Wednesday,20218.25,154.50,UP,160.50,210.25,-49.75,neutral,-0.66,,140.62,480.34,BULLISH,-4.25,33.75,50.00,0.00
2024-10-24,Thursday,20380.00,111.25,UP,148.00,132.00,16.00,neutral,0.73,-568.34,301.06,319.94,BULLISH,-7.75,8.00,30.75,71.75
2024-10-28,Monday,20500.50,10.25,UP,103.75,54.25,49.50,positive,1.10,1879.59,224.40,189.40,BULLISH,-6.00,-1.00,19.00,-16.00
2024-10-29,Tuesday,20695.00,-33.50,DOWN,148.75,93.50,55.25,positive,2.95,1878.61,421.40,406.10,BULLISH,15.00,-35.50,9.75,-60.50
2024-10-30,Wednesday,20534.50,-169.50,DOWN,208.75,-38.75,247.50,neutral,-0.63,,259.85,153.92,BEARISH,-55.50,-33.00,-74.50,47.50
2024-10-31,Thursday,20011.25,57.50,UP,129.50,135.25,-5.75,negative,-2.89,,-48.85,669.27,BULLISH,2.75,46.50,-25.50,-28.00
2024-11-04,Monday,20085.25,67.00,UP,129.50,86.00,43.50,negative,-1.75,1905.81,863.27,583.54,BULLISH,-54.75,42.00,31.50,2.50
2024-11-05,Tuesday,20341.25,344.50,UP,407.75,390.00,17.75,neutral,0.08,1957.33,501.59,325.06,BULLISH,29.00,258.25,79.75,-42.00
2024-11-06,Wednesday,20893.75,112.75,UP,159.00,126.75,32.25,positive,3.87,32.33,617.62,427.54,BEARISH,-49.50,76.25,-9.25,65.25
2024-11-07,Thursday,21221.75,-35.75,DOWN,141.50,41.50,100.00,positive,4.50,1396.15,1180.45,59.22,BEARISH,0.00,6.00,-6.75,-39.25
2024-11-11,Monday,21220.25,-6.25,RANGE,121.00,29.25,91.75,positive,3.30,2058.66,76.43,47.46,BEARISH,-7.50,-4.25,-24.25,30.00
2024-11-12,Tuesday,21185.00,-26.50,DOWN,142.25,58.50,83.75,positive,2.63,2021.92,39.53,84.37,BEARISH,-33.75,-27.00,58.50,-18.25
2024-11-13,Wednesday,21158.75,-21.75,DOWN,100.00,31.50,68.50,positive,2.90,1539.49,93.86,112.66,BEARISH,-14.25,-51.50,52.50,-15.50
2024-11-14,Thursday,21008.50,-249.75,DOWN,229.00,-27.00,256.00,neutral,0.17,2019.59,152.00,467.50,BEARISH,-50.75,-56.00,-48.50,-61.50
2024-11-18,Monday,20631.75,-110.00,DOWN,314.50,65.25,249.25,neutral,-0.03,,413.77,617.76,BEARISH,-6.75,50.75,-137.25,-19.00
2024-11-19,Tuesday,20765.25,-12.00,DOWN,110.50,78.00,32.50,positive,1.03,-358.28,755.65,688.34,BULLISH,51.25,17.50,-35.50,-41.25
2024-11-20,Wednesday,20752.25,123.75,UP,293.50,136.50,157.00,neutral,0.77,-485.63,545.34,279.44,BULLISH,-88.50,38.00,-42.75,229.25
2024-11-21,Thursday,20823.75,-33.75,DOWN,151.25,20.75,130.50,neutral,0.97,1789.36,370.13,882.13,BULLISH,-24.00,28.00,-43.75,31.75
2024-11-25,Monday,20878.00,59.75,UP,224.50,101.50,123.00,neutral,0.90,895.92,62.47,555.81,BULLISH,-109.25,108.00,-20.25,51.50
2024-11-26,Tuesday,20989.75,-53.00,DOWN,114.75,29.25,85.50,positive,2.79,2041.87,384.38,27.73,BEARISH,-5.00,-17.00,-48.50,15.50
2024-11-27,Wednesday,20816.25,58.00,UP,70.75,61.75,9.00,neutral,0.94,-398.59,13.35,192.62,BULLISH,32.25,17.75,-6.00,16.50
2024-11-28,Thursday,20890.00,-59.50,DOWN,125.50,47.75,77.75,,,,,,BULLISH,-45.25,67.00,-8.75,-66.75
2024-12-02,Monday,21217.00,-59.75,DOWN,99.00,26.50,72.50,positive,3.62,641.53,426.63,190.91,BEARISH,-9.00,16.50,-9.75,-60.25
2024-12-03,Tuesday,21279.00,139.00,UP,151.25,178.00,-26.75,positive,4.29,1938.06,488.05,129.50,BULLISH,0.00,29.75,45.50,18.25
2024-12-04,Wednesday,21537.50,-2.25,RANGE,48.75,0.25,48.50,strong_positive,5.44,966.04,1368.60,277.84,BEARISH,-15.75,6.50,3.50,28.25
2024-12-05,Thursday,21475.50,15.50,UP,105.00,54.25,50.75,positive,3.52,2131.99,115.32,131.62,BEARISH,5.00,22.50,-6.25,20.00
2024-12-09,Monday,21485.50,47.00,UP,90.00,52.50,37.50,positive,2.23,1950.93,59.16,310.97,BULLISH,-2.25,-17.50,2.00,70.75
2024-12-10,Tuesday,21408.00,182.00,UP,184.25,182.00,2.25,positive,2.09,1047.85,142.95,186.10,BEARISH,-13.50,21.50,3.75,141.00
2024-12-11,Wednesday,21791.75,-98.00,DOWN,123.75,-19.25,143.00,strong_positive,5.51,1848.77,1643.17,207.21,BEARISH,-4.75,9.25,-27.50,-40.50
2024-12-12,Thursday,21643.25,152.00,UP,145.75,200.50,-54.75,positive,4.97,-200.57,-158.97,408.61,BEARISH,32.50,-7.25,39.75,9.00
2024-12-16,Monday,22111.50,-78.00,DOWN,99.00,13.00,86.00,strong_positive,5.27,1502.68,1710.85,370.85,BULLISH,-27.00,4.25,-5.00,-54.00
2024-12-17,Tuesday,22315.25,-35.25,DOWN,181.75,72.50,109.25,positive,3.07,2473.98,420.01,-132.46,BULLISH,-23.50,50.50,12.50,-69.75
2024-12-18,Wednesday,21496.75,180.25,UP,254.25,185.25,69.00,negative,-2.14,1736.60,280.59,759.42,BEARISH,37.25,-50.75,80.25,108.75
2024-12-19,Thursday,21376.75,-165.75,DOWN,422.75,52.50,370.25,negative,-2.40,,169.25,653.27,BEARISH,-151.50,15.25,-169.50,88.25
2024-12-23,Monday,21755.50,71.00,UP,138.50,92.00,46.50,neutral,0.51,-492.80,122.09,85.92,BULLISH,-8.00,28.00,32.75,28.50
2024-12-26,Thursday,22007.25,-161.50,DOWN,164.00,0.75,163.25,positive,2.44,188.52,396.32,227.08,BEARISH,-18.50,-36.00,-23.75,-67.50
2024-12-30,Monday,21411.75,44.25,UP,181.25,113.00,68.25,negative,-2.82,,-1.38,621.94,BULLISH,-20.75,9.50,108.75,-32.25
2025-01-02,Thursday,21169.00,124.25,UP,159.00,134.00,25.00,negative,-2.71,,212.99,1031.93,BEARISH,52.25,-2.00,34.00,23.00
2025-01-06,Monday,21750.50,41.25,UP,136.25,46.75,89.50,positive,2.14,2061.37,186.10,228.60,BEARISH,-19.75,-70.75,37.25,63.50
2025-01-07,Tuesday,21359.00,-3.00,RANGE,226.75,89.25,137.50,negative,-1.50,,-14.55,852.72,BULLISH,25.00,-6.75,30.00,-74.25
2025-01-08,Wednesday,21360.25,-58.75,DOWN,129.25,-13.00,142.25,negative,-2.23,,217.30,611.84,BEARISH,-28.00,8.00,-4.25,-10.00
2025-01-13,Monday,20948.25,123.00,UP,199.75,195.50,4.25,negative,-2.18,,236.13,178.11,BULLISH,33.00,-5.50,53.00,-29.50
2025-01-14,Tuesday,20923.00,329.00,UP,420.00,406.00,14.00,negative,-2.61,,210.71,1032.03,BULLISH,-22.00,-7.25,12.75,291.25
2025-01-15,Wednesday,21395.75,99.00,UP,214.25,171.50,42.75,positive,1.40,-101.93,685.08,60.51,BEARISH,36.50,14.75,33.50,20.25
2025-01-16,Thursday,21248.00,398.75,UP,473.25,434.50,38.75,negative,-1.33,,127.30,493.90,BEARISH,12.50,48.25,54.50,303.00
2025-01-20,Monday,21683.00,27.75,UP,368.50,63.25,305.25,,,,,,BEARISH,-219.00,129.00,108.00,3.25
2025-01-21,Tuesday,21714.50,199.75,UP,166.00,219.75,-53.75,positive,3.02,-12.98,607.81,219.91,BULLISH,27.75,4.75,41.00,32.00
2025-01-22,Wednesday,21997.75,-108.50,DOWN,129.25,-13.00,142.25,positive,3.17,2140.56,682.87,144.89,BEARISH,-30.75,-8.50,-49.00,-4.50
2025-01-23,Thursday,22041.75,2.25,RANGE,86.75,16.75,70.00,positive,2.56,114.25,527.97,92.62,BULLISH,-10.50,-5.00,1.25,39.25
2025-01-27,Monday,21258.00,44.00,UP,204.50,165.50,39.00,negative,-2.64,,166.97,660.13,BULLISH,-57.25,5.50,105.75,-94.25
2025-01-28,Tuesday,21575.50,24.50,UP,166.50,121.50,45.00,neutral,-0.16,,488.94,337.98,BEARISH,7.25,97.50,5.00,-67.50
2025-01-29,Wednesday,21530.25,120.00,UP,209.75,185.25,24.50,neutral,0.07,-2280.11,218.02,408.82,BULLISH,37.50,56.75,-6.75,15.50
2025-01-30,Thursday,21623.00,151.50,UP,153.00,190.00,-37.00,positive,1.49,-438.54,313.56,313.19,BULLISH,29.00,53.75,20.75,-8.00
2025-02-03,Monday,21406.25,15.00,UP,357.50,193.75,163.75,neutral,-0.15,,337.10,489.14,BEARISH,-43.00,-148.50,-31.00,52.50
2025-02-04,Tuesday,21668.25,-117.75,DOWN,194.00,-44.50,238.50,neutral,-0.70,,597.53,228.77,BEARISH,36.00,-78.25,-77.25,109.50
2025-02-05,Wednesday,21761.25,16.00,UP,127.00,71.50,55.50,positive,1.59,-130.29,695.80,130.29,BULLISH,9.50,35.50,-16.25,-17.50
2025-02-06,Thursday,21870.75,15.00,UP,139.75,59.25,80.50,positive,2.28,-21.25,804.86,21.25,BULLISH,46.75,-4.25,-6.00,31.25
2025-02-10,Monday,21843.75,-138.25,DOWN,162.75,-11.50,174.25,positive,1.22,-238.03,381.08,238.03,BEARISH,-22.75,-38.00,-23.50,-43.25
2025-02-11,Tuesday,21791.00,-240.00,DOWN,339.25,59.00,280.25,positive,1.31,-287.33,744.37,80.99,BEARISH,19.00,-30.25,-15.00,-218.50
2025-02-12,Wednesday,21802.00,67.75,UP,174.00,125.00,49.00,positive,2.32,-109.36,344.55,274.42,BULLISH,34.00,-5.75,-60.75,41.75
2025-02-13,Thursday,22109.75,-1.00,RANGE,121.00,53.75,67.25,positive,3.70,239.67,858.64,172.97,BULLISH,25.25,35.50,-7.25,-15.00
2025-02-17,Monday,22235.25,23.00,UP,121.50,84.50,37.00,,,,,,BULLISH,8.75,64.00,-25.00,-14.75
2025-02-18,Tuesday,22238.75,-31.75,DOWN,111.75,52.50,59.25,positive,3.63,174.34,792.97,31.87,BULLISH,50.75,-19.75,-8.75,-40.00
2025-02-19,Wednesday,22247.00,-37.25,DOWN,94.50,-11.50,106.00,positive,3.22,185.54,144.30,20.65,BEARISH,14.25,-68.00,45.50,4.00
2025-02-20,Thursday,22144.75,41.00,UP,141.75,100.75,41.00,positive,2.39,-118.17,500.24,118.17,BEARISH,19.75,-3.00,14.75,17.25
2025-02-24,Monday,21421.00,-29.50,DOWN,167.75,32.75,135.00,negative,-4.11,,406.59,623.53,BULLISH,-8.50,-10.50,-117.25,86.75
2025-02-25,Tuesday,21149.75,88.50,UP,132.50,182.75,-50.25,negative,-4.31,,132.93,1506.38,BULLISH,19.00,27.00,28.00,-67.75
2025-02-26,Wednesday,21191.25,150.25,UP,278.50,195.25,83.25,negative,-3.37,,177.43,1461.65,BEARISH,-111.75,143.25,42.25,16.75
2025-02-27,Thursday,20608.25,-18.00,DOWN,172.50,79.75,92.75,strong_negative,-5.18,,12.35,2038.18,BEARISH,-32.25,-22.25,62.25,-67.50
2025-03-03,Monday,20473.00,-130.25,DOWN,330.00,119.00,211.00,negative,-4.34,,299.78,2161.35,BULLISH,23.75,8.25,-64.50,-153.50
2025-03-04,Tuesday,20397.50,23.25,UP,250.25,232.25,18.00,negative,-3.74,,9.67,572.84,BULLISH,-21.25,13.50,60.00,-189.00
2025-03-05,Wednesday,20658.00,-347.75,DOWN,348.50,-10.50,359.00,negative,-2.99,,277.61,304.68,BULLISH,-14.25,44.25,-226.25,-98.25
2025-03-06,Thursday,20091.75,-54.25,DOWN,247.25,182.00,65.25,negative,-4.19,1788.64,339.30,2541.26,BULLISH,-40.00,-46.25,69.25,-160.25
2025-03-10,Monday,19463.50,-44.00,DOWN,445.75,121.50,324.25,negative,-4.09,,349.10,3390.68,BULLISH,-135.75,171.25,88.00,-143.75
2025-03-11,Tuesday,19393.00,303.00,UP,401.75,395.75,6.00,negative,-3.76,,-136.42,593.49,BEARISH,64.00,2.00,67.00,150.00
2025-03-12,Wednesday,19609.00,-35.25,DOWN,293.25,85.00,208.25,negative,-2.78,,84.72,372.24,BEARISH,113.25,-219.75,27.50,81.75
2025-03-13,Thursday,19251.50,213.75,UP,236.75,282.00,-45.25,negative,-3.80,,-65.70,3353.74,BULLISH,43.50,52.00,17.50,36.50
2025-03-17,Monday,19831.75,-139.50,DOWN,178.00,26.25,151.75,negative,-2.38,1962.27,113.70,913.28,BEARISH,-0.25,-76.75,72.00,-122.25
2025-03-18,Tuesday,19706.25,82.00,UP,137.50,91.25,46.25,negative,-3.23,,401.21,1652.52,BULLISH,4.75,29.75,-15.75,67.25
2025-03-19,Wednesday,19953.50,-167.00,DOWN,357.50,139.25,218.25,negative,-1.89,,33.05,174.45,BULLISH,82.75,56.50,-32.75,-269.25
2025-03-20,Thursday,19881.25,-224.00,DOWN,330.50,51.50,279.00,negative,-2.80,,177.52,1689.15,BULLISH,-12.25,-35.00,-52.00,-140.75
2025-03-24,Monday,20365.75,35.75,UP,154.50,81.75,72.75,neutral,0.33,-603.80,434.29,603.80,BEARISH,2.00,-13.50,-37.75,97.75
2025-03-25,Tuesday,20487.75,-48.25,DOWN,107.25,49.00,58.25,positive,1.12,1811.60,556.78,107.58,BEARISH,12.00,-64.50,-7.50,-14.00
2025-03-26,Wednesday,20112.50,-84.50,DOWN,144.50,35.25,109.25,negative,-2.14,,181.47,233.76,BULLISH,13.75,55.00,-2.50,-84.25
2025-03-27,Thursday,19994.50,-84.25,DOWN,166.50,17.25,149.25,negative,-2.68,,67.53,223.07,BULLISH,-30.50,11.00,-70.00,4.75
2025-03-31,Monday,19450.00,-69.00,DOWN,227.75,61.00,166.75,negative,-4.10,,366.80,2952.02,BULLISH,-53.00,1.50,110.00,-88.25
2025-04-01,Tuesday,19603.50,-276.25,DOWN,377.50,93.50,284.00,negative,-2.14,,106.02,599.21,BEARISH,44.25,-86.25,-26.75,-202.00
2025-04-02,Wednesday,19746.50,-822.75,DOWN,358.00,-569.50,927.50,strong_negative,-6.19,,686.97,779.15,BEARISH,-142.75,162.75,109.00,-228.00
2025-04-03,Thursday,18685.75,-536.50,DOWN,892.25,27.25,865.00,negative,-4.42,,279.41,891.91,BEARISH,-5.75,-11.25,-53.00,-439.25
2025-04-07,Monday,17560.75,590.00,UP,525.50,609.25,-83.75,negative,-3.37,,168.04,577.36,BULLISH,98.75,-10.00,76.50,326.75
2025-04-08,Tuesday,17239.50,-30.00,DOWN,690.00,185.50,504.50,negative,-2.64,,1081.57,824.24,BEARISH,-226.25,-99.75,454.25,-139.50
2025-04-09,Wednesday,19269.50,-480.00,DOWN,680.00,114.00,566.00,neutral,0.12,-827.58,10.28,413.21,BULLISH,46.75,-160.25,-368.25,5.00
2025-04-10,Thursday,18483.00,-69.50,DOWN,728.00,312.00,416.00,negative,-2.39,,924.73,371.24,BULLISH,-107.75,342.75,-299.75,17.00
2025-04-14,Monday,18942.25,45.00,UP,231.50,98.25,133.25,negative,-1.62,,306.84,1142.58,BULLISH,-51.75,41.00,110.75,-12.25
2025-04-15,Tuesday,18959.50,-374.75,DOWN,356.75,-98.25,455.00,negative,-2.39,2023.86,326.15,709.03,BEARISH,-61.00,-203.75,185.50,-128.75
2025-04-16,Wednesday,18386.75,111.25,UP,307.50,266.00,41.50,negative,-2.99,,1000.60,1690.12,BULLISH,10.75,147.75,-13.75,-40.75
2025-04-21,Monday,17922.25,229.75,UP,307.75,249.25,58.50,negative,-2.75,,545.15,2764.77,BULLISH,89.50,-5.50,116.25,38.00
2025-04-22,Tuesday,18380.00,568.50,UP,348.25,592.00,-243.75,neutral,-0.76,,598.87,434.92,BULLISH,114.75,-21.75,91.00,116.50
2025-04-23,Wednesday,18788.25,87.25,UP,282.25,88.75,193.50,neutral,-0.57,1670.08,181.54,231.94,BEARISH,13.00,-129.50,-81.75,245.50
2025-04-24,Thursday,19319.75,-17.25,DOWN,281.25,177.75,103.50,neutral,0.91,-151.45,105.68,730.21,BEARISH,7.50,-2.00,-8.75,-101.25
2025-04-28,Monday,19524.50,-98.00,DOWN,253.00,106.50,146.50,neutral,0.67,-314.82,314.26,521.48,BULLISH,50.25,4.25,50.00,-155.50
2025-04-29,Tuesday,19644.75,-343.00,DOWN,390.75,-22.00,412.75,neutral,0.67,-396.34,1049.92,396.34,BEARISH,-36.75,-25.00,38.50,-273.00
2025-04-30,Wednesday,19642.50,329.00,UP,230.75,393.25,-162.50,positive,2.29,-355.32,1049.49,396.64,BULLISH,83.25,3.75,61.75,-13.00
2025-05-01,Thursday,19877.75,213.75,UP,391.75,263.50,128.25,positive,1.14,1616.88,1286.36,159.64,BULLISH,7.00,160.50,-78.50,222.00
2025-05-05,Monday,20065.50,-270.00,DOWN,252.75,-28.75,281.50,neutral,0.41,-579.01,246.77,372.57,BEARISH,-6.00,-85.75,-48.75,-78.25
2025-05-06,Tuesday,19875.75,24.00,UP,334.25,258.00,76.25,positive,1.28,-355.75,1295.80,355.75,BULLISH,259.00,-87.75,29.25,-107.25
2025-05-07,Wednesday,19949.25,214.00,UP,351.75,313.25,38.50,neutral,0.64,1910.35,1373.73,277.43,BULLISH,18.50,204.00,70.00,-62.00
2025-05-08,Thursday,20152.25,74.50,UP,208.00,136.50,71.50,positive,1.36,-112.47,341.53,71.20,BULLISH,-17.75,54.25,-19.00,52.75
2025-05-12,Monday,20949.75,54.00,UP,247.75,116.00,131.75,positive,3.58,1146.67,949.47,91.02,BEARISH,-46.00,-47.25,-26.75,168.50
2025-05-13,Tuesday,21270.75,43.75,UP,144.25,111.75,32.50,positive,3.38,2089.06,1685.63,179.74,BEARISH,42.50,24.75,-43.00,40.75
2025-05-14,Wednesday,21397.00,-94.50,DOWN,220.00,15.00,205.00,positive,2.64,1798.79,189.68,264.18,BEARISH,-4.50,-44.25,-116.25,87.25
2025-05-15,Thursday,21419.50,48.25,UP,156.00,85.25,70.75,positive,2.46,795.96,2033.37,28.99,BEARISH,18.25,-28.00,73.00,6.00
2025-05-19,Monday,21523.25,-110.50,DOWN,168.50,39.00,129.50,positive,2.13,1936.12,162.96,125.69,BEARISH,26.25,-120.00,15.50,-21.50
2025-05-20,Tuesday,21447.50,-168.25,DOWN,214.25,-3.50,217.75,positive,1.36,1881.24,-127.11,418.66,BULLISH,16.75,-100.50,-9.00,-43.50
2025-05-21,Wednesday,21149.00,21.75,UP,203.50,94.50,109.00,neutral,-0.39,1979.56,124.45,493.92,BEARISH,0.75,49.50,0.00,-27.25
2025-05-22,Thursday,21183.50,-333.50,DOWN,509.00,52.50,456.50,neutral,-0.28,2061.22,165.48,452.70,BEARISH,-45.00,-25.75,36.00,-336.50
2025-05-26,Monday,21283.50,-24.25,DOWN,218.25,76.25,142.00,,,,,,BEARISH,-46.00,-28.25,105.50,-54.25
2025-05-27,Tuesday,21466.50,38.75,UP,130.50,71.00,59.50,positive,2.62,52.17,2111.24,153.74,BEARISH,-9.25,-18.00,-34.00,85.50
2025-05-28,Wednesday,21372.50,301.25,UP,369.75,486.25,-116.50,positive,4.52,-251.65,366.18,457.59,BULLISH,253.25,38.75,-22.00,-109.00
2025-05-29,Thursday,21411.50,-29.00,DOWN,194.75,9.50,185.25,positive,1.04,2098.67,204.45,207.34,BULLISH,-54.25,70.25,-26.75,23.00
2025-06-02,Monday,21534.25,12.00,UP,158.75,23.75,135.00,positive,2.21,-65.37,2189.34,74.42,BEARISH,-60.75,-30.50,-20.50,103.00
2025-06-03,Tuesday,21704.50,21.00,UP,111.75,62.50,49.25,positive,3.64,2156.75,2362.51,230.13,BEARISH,16.75,-10.25,22.00,7.50
2025-06-04,Wednesday,21757.25,54.75,UP,185.50,140.75,44.75,positive,3.72,2017.09,2419.48,49.17,BEARISH,-3.75,-7.75,56.00,21.50
2025-06-05,Thursday,21586.75,211.25,UP,341.00,225.25,115.75,positive,1.24,2043.69,192.25,630.62,BEARISH,74.50,111.50,3.25,136.25
2025-06-09,Monday,21818.75,17.25,UP,241.25,154.50,86.75,positive,3.28,245.24,112.87,380.45,BULLISH,8.50,-4.00,-16.75,23.75
2025-06-10,Tuesday,21964.50,52.50,UP,240.25,141.50,98.75,positive,4.22,386.97,336.81,238.83,BEARISH,8.00,-72.75,61.00,74.00
2025-06-11,Wednesday,21887.75,-59.00,DOWN,181.00,6.50,174.50,positive,3.07,2165.74,183.60,309.68,BEARISH,-33.25,-10.25,-25.75,29.25
2025-06-12,Thursday,21936.50,-255.75,DOWN,444.75,-20.75,465.50,positive,1.44,2289.91,152.63,258.39,BEARISH,-122.25,-215.75,29.75,82.00
2025-06-16,Monday,22176.00,-113.00,DOWN,181.25,1.25,180.00,positive,1.96,2457.72,403.74,7.06,BEARISH,-159.50,65.50,-17.00,-2.50
2025-06-17,Tuesday,21956.50,36.50,UP,204.00,109.75,94.25,neutral,0.49,797.13,372.93,457.21,BEARISH,-22.25,83.00,43.50,-39.75
2025-06-18,Wednesday,21949.00,-164.75,DOWN,235.50,21.75,213.75,neutral,0.94,2244.95,798.50,228.22,BEARISH,-8.75,-97.00,-25.00,-41.75
2025-06-19,Thursday,21703.00,371.75,UP,357.25,400.00,-42.75,,,,,,BULLISH,138.25,35.25,-57.75,209.00
2025-06-23,Monday,22072.75,213.75,UP,318.75,311.75,7.00,positive,3.20,-134.61,280.48,342.16,BULLISH,158.25,57.25,9.25,-17.00
2025-06-24,Tuesday,22405.50,93.75,UP,127.00,106.00,21.00,positive,3.76,1661.97,615.20,214.91,BEARISH,12.50,1.25,7.50,64.50
2025-06-25,Wednesday,22463.25,89.00,UP,147.25,121.75,25.50,positive,3.43,2162.65,668.13,162.16,BULLISH,3.50,46.25,51.00,-9.75
2025-06-26,Thursday,22673.25,34.00,UP,127.75,114.75,13.00,positive,4.53,2168.88,1919.84,155.50,BEARISH,2.25,30.25,37.50,-41.00
2025-06-30,Monday,22885.50,-83.00,DOWN,159.00,29.25,129.75,positive,3.68,275.24,1519.84,139.62,BULLISH,13.25,-40.50,5.00,-42.75
2025-07-01,Tuesday,22693.00,-39.50,DOWN,199.25,88.25,111.00,positive,1.87,-123.36,1328.59,123.36,BEARISH,14.00,59.50,-59.00,-56.25
2025-07-02,Wednesday,22844.50,87.50,UP,113.50,96.00,17.50,positive,3.26,2232.39,1485.88,380.41,BEARISH,3.75,26.00,-20.00,79.00
2025-07-03,Thursday,23059.00,-140.00,DOWN,180.50,3.50,177.00,positive,4.13,239.20,1495.34,388.87,BULLISH,-24.50,-29.25,-78.50,-7.75
2025-07-07,Monday,22883.25,51.75,UP,164.25,89.50,74.75,positive,2.30,2165.43,1534.50,330.92,BEARISH,36.50,60.25,12.75,-11.00
2025-07-08,Tuesday,22891.75,87.00,UP,135.25,87.00,48.25,positive,2.80,2172.30,1541.33,116.96,BEARISH,-4.75,-26.50,16.25,88.25
2025-07-09,Wednesday,23051.00,21.00,UP,102.25,27.75,74.50,positive,3.98,259.58,1709.95,154.81,BEARISH,-6.75,-42.50,54.00,26.25
2025-07-10,Thursday,23015.00,-100.50,DOWN,217.25,33.75,183.50,positive,3.46,2098.53,1675.05,189.61,BEARISH,32.50,-103.00,-39.00,11.00
2025-07-14,Monday,23034.25,165.75,UP,223.00,184.75,38.25,positive,2.38,2129.09,132.08,157.82,BULLISH,-22.75,135.25,9.25,44.00
2025-07-15,Tuesday,23052.25,22.25,UP,156.00,32.75,123.25,positive,2.10,492.28,151.88,138.00,BEARISH,-4.50,-7.00,-4.00,72.25
2025-07-16,Wednesday,23074.50,26.00,UP,141.50,84.00,57.50,positive,1.91,-108.83,139.57,108.83,BEARISH,-25.00,47.25,16.25,-4.00
2025-07-17,Thursday,23257.75,43.00,UP,75.50,63.00,12.50,positive,4.43,2145.37,1938.38,131.46,BEARISH,19.50,23.50,-21.50,19.50
2025-07-21,Monday,23344.75,1.00,RANGE,99.50,22.25,77.25,positive,3.74,175.08,381.95,31.79,BEARISH,7.25,-32.00,-38.00,69.25
2025-07-22,Tuesday,23221.25,40.00,UP,113.50,62.50,51.00,positive,1.85,-318.93,260.27,153.44,BULLISH,70.50,-11.25,28.25,-18.00
2025-07-23,Wednesday,23324.50,49.25,UP,95.50,98.25,-2.75,positive,4.21,-48.78,364.90,255.63,BULLISH,-1.25,-26.50,17.25,-17.25
2025-07-24,Thursday,23376.75,-16.25,DOWN,95.00,65.00,30.00,positive,4.48,88.39,419.31,201.16,BULLISH,14.75,1.25,-33.00,-15.00
2025-07-28,Monday,23491.75,103.75,UP,110.50,121.75,-11.25,positive,4.90,2279.11,252.95,77.85,BULLISH,24.00,18.50,34.75,12.75
2025-07-29,Tuesday,23457.00,29.75,UP,72.75,65.00,7.75,positive,3.59,-67.20,98.17,108.54,BULLISH,23.00,28.75,-20.50,4.25
2025-07-30,Wednesday,23484.00,263.25,UP,159.00,361.00,-202.00,strong_positive,5.42,-77.72,335.64,284.40,BULLISH,20.00,74.75,-0.50,-52.75
2025-07-31,Thursday,23354.25,-266.25,DOWN,316.00,-6.75,322.75,neutral,-0.42,2272.41,205.56,207.81,BEARISH,-11.00,-4.75,-178.25,-25.75
2025-08-04,Monday,23296.75,51.00,UP,91.75,107.50,-15.75,positive,2.55,2241.49,580.30,245.75,BEARISH,-19.25,28.75,-32.25,15.75
2025-08-05,Tuesday,23133.50,35.25,UP,181.50,93.50,88.00,negative,-3.12,2290.42,423.22,278.74,BULLISH,-38.75,132.50,-18.25,1.50
2025-08-06,Wednesday,23424.75,176.75,UP,254.50,214.25,40.25,positive,3.56,2245.12,933.06,108.17,BULLISH,33.50,31.25,73.50,45.50
2025-08-07,Thursday,23501.00,40.50,UP,80.00,82.00,-2.00,positive,4.08,2249.62,382.83,442.82,BULLISH,21.00,-31.50,43.50,-12.75
2025-08-11,Monday,23638.50,94.25,UP,226.25,183.75,42.50,positive,3.34,2220.03,321.67,297.36,BULLISH,1.25,-6.50,11.25,91.50
2025-08-12,Tuesday,23934.50,110.00,UP,124.50,111.75,12.75,strong_positive,5.62,2279.33,1454.02,205.67,BEARISH,15.25,-14.50,48.50,50.00
2025-08-13,Wednesday,23943.00,-84.75,DOWN,173.50,23.75,149.75,positive,4.71,2111.92,1246.18,429.48,BEARISH,21.50,-40.25,15.00,-65.50
2025-08-14,Thursday,23922.00,-13.00,DOWN,92.00,41.00,51.00,positive,3.89,2345.82,1447.30,5.69,BULLISH,-0.25,52.00,-57.75,25.75
2025-08-18,Monday,23797.00,-34.75,DOWN,107.25,41.00,66.25,positive,2.01,-159.49,500.24,118.25,BULLISH,4.00,-69.25,51.25,-24.25
2025-08-19,Tuesday,23470.25,-44.25,DOWN,151.25,15.25,136.00,negative,-3.48,2030.59,175.24,443.21,BEARISH,-39.00,-57.75,49.25,11.25
2025-08-20,Wednesday,23324.75,-64.50,DOWN,161.00,44.50,116.50,negative,-3.82,1899.86,242.02,582.36,BULLISH,-4.50,22.25,-42.25,-37.75
2025-08-21,Thursday,23217.50,47.50,UP,204.00,63.25,140.75,negative,-2.68,2195.15,134.13,690.27,BULLISH,23.00,-58.25,62.75,11.25
2025-08-25,Monday,23495.50,-25.00,DOWN,148.75,24.75,124.00,neutral,0.04,,218.99,192.98,BEARISH,-9.25,-19.50,-17.25,11.25
2025-08-26,Tuesday,23587.00,-45.75,DOWN,93.00,42.00,51.00,positive,2.49,-218.51,316.90,300.89,BULLISH,10.00,-13.50,-14.00,-46.00
2025-08-27,Wednesday,23620.25,20.25,UP,174.50,41.75,132.75,neutral,-0.01,2212.64,350.22,267.57,BEARISH,-33.75,34.75,74.00,24.25
2025-08-28,Thursday,23766.75,-114.25,DOWN,149.50,-4.75,154.25,positive,3.85,2352.05,1331.56,118.87,BEARISH,-13.25,-23.75,-92.00,20.00
2025-09-01,Monday,23502.25,-402.00,DOWN,449.25,7.25,442.00,,,,,,BEARISH,-57.75,-33.00,-102.00,-210.50
2025-09-02,Tuesday,23276.75,146.75,UP,160.25,181.75,-21.50,negative,-2.61,2208.42,233.26,589.72,BULLISH,-48.00,-16.75,103.00,4.75
2025-09-03,Wednesday,23452.25,27.50,UP,103.75,82.75,21.00,neutral,-0.79,2271.40,410.80,412.11,BULLISH,-18.25,31.50,29.00,-18.00
2025-09-04,Thursday,23666.50,208.00,UP,206.00,231.25,-25.25,positive,2.96,-194.52,628.27,194.52,BULLISH,6.75,54.75,25.50,87.25
2025-09-08,Monday,23803.75,31.50,UP,94.50,81.50,13.00,positive,3.42,2225.60,1403.23,250.55,BULLISH,9.00,27.00,9.00,-7.75
2025-09-09,Tuesday,23867.75,130.75,UP,170.25,176.50,-6.25,positive,3.93,2288.09,839.79,188.24,BULLISH,-12.75,34.25,-23.75,102.50
2025-09-10,Wednesday,23874.25,102.50,UP,140.00,103.75,36.25,positive,3.68,2296.04,1473.67,180.12,BEARISH,47.25,-14.50,37.00,53.75
2025-09-11,Thursday,24011.50,28.75,UP,82.50,40.00,42.50,positive,4.85,2227.97,1620.49,32.59,BEARISH,-8.00,14.50,-32.25,38.00
2025-09-15,Monday,24553.25,35.50,UP,123.25,94.00,29.25,strong_positive,6.25,2363.04,1948.09,135.74,BULLISH,12.50,48.25,44.50,-51.50
2025-09-16,Tuesday,24524.25,-2.75,RANGE,96.75,28.75,68.00,strong_positive,5.13,2349.17,2143.77,-80.64,BEARISH,16.75,-25.00,-5.50,7.75
2025-09-17,Wednesday,24475.25,204.25,UP,267.50,287.50,-20.00,strong_positive,5.55,2081.05,246.47,209.89,BULLISH,85.00,30.75,113.00,-49.25
2025-09-18,Thursday,24698.25,70.25,UP,129.75,86.50,43.25,strong_positive,7.14,2337.46,387.63,193.17,BEARISH,22.25,-33.00,-1.25,62.25
2025-09-22,Monday,24998.75,1.75,RANGE,53.00,27.25,25.75,positive,4.95,2178.96,219.00,113.06,BULLISH,2.25,-1.50,5.50,-2.50
2025-09-23,Tuesday,24831.50,53.50,UP,103.00,82.00,21.00,positive,1.83,2425.23,133.04,74.51,BEARISH,1.75,19.50,35.50,-11.00
2025-09-24,Wednesday,24739.50,-162.75,DOWN,253.00,54.00,199.00,positive,1.41,2368.97,44.76,162.76,BULLISH,9.75,-2.75,-24.25,-151.75
2025-09-25,Thursday,24632.25,21.50,UP,178.25,115.25,63.00,negative,-1.35,2439.83,148.29,266.69,BULLISH,-25.75,-1.25,-30.50,68.00
2025-09-29,Monday,24837.25,-16.25,DOWN,102.00,19.50,82.50,positive,2.96,2445.04,361.72,53.12,BEARISH,6.25,13.75,-35.50,20.50
2025-09-30,Tuesday,24898.25,-135.00,DOWN,243.50,-21.50,265.00,positive,1.73,-191.61,1881.93,-15.75,BEARISH,-12.75,-69.50,-41.75,43.75
2025-10-01,Wednesday,25011.75,153.25,UP,178.25,168.25,10.00,positive,4.03,2421.15,380.12,283.36,BULLISH,13.00,47.25,43.75,51.25
2025-10-02,Thursday,25109.50,23.50,UP,123.50,87.00,36.50,positive,4.19,2351.21,485.77,177.49,BULLISH,21.75,46.50,11.50,-50.25
2025-10-06,Monday,25184.25,53.00,UP,152.50,90.75,61.75,positive,3.05,2403.68,2187.38,91.59,BEARISH,-42.50,30.75,1.00,64.25
2025-10-07,Tuesday,25045.25,34.75,UP,85.25,66.25,19.00,neutral,0.38,2472.69,267.56,229.65,BULLISH,-26.00,25.00,27.25,-6.75
2025-10-08,Wednesday,25330.00,-1.50,RANGE,99.75,64.00,35.75,positive,4.29,60.20,598.74,146.93,BEARISH,27.25,-23.75,-55.50,28.00
2025-10-09,Thursday,25294.50,18.75,UP,104.25,60.75,43.50,positive,2.89,2313.97,855.06,180.51,BULLISH,47.25,-1.50,2.50,-23.25
2025-10-13,Monday,24920.50,-282.75,DOWN,541.75,123.75,418.00,neutral,-0.73,2369.79,84.00,743.88,BULLISH,-1.50,-204.75,-15.00,-54.50
2025-10-14,Tuesday,24757.25,244.50,UP,285.00,268.25,16.75,negative,-2.86,,337.87,76.01,BEARISH,19.25,113.00,44.50,73.25
2025-10-15,Wednesday,24924.50,121.00,UP,224.75,175.00,49.75,neutral,0.47,2376.45,422.05,116.01,BEARISH,6.25,10.75,64.75,25.50
2025-10-16,Thursday,24830.75,-94.75,DOWN,448.50,27.75,420.75,negative,-2.90,2492.62,414.33,206.43,BEARISH,-35.50,-98.75,-169.25,244.25
2025-10-20,Monday,25300.25,0.75,RANGE,115.00,67.75,47.25,positive,3.19,2345.39,474.35,146.30,BEARISH,-3.50,-26.50,-30.00,33.50
2025-10-21,Tuesday,25291.25,-26.25,DOWN,131.75,47.00,84.75,positive,1.19,-560.04,474.01,146.42,BULLISH,-38.00,61.00,-41.75,-1.75
2025-10-22,Wednesday,25040.50,-24.50,DOWN,191.00,87.50,103.50,negative,-2.18,,222.19,605.09,BULLISH,-15.25,95.00,-7.00,-67.75
2025-10-23,Thursday,25253.00,213.75,UP,247.25,270.25,-23.00,positive,3.39,2384.45,440.83,179.48,BULLISH,14.00,48.00,7.00,114.75
2025-10-27,Monday,25961.00,90.75,UP,120.50,102.50,18.00,strong_positive,5.85,2409.67,1573.90,79.47,BEARISH,-7.50,-33.00,6.50,83.00
2025-10-28,Tuesday,26160.00,105.75,UP,145.25,149.75,-4.50,strong_positive,6.19,1374.11,1778.27,287.98,BULLISH,3.75,76.50,8.50,-3.00
2025-10-29,Wednesday,26281.25,-156.50,DOWN,319.50,117.75,201.75,positive,4.82,813.33,1857.09,439.19,BULLISH,80.25,45.00,-10.75,-146.75
2025-10-30,Thursday,25872.00,326.75,UP,146.75,402.00,-255.25,positive,4.04,-634.80,1243.64,634.80,BULLISH,19.75,-6.00,33.00,-0.50
2025-11-03,Monday,26110.25,-369.50,DOWN,459.50,-5.75,465.25,positive,1.49,2571.67,83.88,742.36,BEARISH,-90.75,-239.00,-100.50,65.75
2025-11-04,Tuesday,25578.00,-36.25,DOWN,314.00,18.00,296.00,negative,-2.33,2456.23,794.94,1270.32,BULLISH,-134.75,119.75,-10.25,24.00
2025-11-05,Wednesday,25741.00,-67.50,DOWN,205.00,81.25,123.75,neutral,-0.66,2405.10,339.97,1105.61,BEARISH,-39.25,-14.00,45.00,-54.75
2025-11-06,Thursday,25258.25,-148.25,DOWN,293.00,96.50,196.50,negative,-3.92,1938.68,71.56,1167.13,BEARISH,7.25,1.50,-66.25,-149.75
2025-11-10,Monday,25713.00,-108.25,DOWN,197.00,55.75,141.25,positive,2.07,2203.98,1369.71,1105.88,BEARISH,16.75,-57.00,-82.50,2.50
2025-11-11,Tuesday,25647.00,130.75,UP,200.50,183.00,17.50,neutral,0.80,2334.97,1303.46,99.39,BULLISH,16.50,85.50,47.50,-40.50
2025-11-12,Wednesday,25625.25,-147.50,DOWN,286.50,96.25,190.25,neutral,-0.67,,249.94,162.66,BULLISH,-59.75,147.00,-143.50,-90.00
2025-11-13,Thursday,25100.00,-376.75,DOWN,502.75,59.75,443.00,negative,-3.99,2418.33,140.18,1303.77,BULLISH,10.50,-36.50,-126.50,-215.50
2025-11-17,Monday,24888.25,-171.25,DOWN,355.75,71.25,284.50,negative,-3.93,,148.35,1500.98,BEARISH,-54.00,-192.25,178.25,-119.75
2025-11-18,Tuesday,24585.00,25.75,UP,288.25,148.25,140.00,strong_negative,-5.02,,4.80,2078.27,BEARISH,6.00,-4.00,125.50,-65.75
2025-11-19,Wednesday,24725.00,485.75,UP,309.50,539.75,-230.25,neutral,-0.43,,-261.62,678.06,BULLISH,161.75,48.50,-117.50,149.25
2025-11-20,Thursday,24138.25,64.75,UP,387.50,153.75,233.75,strong_negative,-5.94,,230.27,2242.96,BULLISH,72.50,-9.25,-139.00,168.50
2025-11-24,Monday,24935.25,-78.50,DOWN,164.50,51.25,113.25,neutral,-0.44,,633.86,601.81,BEARISH,-8.00,-56.25,-44.50,-0.75
2025-11-25,Tuesday,25080.00,142.00,UP,174.50,155.75,18.75,neutral,0.48,-1278.89,780.40,867.03,BULLISH,49.00,91.25,-62.50,72.25
2025-11-26,Wednesday,25296.50,5.00,RANGE,49.00,42.75,6.25,positive,2.85,2455.02,1004.94,230.23,BEARISH,17.25,-28.00,-0.25,-2.75
2025-11-27,Thursday,25301.75,57.25,UP,97.25,97.25,0.00,,,,,,BULLISH,39.75,8.50,,-9.50
2025-12-01,Monday,25402.25,90.00,UP,198.00,120.50,77.50,positive,1.51,2227.91,1116.53,529.96,BEARISH,-3.50,-38.50,72.00,50.75
2025-12-02,Tuesday,25600.50,-105.50,DOWN,256.75,77.75,179.00,positive,3.78,2352.94,1324.29,321.56,BULLISH,15.50,30.00,-19.25,-142.75
2025-12-03,Wednesday,25657.50,54.25,UP,129.25,75.00,54.25,positive,2.88,2406.69,1377.89,268.19,BEARISH,-17.50,21.75,29.00,26.75
2025-12-04,Thursday,25628.00,52.25,UP,176.00,127.75,48.25,positive,2.37,-293.77,1352.05,293.77,BULLISH,24.25,59.00,6.50,-37.25
2025-12-08,Monday,25668.75,-50.75,DOWN,141.00,60.75,80.25,positive,2.89,2234.59,1402.97,242.17,BULLISH,6.25,-36.75,-26.75,-37.50
2025-12-09,Tuesday,25703.00,-55.75,DOWN,129.75,42.75,87.00,positive,1.82,-405.98,1444.26,200.40,BULLISH,-28.75,53.25,6.00,-61.75
2025-12-10,Wednesday,25800.00,-157.25,DOWN,413.00,-4.00,417.00,positive,1.96,2581.38,1544.56,99.88,BEARISH,-85.50,-173.25,93.25,38.75
2025-12-11,Thursday,25714.75,-155.25,DOWN,200.75,18.50,182.25,positive,1.17,-593.75,1461.60,182.68,BEARISH,-54.25,32.00,-91.25,-27.25
2025-12-15,Monday,25335.00,-103.00,DOWN,313.25,51.50,261.75,negative,-3.09,,437.08,1222.79,BEARISH,-93.25,-119.50,48.75,50.00
2025-12-16,Tuesday,25372.25,49.75,UP,244.00,136.25,107.75,negative,-2.96,,908.74,1164.44,BULLISH,-26.75,89.00,69.25,-40.75
2025-12-17,Wednesday,24892.25,387.25,UP,383.75,392.75,-9.00,strong_negative,-5.61,2306.77,17.46,2055.44,BULLISH,3.50,-4.75,112.50,182.75
2025-12-18,Thursday,25251.75,110.25,UP,183.75,141.75,42.00,negative,-1.69,,790.37,494.89,BEARISH,3.25,54.25,84.75,-21.25
2025-12-22,Monday,25688.25,-43.50,DOWN,130.50,50.50,80.00,positive,2.53,2452.73,1207.97,244.25,BEARISH,21.00,-54.75,51.25,-73.75
2025-12-23,Tuesday,25811.25,-15.50,DOWN,54.25,20.50,33.75,positive,4.14,-36.25,1332.87,119.23,BEARISH,0.00,-23.50,6.00,-3.00
2025-12-29,Monday,25741.00,-48.00,DOWN,70.25,14.00,56.25,neutral,-0.79,2524.54,244.36,377.51,BULLISH,-35.50,21.50,13.25,-45.75
2025-12-30,Tuesday,25678.00,0.50,RANGE,164.25,38.75,125.50,negative,-2.10,2465.00,185.15,436.63,BULLISH,-69.00,-18.00,-26.00,109.25
2026-01-05,Monday,25586.75,49.00,UP,146.75,87.50,59.25,neutral,-0.59,2399.21,328.90,375.01,BULLISH,-19.75,104.75,-82.75,50.25
2026-01-06,Tuesday,25813.50,-23.25,DOWN,117.75,31.25,86.50,positive,2.98,2461.42,556.82,147.06,BULLISH,-1.75,-59.50,-15.75,37.75
2026-01-07,Wednesday,25835.00,-49.00,DOWN,179.75,14.75,165.00,positive,2.07,2445.58,168.73,121.05,BULLISH,3.75,-136.25,64.25,17.00
2026-01-08,Thursday,25682.50,32.00,UP,197.25,142.25,55.00,neutral,-0.75,,431.46,272.25,BULLISH,-59.00,23.25,30.25,-8.00
2026-01-12,Monday,25952.25,-2.00,RANGE,199.75,93.25,106.50,positive,1.80,2574.89,299.21,114.55,BULLISH,-78.25,42.00,-6.50,41.50
2026-01-13,Tuesday,25903.75,-163.25,DOWN,224.50,22.00,202.50,positive,2.37,-161.43,252.30,37.31,BULLISH,6.50,-47.25,-9.25,-112.25
2026-01-14,Wednesday,25636.50,288.00,UP,388.50,314.50,74.00,negative,-2.93,,190.96,843.41,BULLISH,10.25,98.25,112.25,112.25
2026-01-15,Thursday,25719.25,149.25,UP,173.75,158.75,15.00,positive,1.05,2138.49,897.40,136.84,BULLISH,40.25,63.00,-8.25,53.00
2026-01-19,Monday,25398.25,-155.50,DOWN,344.50,41.50,303.00,,,,,,BULLISH,-33.50,-51.75,-176.75,108.25
2026-01-20,Tuesday,25142.25,54.75,UP,233.00,115.75,117.25,strong_negative,-5.43,2408.76,332.15,908.35,BULLISH,29.50,17.25,-67.25,67.50
2026-01-21,Wednesday,25471.50,257.50,UP,256.00,268.25,-12.25,negative,-1.02,2328.10,665.25,575.06,BULLISH,29.00,-19.75,159.25,29.75
2026-01-22,Thursday,25662.00,-54.25,DOWN,191.25,69.50,121.75,neutral,-0.49,,443.20,383.64,BULLISH,49.25,51.25,-147.50,49.50
2026-01-26,Monday,25845.00,137.50,UP,204.50,198.00,6.50,positive,1.42,2506.61,224.75,188.48,BULLISH,37.50,102.75,-28.75,8.50
2026-01-27,Tuesday,26076.00,177.00,UP,237.75,273.00,-35.25,positive,4.66,-76.79,460.32,366.00,BULLISH,94.75,96.00,-17.25,-32.25
2026-01-28,Wednesday,26149.25,21.00,UP,136.00,146.75,-10.75,positive,4.43,-329.98,295.52,538.47,BULLISH,-112.25,,,