t_et,spot,up,dn,d_up_pct,d_dn_pct,p_up_fair,up_rank,dn_rank,sentiment,hour_et,winner,bars_to_touch,censor,symbol
2021-01-26 23:00:00,3838.75,3843.69,3760.07,0.129,2.05,0.9409,2,3,BEARISH,23,up,190,,ESH1
2021-01-27 23:00:00,3737.5,3799.24,3716.72,1.652,0.556,0.2518,2,3,BEARISH,23,down,319,,ESH1
2021-01-28 23:00:00,3740.75,3880.72,3668.05,3.742,1.943,0.3418,3,4,BEARISH,23,down,1890,,ESH1
2021-01-31 23:00:00,3717.5,3768.09,3558.61,1.361,4.274,0.7585,3,4,BEARISH,23,up,1192,,ESH1
2021-02-01 23:00:00,3787.25,3900.99,3779.7,3.003,0.199,0.0622,2,3,BEARISH,23,up,7415,,ESH1
2021-02-02 23:00:00,3827.75,3909.35,3788.1,2.132,1.036,0.327,2,3,BEARISH,23,up,6181,,ESH1
2021-02-03 23:00:00,3813.5,3888.33,3768.9,1.962,1.17,0.3734,2,3,BULLISH,23,up,2950,,ESH1
2021-02-04 23:00:00,3869.0,3897.02,3781.03,0.724,2.274,0.7584,2,3,BULLISH,23,up,1441,,ESH1
2021-02-07 23:00:00,3897.5,3943.92,3780.49,1.191,3.002,0.716,1,3,BULLISH,23,up,7987,,ESH1
2021-02-08 23:00:00,3907.75,3919.25,3795.43,0.294,2.874,0.9071,2,3,BULLISH,23,up,1530,,ESH1
2021-02-09 23:00:00,3919.5,3925.6,3801.28,0.156,3.016,0.9509,2,3,BULLISH,23,up,619,,ESH1
2021-02-10 23:00:00,3905.0,3933.23,3805.97,0.723,2.536,0.7782,2,3,BULLISH,23,up,2829,,ESH1
2021-02-11 23:00:00,3905.25,3939.36,3810.5,0.873,2.426,0.7353,2,3,BULLISH,23,up,1270,,ESH1
2021-02-14 23:00:00,3947.25,3982.75,3819.2,0.899,3.244,0.7829,1,3,BULLISH,23,down,11044,,ESH1
2021-02-16 23:00:00,3927.75,3957.54,3825.6,0.758,2.601,0.7742,2,3,BULLISH,23,down,8100,,ESH1
2021-02-17 23:00:00,3922.5,3965.63,3833.63,1.1,2.266,0.6733,2,3,BULLISH,23,down,6335,,ESH1
2021-02-18 23:00:00,3893.75,3973.65,3838.5,2.052,1.419,0.4088,2,3,BULLISH,23,down,4527,,ESH1
2021-02-21 23:00:00,3896.0,3926.6,3715.0,0.785,4.646,0.8554,3,4,BEARISH,23,up,5944,,ESH1
2021-02-22 23:00:00,3886.25,4048.35,3871.44,4.171,0.381,0.0837,2,3,BEARISH,23,down,345,,ESH1
2021-02-23 23:00:00,3872.75,4019.85,3855.09,3.798,0.456,0.1072,2,3,BULLISH,23,down,166,,ESH1
2021-02-24 23:00:00,3930.25,4113.75,3923.91,4.669,0.161,0.0334,2,3,BEARISH,23,down,249,,ESH1
2021-02-25 23:00:00,3827.5,3895.77,3682.16,1.784,3.797,0.6804,3,4,BEARISH,23,up,4226,,ESH1
2021-02-28 23:00:00,3840.75,3873.14,3665.53,0.843,4.562,0.844,3,4,BEARISH,23,up,1009,,ESH1
2021-03-01 23:00:00,3887.75,3898.79,3690.69,0.284,5.069,0.9469,3,4,BEARISH,23,up,1930,,ESH1
2021-03-02 23:00:00,3881.25,4024.52,3790.54,3.691,2.337,0.3877,3,4,BEARISH,23,down,6628,,ESH1
2021-03-03 23:00:00,3787.5,3968.59,3730.49,4.781,1.505,0.2394,3,4,BEARISH,23,down,6834,,ESH1
2021-03-04 23:00:00,3762.25,3946.77,3700.31,4.905,1.646,0.2513,3,4,BEARISH,23,censored,,horizon,ESH1
2021-03-07 23:00:00,3830.5,3956.89,3711.99,3.3,3.094,0.4839,3,4,BEARISH,23,up,49204,,ESH1
2021-03-08 23:00:00,3851.75,3957.8,3712.67,2.753,3.611,0.5674,3,4,BEARISH,23,up,37120,,ESH1
2021-03-09 23:00:00,3864.0,3964.2,3720.59,2.593,3.711,0.5887,3,4,BEARISH,23,censored,,roll,ESH1
2021-03-10 23:00:00,3912.5,3968.82,3723.53,1.439,4.83,0.7704,3,4,BEARISH,23,censored,,roll,ESH1
2021-03-11 23:00:00,3942.5,3976.91,3731.5,0.873,5.352,0.8598,3,4,BEARISH,23,censored,,roll,ESH1
2021-03-14 22:00:00,3945.5,3949.38,3729.81,0.098,5.467,0.9823,1,4,BEARISH,22,up,19775,,ESM1
2021-03-15 22:00:00,3959.75,3986.75,3946.3,0.682,0.34,0.3325,3,1,BEARISH,22,down,15177,,ESM1
2021-03-16 22:00:00,3950.75,3981.66,3939.83,0.782,0.276,0.2611,3,1,BEARISH,22,down,4443,,ESM1
2021-03-17 22:00:00,3977.75,4000.05,3935.14,0.561,1.071,0.6564,3,1,BEARISH,22,down,6771,,ESM1
2021-03-18 22:00:00,3917.75,4001.68,3755.86,2.142,4.132,0.6586,3,4,BEARISH,22,up,18361,,ESM1
2021-03-21 22:00:00,3898.5,4001.09,3757.86,2.632,3.608,0.5782,1,4,BEARISH,22,up,14079,,ESM1
2021-03-22 22:00:00,3929.5,3991.64,3765.5,1.581,4.174,0.7252,1,4,BEARISH,22,up,12364,,ESM1
2021-03-23 22:00:00,3895.5,3975.85,3768.33,2.063,3.265,0.6128,1,4,BEARISH,22,up,9260,,ESM1
2021-03-24 22:00:00,3885.5,3945.01,3770.52,1.532,2.959,0.6589,1,4,BEARISH,22,up,3054,,ESM1
2021-03-25 22:00:00,3910.25,3934.17,3887.4,0.612,0.584,0.4886,3,2,BEARISH,22,up,1303,,ESM1
2021-03-28 22:00:00,3943.25,4004.02,3809.15,1.541,3.401,0.6882,3,1,BEARISH,22,up,6083,,ESM1
2021-03-29 22:00:00,3957.0,3993.8,3943.38,0.93,0.344,0.2701,3,2,BEARISH,22,down,624,,ESM1
2021-03-30 22:00:00,3952.75,3983.18,3920.09,0.77,0.826,0.5177,3,2,BEARISH,22,up,1068,,ESM1
2021-03-31 22:00:00,3969.75,3981.75,3899.26,0.302,1.776,0.8545,3,2,BEARISH,22,up,413,,ESM1
2021-05-10 22:00:00,4154.5,4165.03,4067.19,0.253,2.102,0.8924,3,2,BEARISH,22,up,262,,ESM1
2021-05-11 22:00:00,4131.25,4163.73,4058.21,0.786,1.768,0.6922,3,2,BEARISH,22,down,1637,,ESM1
2021-05-12 22:00:00,4072.75,4150.08,3937.39,1.899,3.324,0.6364,1,4,BEARISH,22,up,2978,,ESM1
2021-05-13 22:00:00,4120.25,4154.2,4075.95,0.824,1.075,0.5661,1,2,BULLISH,22,up,930,,ESM1
2021-05-16 22:00:00,4162.25,4174.47,4079.45,0.294,1.989,0.8714,1,2,BEARISH,22,up,1951,,ESM1
2021-05-17 22:00:00,4169.75,4188.66,4102.43,0.454,1.614,0.7807,3,2,BEARISH,22,down,1921,,ESM1
2021-05-18 22:00:00,4113.75,4163.79,3969.38,1.216,3.509,0.7426,2,4,BEARISH,22,up,3208,,ESM1
2021-05-19 22:00:00,4107.5,4173.83,3970.72,1.615,3.33,0.6734,2,4,BEARISH,22,up,2531,,ESM1
2021-05-20 22:00:00,4160.0,4169.24,3980.45,0.222,4.316,0.9511,1,4,BEARISH,22,up,549,,ESM1
2021-06-16 22:00:00,4195.75,4200.3,4182.22,0.108,0.322,0.7483,3,1,BEARISH,22,up,1076,,ESU1
2021-06-20 22:00:00,4138.0,4181.36,4082.03,1.048,1.353,0.5635,1,4,BEARISH,22,up,826,,ESU1
2021-06-22 22:00:00,4241.25,4252.27,4236.28,0.26,0.117,0.3108,1,2,BULLISH,22,down,451,,ESU1
2021-07-07 22:00:00,4342.5,4352.7,4288.11,0.235,1.253,0.8421,1,2,BULLISH,22,down,594,,ESU1
2021-07-08 22:00:00,4298.0,4355.34,4284.87,1.334,0.305,0.1863,1,2,BULLISH,22,up,973,,ESU1
2021-07-11 22:00:00,4355.5,4375.91,4302.77,0.469,1.211,0.7209,1,2,BULLISH,22,up,1105,,ESU1
2021-07-15 22:00:00,4342.0,4366.2,4338.09,0.557,0.09,0.1391,1,2,BULLISH,22,up,732,,ESU1
2021-07-18 22:00:00,4297.25,4318.92,4246.49,0.504,1.181,0.7008,3,4,BEARISH,22,down,904,,ESU1
2021-07-19 22:00:00,4274.25,4293.43,4226.22,0.449,1.124,0.7146,3,4,BEARISH,22,up,932,,ESU1
2021-07-20 22:00:00,4319.75,4360.98,4300.03,0.954,0.457,0.3235,2,3,BULLISH,22,up,2256,,ESU1
2021-07-29 22:00:00,4375.25,4393.67,4367.17,0.421,0.185,0.3049,2,1,BULLISH,22,up,849,,ESU1
2021-08-04 22:00:00,4403.0,4410.23,4372.09,0.164,0.702,0.8104,2,1,BULLISH,22,up,804,,ESU1
2021-08-05 22:00:00,4417.5,4423.05,4382.89,0.126,0.783,0.8618,2,1,BULLISH,22,up,429,,ESU1
2021-08-08 22:00:00,4417.5,4431.16,4385.48,0.309,0.725,0.701,2,1,BULLISH,22,up,759,,ESU1
2021-08-09 22:00:00,4417.0,4439.87,4389.62,0.518,0.62,0.5449,2,1,BULLISH,22,up,2395,,ESU1
2021-08-25 22:00:00,4487.25,4496.42,4463.43,0.204,0.531,0.722,2,4,BEARISH,22,down,1713,,ESU1
2021-09-01 22:00:00,4518.5,4527.34,4492.07,0.196,0.585,0.7494,1,2,BULLISH,22,up,452,,ESU1
2021-09-02 22:00:00,4536.25,4564.35,4501.44,0.619,0.767,0.5533,1,2,BULLISH,22,down,15852,,ESU1
2021-09-05 22:00:00,4529.5,4570.26,4509.6,0.9,0.439,0.3281,1,2,BEARISH,22,down,11246,,ESU1
2021-09-07 22:00:00,4523.0,4576.79,4510.86,1.189,0.268,0.1841,1,2,BEARISH,22,down,868,,ESU1
2021-09-08 22:00:00,4505.75,4515.37,4474.42,0.214,0.695,0.7651,2,3,BEARISH,22,up,6568,,ESU1
2021-09-09 22:00:00,4498.5,4527.81,4479.49,0.652,0.423,0.3934,2,3,BEARISH,22,censored,,roll,ESU1
2021-09-12 22:00:00,4454.75,4481.11,4213.9,0.592,5.407,0.9014,3,5,BEARISH,22,up,6570,,ESZ1
2021-09-13 22:00:00,4469.0,4501.64,4231.17,0.73,5.322,0.8793,3,5,BEARISH,22,censored,,horizon,ESZ1
2021-09-14 22:00:00,4435.5,4505.92,4222.78,1.588,4.796,0.7513,3,5,BEARISH,22,censored,,horizon,ESZ1
2021-09-15 22:00:00,4470.25,4512.65,4231.36,0.948,5.344,0.8493,3,5,BEARISH,22,censored,,horizon,ESZ1
2021-09-16 22:00:00,4459.5,4512.7,4236.52,1.193,5.0,0.8074,3,5,BEARISH,22,up,43240,,ESZ1
2021-09-19 22:00:00,4402.5,4523.04,4239.91,2.738,3.693,0.5743,3,5,BEARISH,22,up,40433,,ESZ1
2021-09-20 22:00:00,4362.25,4523.72,4241.1,3.702,2.777,0.4287,3,5,BEARISH,22,up,38168,,ESZ1
2021-09-21 22:00:00,4351.5,4513.38,4240.36,3.72,2.554,0.4071,3,5,BEARISH,22,up,35182,,ESZ1
2021-09-22 22:00:00,4398.0,4507.93,4246.59,2.5,3.443,0.5794,2,5,BEARISH,22,up,33101,,ESZ1
2021-09-23 22:00:00,4437.0,4509.93,4253.42,1.644,4.137,0.7157,2,5,BEARISH,22,up,31357,,ESZ1
2021-09-26 22:00:00,4466.0,4510.22,4259.89,0.99,4.615,0.8234,2,5,BEARISH,22,up,29706,,ESZ1
2021-09-27 22:00:00,4431.75,4542.09,4279.21,2.49,3.442,0.5803,2,5,BEARISH,22,down,5690,,ESZ1
2021-09-28 22:00:00,4356.0,4504.22,4260.46,3.403,2.193,0.3919,1,5,BEARISH,22,down,4192,,ESZ1
2021-09-29 22:00:00,4369.0,4465.21,4274.19,2.202,2.17,0.4963,1,5,BEARISH,22,down,1991,,ESZ1
2021-09-30 22:00:00,4272.25,4434.53,4268.96,3.798,0.077,0.0199,1,5,BEARISH,22,down,336,,ESZ1
2021-10-03 22:00:00,4329.25,4453.81,4288.47,2.877,0.942,0.2466,1,5,BEARISH,22,down,917,,ESZ1
2021-10-04 22:00:00,4281.75,4412.81,4274.36,3.061,0.173,0.0534,1,5,BEARISH,22,down,2392,,ESZ1
2021-10-05 22:00:00,4313.75,4403.73,4284.34,2.086,0.682,0.2463,1,5,BULLISH,22,down,540,,ESZ1
2021-10-06 22:00:00,4376.5,4481.84,4370.2,2.407,0.144,0.0564,2,1,BULLISH,22,down,218,,ESZ1
2021-10-07 22:00:00,4399.0,4466.47,4360.82,1.534,0.868,0.3614,2,1,BULLISH,22,down,1526,,ESZ1
2021-10-10 22:00:00,4374.25,4448.82,4348.07,1.705,0.599,0.2599,2,1,BULLISH,22,down,1354,,ESZ1
2021-10-11 22:00:00,4331.0,4441.48,4323.42,2.551,0.175,0.0642,2,1,BULLISH,22,down,335,,ESZ1
2021-10-12 22:00:00,4332.25,4436.68,4304.38,2.411,0.643,0.2107,2,1,BULLISH,22,up,3005,,ESZ1
2021-10-13 22:00:00,4365.5,4427.78,4337.93,1.427,0.632,0.3068,2,1,BULLISH,22,up,1134,,ESZ1
2021-10-14 22:00:00,4436.75,4547.54,4426.67,2.497,0.227,0.0834,3,2,BULLISH,22,up,8553,,ESZ1
2021-10-17 22:00:00,4460.0,4539.9,4416.56,1.791,0.974,0.3522,3,2,BULLISH,22,up,6034,,ESZ1
2021-10-18 22:00:00,4480.5,4526.54,4415.28,1.028,1.456,0.5862,3,2,BULLISH,22,up,2436,,ESZ1
2021-10-19 22:00:00,4510.5,4531.73,4413.38,0.471,2.153,0.8206,3,2,BULLISH,22,up,850,,ESZ1
2021-10-20 22:00:00,4526.0,4543.73,4493.24,0.392,0.724,0.6488,4,3,BULLISH,22,up,2097,,ESZ1
2021-10-21 22:00:00,4537.25,4581.21,4529.01,0.969,0.182,0.1579,4,3,BULLISH,22,down,916,,ESZ1
2021-10-24 22:00:00,4532.0,4578.06,4522.85,1.016,0.202,0.1657,4,3,BULLISH,22,up,1981,,ESZ1
2021-10-25 22:00:00,4569.25,4587.12,4529.05,0.391,0.88,0.6923,4,3,BULLISH,22,up,850,,ESZ1
2021-10-26 22:00:00,4563.25,4591.77,4530.16,0.625,0.725,0.5371,4,3,BULLISH,22,up,4202,,ESZ1
2021-10-27 22:00:00,4552.0,4591.88,4531.53,0.876,0.45,0.3392,4,3,BULLISH,22,up,2580,,ESZ1
2021-10-28 22:00:00,4571.0,4597.28,4539.33,0.575,0.693,0.5465,4,3,BULLISH,22,up,1270,,ESZ1
2021-11-01 22:00:00,4599.0,4605.47,4548.77,0.141,1.092,0.8859,4,3,BULLISH,22,up,363,,ESZ1
2021-11-16 23:00:00,4692.5,4695.62,4650.82,0.066,0.888,0.9304,1,4,BULLISH,23,up,64,,ESZ1
2021-11-17 23:00:00,4689.5,4698.01,4646.75,0.181,0.912,0.834,1,4,BULLISH,23,up,293,,ESZ1
2021-11-18 23:00:00,4719.5,4788.27,4675.7,1.457,0.928,0.3891,1,4,BULLISH,23,down,3318,,ESZ1
2021-11-21 23:00:00,4708.5,4768.97,4659.46,1.284,1.042,0.4478,1,4,BULLISH,23,down,2332,,ESZ1
2021-11-22 23:00:00,4679.75,4774.12,4663.12,2.017,0.355,0.1498,1,4,BULLISH,23,down,223,,ESZ1
2021-11-23 23:00:00,4680.5,4779.6,4667.28,2.117,0.282,0.1177,1,4,BULLISH,23,down,682,,ESZ1
2021-11-24 23:00:00,4712.0,4796.15,4680.12,1.786,0.677,0.2748,1,2,BULLISH,23,down,1105,,ESZ1
2021-11-28 23:00:00,4637.75,4667.21,4463.62,0.635,3.755,0.8553,4,5,BULLISH,23,up,1513,,ESZ1
2021-11-29 23:00:00,4657.75,4684.48,4654.88,0.574,0.062,0.097,4,3,BULLISH,23,down,58,,ESZ1
2021-11-30 23:00:00,4599.25,4644.83,4474.9,0.991,2.704,0.7318,3,5,BULLISH,23,up,3336,,ESZ1
2021-12-01 23:00:00,4539.0,4640.41,4473.7,2.234,1.439,0.3917,3,5,BULLISH,23,up,43916,,ESZ1
2021-12-02 23:00:00,4570.0,4651.61,4484.35,1.786,1.874,0.5121,3,5,BULLISH,23,up,33841,,ESZ1
2021-12-05 23:00:00,4561.25,4647.9,4484.15,1.9,1.69,0.4708,3,5,BULLISH,23,up,17235,,ESZ1
2021-12-06 23:00:00,4601.5,4649.31,4490.3,1.039,2.417,0.6993,3,5,BULLISH,23,up,3533,,ESZ1
2021-12-07 23:00:00,4703.75,4706.56,4700.35,0.06,0.072,0.5475,2,4,BULLISH,23,down,219,,ESZ1
2021-12-08 23:00:00,4690.25,4708.9,4681.01,0.398,0.197,0.3313,4,1,BULLISH,23,down,3132,,ESZ1
2021-12-09 23:00:00,4673.25,4704.77,4667.67,0.674,0.119,0.1504,4,1,BULLISH,23,down,437,,ESZ1
2021-12-12 23:00:00,4720.25,4726.23,4716.7,0.127,0.075,0.3725,2,4,BULLISH,23,down,392,,ESH2
2021-12-13 23:00:00,4667.0,4675.11,4522.39,0.174,3.099,0.9469,3,5,BULLISH,23,up,1511,,ESH2
2021-12-14 23:00:00,4634.5,4664.69,4519.93,0.651,2.472,0.7914,1,5,BULLISH,23,up,18106,,ESH2
2021-12-15 23:00:00,4707.0,4726.07,4673.68,0.405,0.708,0.636,4,1,BULLISH,23,up,1440,,ESH2
2021-12-16 23:00:00,4645.0,4670.52,4534.63,0.549,2.376,0.8122,3,5,BULLISH,23,down,5086,,ESH2
2021-12-19 23:00:00,4564.75,4662.6,4537.79,2.144,0.591,0.216,1,5,BEARISH,23,down,264,,ESH2
2021-12-20 23:00:00,4586.0,4638.8,4535.38,1.151,1.104,0.4895,1,5,BULLISH,23,up,1306,,ESH2
2021-12-21 23:00:00,4634.75,4666.1,4628.99,0.676,0.124,0.1552,3,1,BULLISH,23,down,275,,ESH2
2021-12-22 23:00:00,4690.0,4727.97,4674.49,0.81,0.331,0.29,2,3,BULLISH,23,up,1225,,ESH2
2022-01-05 23:00:00,4675.75,4701.77,4601.15,0.556,1.595,0.7414,3,5,BULLISH,23,up,452,,ESH2
2022-01-06 23:00:00,4697.0,4712.96,4611.68,0.34,1.816,0.8424,3,5,BULLISH,23,down,2487,,ESH2
2022-01-09 23:00:00,4667.5,4710.85,4611.76,0.929,1.194,0.5625,3,5,BEARISH,23,down,766,,ESH2
2022-01-10 23:00:00,4663.5,4708.81,4612.85,0.972,1.086,0.5278,3,5,BULLISH,23,up,1579,,ESH2
2022-01-11 23:00:00,4709.0,4711.79,4621.44,0.059,1.859,0.9691,2,5,BULLISH,23,up,104,,ESH2
2022-01-12 23:00:00,4707.5,4727.69,4634.32,0.429,1.555,0.7838,3,5,BEARISH,23,up,613,,ESH2
2022-01-13 23:00:00,4648.5,4711.2,4624.51,1.349,0.516,0.2767,2,5,BEARISH,23,down,603,,ESH2
2022-01-16 23:00:00,4649.0,4713.54,4633.32,1.388,0.337,0.1955,2,5,BEARISH,23,down,1256,,ESH2
2022-02-01 23:00:00,4555.5,4615.56,4506.21,1.318,1.082,0.4508,5,2,BEARISH,23,down,2738,,ESH2
2022-02-02 23:00:00,4535.5,4557.6,4494.2,0.487,0.911,0.6514,2,1,BEARISH,23,down,1340,,ESH2
2022-02-03 23:00:00,4516.5,4532.56,4469.03,0.356,1.051,0.7472,2,1,BEARISH,23,down,516,,ESH2
2022-02-07 23:00:00,4478.5,4529.31,4461.42,1.135,0.381,0.2516,2,1,BEARISH,23,down,779,,ESH2
2022-02-08 23:00:00,4528.5,4537.29,4443.33,0.194,1.881,0.9064,2,1,BEARISH,23,up,332,,ESH2
2022-02-09 23:00:00,4568.0,4673.23,4545.42,2.304,0.494,0.1767,5,2,BEARISH,23,down,656,,ESH2
2022-02-10 23:00:00,4479.25,4537.01,4436.53,1.29,0.954,0.4252,2,1,BEARISH,23,down,1341,,ESH2
2022-02-13 23:00:00,4421.75,4532.68,4413.73,2.509,0.181,0.0674,2,1,BEARISH,23,down,176,,ESH2
2022-02-14 23:00:00,4400.5,4511.26,4388.68,2.517,0.269,0.0964,2,1,BEARISH,23,down,72,,ESH2
2022-02-15 23:00:00,4451.5,4505.36,4386.31,1.21,1.464,0.5476,2,1,BEARISH,23,down,3474,,ESH2
2022-02-16 23:00:00,4441.0,4508.07,4390.76,1.51,1.131,0.4283,2,1,BEARISH,23,down,1439,,ESH2
2022-02-17 23:00:00,4405.25,4492.71,4385.18,1.985,0.456,0.1866,2,1,BEARISH,23,down,669,,ESH2
2022-03-16 22:00:00,4340.75,4489.93,4286.48,3.437,1.25,0.2667,3,1,BULLISH,22,up,34443,,ESM2
2022-03-17 22:00:00,4375.25,4507.17,4302.14,3.015,1.671,0.3566,3,1,BULLISH,22,up,7541,,ESM2
2022-03-20 22:00:00,4440.25,4504.32,4310.66,1.443,2.919,0.6692,3,1,BULLISH,22,up,2740,,ESM2
2022-03-21 22:00:00,4438.5,4498.92,4317.4,1.361,2.728,0.6671,3,1,BULLISH,22,up,901,,ESM2
2022-03-22 22:00:00,4509.25,4515.28,4295.14,0.134,4.748,0.9726,3,1,BULLISH,22,up,3189,,ESM2
2022-03-23 22:00:00,4451.75,4504.84,4301.94,1.193,3.365,0.7383,3,1,BULLISH,22,up,1357,,ESM2
2022-03-24 22:00:00,4518.25,4722.46,4508.46,4.52,0.217,0.0457,5,3,BULLISH,22,down,415,,ESM2
2022-03-27 22:00:00,4521.5,4722.15,4505.0,4.438,0.365,0.076,5,3,BULLISH,22,down,8146,,ESM2
2022-03-28 22:00:00,4572.75,4728.46,4509.6,3.405,1.381,0.2885,5,3,BULLISH,22,down,6349,,ESM2
2022-03-29 22:00:00,4621.75,4736.23,4517.16,2.477,2.263,0.4774,5,3,BULLISH,22,down,4390,,ESM2
2022-03-30 22:00:00,4609.75,4738.08,4519.05,2.784,1.968,0.4141,5,3,BULLISH,22,down,2534,,ESM2
2022-03-31 22:00:00,4541.75,4735.58,4513.97,4.268,0.612,0.1254,5,3,BULLISH,22,down,953,,ESM2
2022-04-03 22:00:00,4533.0,4719.49,4489.25,4.114,0.965,0.19,5,3,BULLISH,22,down,3883,,ESM2
2022-04-04 22:00:00,4574.25,4743.13,4512.65,3.692,1.347,0.2673,5,3,BULLISH,22,down,1391,,ESM2
2022-05-16 22:00:00,4023.0,4260.47,3978.96,5.903,1.095,0.1564,2,1,BULLISH,22,down,4601,,ESM2
2022-05-26 22:00:00,4050.25,4138.15,3995.58,2.17,1.35,0.3835,2,1,BULLISH,22,up,2152,,ESM2
2022-05-29 22:00:00,4169.75,4185.05,4078.48,0.367,2.189,0.8564,2,1,BULLISH,22,up,297,,ESM2
2022-05-31 22:00:00,4152.0,4161.61,4065.03,0.231,2.095,0.9005,2,1,BULLISH,22,up,2141,,ESM2
2022-06-01 22:00:00,4100.25,4126.52,4042.82,0.641,1.401,0.6861,2,1,BULLISH,22,up,3502,,ESM2
2022-06-02 22:00:00,4180.5,4255.12,4115.93,1.785,1.545,0.4639,3,2,BULLISH,22,down,2207,,ESM2
2022-06-05 22:00:00,4120.5,4225.31,4050.14,2.544,1.708,0.4017,3,2,BULLISH,22,down,51122,,ESM2
2022-06-06 22:00:00,4101.75,4229.38,4043.3,3.112,1.425,0.3141,3,2,BULLISH,22,down,44155,,ESM2
2022-06-07 22:00:00,4154.5,4226.96,4035.58,1.744,2.862,0.6214,3,2,BULLISH,22,down,36176,,ESM2
2022-06-08 22:00:00,4105.25,4234.4,4057.45,3.146,1.164,0.2701,3,1,BULLISH,22,down,21536,,ESM2
2022-07-06 22:00:00,3841.75,3974.64,3807.66,3.459,0.887,0.2042,2,1,BEARISH,22,down,6406,,ESU2
2022-07-07 22:00:00,3900.25,3962.58,3893.32,1.598,0.178,0.1001,2,1,BEARISH,22,down,49,,ESU2
2022-07-14 22:00:00,3805.25,3913.19,3778.77,2.837,0.696,0.197,2,1,BEARISH,22,up,4304,,ESU2
2022-07-17 22:00:00,3873.25,3902.35,3756.48,0.751,3.015,0.8005,2,1,BEARISH,22,up,413,,ESU2
2022-07-18 22:00:00,3840.5,3873.42,3673.86,0.857,4.339,0.835,2,1,BEARISH,22,up,717,,ESU2
2022-07-19 22:00:00,3955.5,4005.8,3876.0,1.272,2.01,0.6125,3,2,BEARISH,22,up,4277,,ESU2
2022-07-20 22:00:00,3950.25,4001.61,3848.73,1.3,2.57,0.6641,3,2,BULLISH,22,up,1412,,ESU2
2022-07-21 22:00:00,3989.0,4090.23,3838.91,2.538,3.763,0.5972,3,1,BEARISH,22,up,8481,,ESU2
2022-07-24 22:00:00,3953.75,4013.5,3906.15,1.511,1.204,0.4434,3,2,BULLISH,22,up,4661,,ESU2
2022-07-25 22:00:00,3955.5,4014.26,3909.55,1.486,1.162,0.4388,3,2,BULLISH,22,up,2991,,ESU2
2022-07-26 22:00:00,3952.0,4000.12,3896.57,1.218,1.403,0.5353,3,2,BULLISH,22,up,1196,,ESU2
2022-07-28 22:00:00,4100.75,4274.77,3774.86,4.244,7.947,0.6519,4,3,BULLISH,22,up,18768,,ESU2
2022-07-31 22:00:00,4119.5,4430.97,3936.09,7.561,4.452,0.3706,4,3,BULLISH,22,down,51106,,ESU2
2022-08-01 22:00:00,4102.75,4418.46,3928.72,7.695,4.242,0.3554,4,3,BULLISH,22,down,49600,,ESU2
2022-08-02 22:00:00,4098.75,4395.32,3907.19,7.236,4.674,0.3924,4,3,BULLISH,22,down,50783,,ESU2
2022-08-03 22:00:00,4156.75,4409.47,3926.65,6.08,5.536,0.4766,4,3,BULLISH,22,down,46169,,ESU2
2022-08-04 22:00:00,4163.0,4406.09,3930.5,5.839,5.585,0.4889,4,3,BULLISH,22,down,44331,,ESU2
2022-08-07 22:00:00,4136.5,4402.12,3935.27,6.421,4.865,0.431,4,1,BULLISH,22,down,42574,,ESU2
2022-08-08 22:00:00,4142.0,4400.59,3959.31,6.243,4.411,0.414,4,1,BULLISH,22,down,39812,,ESU2
2022-08-09 22:00:00,4124.75,4381.78,3951.24,6.231,4.207,0.403,4,1,BULLISH,22,down,38962,,ESU2
2022-08-10 22:00:00,4220.0,4392.55,3996.07,4.089,5.306,0.5648,4,1,BULLISH,22,down,29812,,ESU2
2022-08-11 22:00:00,4213.0,4443.02,4112.23,5.46,2.392,0.3046,5,4,BULLISH,22,down,15467,,ESU2
2022-08-21 22:00:00,4213.5,4341.99,3908.77,3.049,7.232,0.7034,4,1,BULLISH,22,down,27264,,ESU2
2022-08-22 22:00:00,4146.0,4336.23,3931.45,4.588,5.175,0.53,4,1,BULLISH,22,down,22335,,ESU2
2022-08-23 22:00:00,4119.0,4331.53,3955.34,5.16,3.973,0.435,4,1,BULLISH,22,down,20019,,ESU2
2022-08-24 22:00:00,4155.25,4325.32,3982.28,4.093,4.163,0.5042,4,1,BULLISH,22,down,11131,,ESU2
2022-08-25 22:00:00,4199.25,4330.53,4033.23,3.126,3.954,0.5584,4,1,BULLISH,22,down,2594,,ESU2
2022-08-28 22:00:00,4016.0,4039.74,3870.39,0.591,3.626,0.8598,1,3,BULLISH,22,up,443,,ESU2
2022-08-29 22:00:00,4031.0,4093.58,3877.07,1.552,3.819,0.711,1,3,BEARISH,22,censored,,horizon,ESU2
2022-08-30 22:00:00,4000.0,4064.89,3870.65,1.622,3.234,0.6659,2,3,BEARISH,22,censored,,horizon,ESU2
2022-08-31 22:00:00,3934.5,4047.1,3857.1,2.862,1.967,0.4074,2,3,BEARISH,22,censored,,horizon,ESU2
2022-09-01 22:00:00,3964.0,4045.32,3859.11,2.051,2.646,0.5633,2,3,BEARISH,22,censored,,horizon,ESU2
2022-09-04 22:00:00,3930.0,4044.57,3851.22,2.915,2.005,0.4074,2,3,BEARISH,22,censored,,horizon,ESU2
2022-09-06 22:00:00,3892.5,4033.81,3843.22,3.63,1.266,0.2586,2,3,BEARISH,22,up,42489,,ESU2
2022-09-07 22:00:00,3982.25,4032.17,3846.68,1.254,3.404,0.7309,2,3,BEARISH,22,up,30160,,ESU2
2022-09-08 22:00:00,4015.0,4034.97,3844.95,0.497,4.235,0.8949,2,3,BULLISH,22,up,3660,,ESU2
2022-09-11 22:00:00,4090.5,4161.5,4036.9,1.736,1.31,0.4302,1,2,BULLISH,22,up,34767,,ESZ2
2022-09-12 22:00:00,4131.0,4206.67,4046.2,1.832,2.053,0.5284,1,2,BEARISH,22,down,8602,,ESZ2
2022-09-13 22:00:00,3958.5,3990.55,3810.23,0.81,3.746,0.8223,2,3,BEARISH,22,censored,,horizon,ESZ2
2022-09-14 22:00:00,3976.5,4042.11,3845.78,1.65,3.287,0.6658,2,3,BEARISH,22,down,32229,,ESZ2
2022-09-15 22:00:00,3895.5,4075.49,3860.4,4.62,0.901,0.1632,2,3,BEARISH,22,down,3903,,ESZ2
2022-09-18 22:00:00,3896.25,4048.67,3832.67,3.912,1.632,0.2944,2,3,BEARISH,22,down,4796,,ESZ2
2022-09-19 22:00:00,3923.25,4048.85,3836.83,3.201,2.203,0.4076,2,3,BEARISH,22,down,2798,,ESZ2
2022-09-20 22:00:00,3873.0,4082.19,3853.4,5.401,0.506,0.0857,2,3,BEARISH,22,down,1105,,ESZ2
2022-10-05 22:00:00,3811.75,3821.2,3787.05,0.248,0.648,0.7233,1,3,BEARISH,22,down,477,,ESZ2
2022-10-18 22:00:00,3770.25,3773.44,3726.03,0.085,1.173,0.9327,1,3,BEARISH,22,down,422,,ESZ2
2022-10-23 22:00:00,3777.0,3789.52,3682.49,0.331,2.502,0.883,2,3,BEARISH,22,up,686,,ESZ2
2022-10-24 22:00:00,3802.5,3810.6,3701.74,0.213,2.65,0.9256,2,3,BULLISH,22,up,93,,ESZ2
2022-10-25 22:00:00,3836.0,4069.48,3823.53,6.087,0.325,0.0507,4,2,BULLISH,22,down,3098,,ESZ2
2022-10-26 22:00:00,3859.0,4073.3,3840.07,5.553,0.491,0.0812,4,2,BULLISH,22,down,573,,ESZ2
2022-10-27 22:00:00,3810.75,4034.18,3790.87,5.863,0.522,0.0817,4,2,BULLISH,22,down,238,,ESZ2
2022-10-30 22:00:00,3904.5,4067.99,3727.47,4.187,4.534,0.5199,4,1,BULLISH,22,down,6259,,ESZ2
2022-10-31 22:00:00,3895.75,4053.6,3737.8,4.052,4.054,0.5002,4,3,BULLISH,22,down,4430,,ESZ2
2022-11-01 22:00:00,3874.75,4045.42,3735.36,4.405,3.597,0.4496,4,3,BULLISH,22,down,2632,,ESZ2
2022-11-02 22:00:00,3772.75,3780.63,3756.39,0.209,0.434,0.6749,1,3,BEARISH,22,up,214,,ESZ2
2022-11-03 22:00:00,3726.75,3742.86,3709.72,0.432,0.457,0.5139,3,2,BULLISH,22,up,288,,ESZ2
2022-11-06 23:00:00,3770.75,4018.44,3738.5,6.569,0.855,0.1152,4,3,BULLISH,23,up,13449,,ESZ2
2022-11-07 23:00:00,3817.0,4013.41,3742.18,5.146,1.96,0.2759,4,1,BULLISH,23,up,10302,,ESZ2
2022-11-08 23:00:00,3830.5,4015.96,3765.67,4.842,1.692,0.259,4,1,BULLISH,23,down,1291,,ESZ2
2022-11-09 23:00:00,3762.25,3997.37,3759.39,6.249,0.076,0.012,4,1,BULLISH,23,down,217,,ESZ2
2022-11-10 23:00:00,3961.5,3995.64,3785.57,0.862,4.441,0.8375,4,1,BULLISH,23,up,486,,ESZ2
2022-11-13 23:00:00,3991.0,4006.78,3836.22,0.395,3.878,0.9075,4,1,BULLISH,23,up,1366,,ESZ2
2022-11-30 23:00:00,4086.25,4396.35,3921.11,7.589,4.041,0.3475,5,4,BULLISH,23,down,28433,,ESZ2
2022-12-01 23:00:00,4073.25,4397.48,3923.88,7.96,3.667,0.3154,5,4,BULLISH,23,down,17678,,ESZ2
2022-12-04 23:00:00,4072.0,4392.0,3918.66,7.859,3.766,0.324,5,4,BULLISH,23,down,16227,,ESZ2
2022-12-07 23:00:00,3933.75,3940.59,3903.25,0.174,0.775,0.8168,1,4,BULLISH,23,up,856,,ESZ2
2022-12-13 23:00:00,4069.25,4370.93,3968.48,7.414,2.476,0.2504,5,1,BULLISH,23,down,34062,,ESH3
2022-12-15 23:00:00,3928.0,3990.41,3919.1,1.589,0.227,0.1248,1,2,BEARISH,23,down,232,,ESH3
2022-12-18 23:00:00,3885.0,3908.81,3826.54,0.613,1.505,0.7106,4,3,BEARISH,23,down,1587,,ESH3
2022-12-19 23:00:00,3817.25,3875.12,3792.99,1.516,0.636,0.2954,4,3,BEARISH,23,up,1537,,ESH3
2022-12-20 23:00:00,3869.5,3945.16,3790.84,1.955,2.033,0.5097,2,3,BEARISH,23,down,2711,,ESH3
2022-12-21 23:00:00,3917.0,4025.67,3902.92,2.774,0.359,0.1147,2,4,BEARISH,23,down,396,,ESH3
2022-12-22 23:00:00,3857.25,3866.54,3796.26,0.241,1.581,0.8678,4,3,BEARISH,23,up,656,,ESH3
2022-12-26 23:00:00,3893.75,4001.39,3868.92,2.764,0.638,0.1874,2,4,BEARISH,23,down,683,,ESH3
2022-12-27 23:00:00,3858.0,3877.82,3821.81,0.514,0.938,0.6461,4,3,BEARISH,23,down,931,,ESH3
2022-12-28 23:00:00,3809.5,3854.58,3802.67,1.183,0.179,0.1316,4,3,BEARISH,23,up,740,,ESH3
2022-12-29 23:00:00,3868.25,4011.64,3857.86,3.707,0.269,0.0676,2,4,BEARISH,23,down,127,,ESH3
2023-01-03 23:00:00,3849.0,3853.19,3826.65,0.109,0.581,0.8421,4,3,BEARISH,23,up,61,,ESH3
2023-01-05 23:00:00,3846.75,4061.72,3581.56,5.588,6.894,0.5523,5,4,BEARISH,23,up,24655,,ESH3
2023-01-11 23:00:00,3989.75,4265.29,3774.31,6.906,5.4,0.4388,5,4,BEARISH,23,censored,,horizon,ESH3
2023-01-12 23:00:00,3993.5,4254.01,3763.56,6.523,5.758,0.4688,5,4,BEARISH,23,censored,,horizon,ESH3
2023-01-15 23:00:00,4024.5,4259.03,3771.62,5.828,6.284,0.5188,5,4,BEARISH,23,censored,,horizon,ESH3
2023-01-17 23:00:00,4011.5,4255.01,3767.85,6.07,6.074,0.5001,5,4,BEARISH,23,censored,,horizon,ESH3
2023-01-18 23:00:00,3941.0,4248.29,3761.49,7.797,4.555,0.3688,5,4,BEARISH,23,censored,,horizon,ESH3
2023-01-19 23:00:00,3923.5,4224.68,3733.38,7.676,4.846,0.387,5,4,BEARISH,23,censored,,horizon,ESH3
2023-01-22 23:00:00,3985.25,4227.98,3734.57,6.091,6.29,0.5081,5,4,BEARISH,23,censored,,horizon,ESH3
2023-01-23 23:00:00,4035.0,4243.42,3751.37,5.165,7.029,0.5764,5,4,BEARISH,23,censored,,horizon,ESH3
2023-01-24 23:00:00,4018.25,4238.86,3748.73,5.49,6.707,0.5499,5,4,BEARISH,23,censored,,horizon,ESH3
2023-01-25 23:00:00,4036.25,4235.55,3748.96,4.938,7.118,0.5904,5,3,BEARISH,23,censored,,horizon,ESH3
2023-01-26 23:00:00,4062.25,4225.38,3742.06,4.016,7.882,0.6625,5,3,BEARISH,23,censored,,horizon,ESH3
2023-01-29 23:00:00,4075.0,4243.25,3771.16,4.129,7.456,0.6436,5,3,BEARISH,23,censored,,horizon,ESH3
2023-01-30 23:00:00,4028.0,4228.08,3774.25,4.967,6.3,0.5591,5,2,BEARISH,23,censored,,horizon,ESH3
2023-01-31 23:00:00,4079.25,4230.16,3793.82,3.699,6.997,0.6541,5,2,BULLISH,23,censored,,horizon,ESH3
2023-02-02 23:00:00,4169.25,4240.94,3859.38,1.719,7.432,0.8121,5,2,BULLISH,23,censored,,horizon,ESH3
2023-02-05 23:00:00,4133.5,4240.41,3910.49,2.586,5.395,0.676,5,1,BEARISH,23,censored,,horizon,ESH3
2023-02-06 23:00:00,4131.25,4208.96,3898.69,1.881,5.629,0.7495,5,1,BULLISH,23,censored,,horizon,ESH3
2023-02-07 23:00:00,4175.5,4231.34,4000.22,1.337,4.198,0.7584,5,1,BEARISH,23,down,20950,,ESH3
2023-02-08 23:00:00,4139.5,4225.64,4038.7,2.081,2.435,0.5392,5,1,BEARISH,23,down,17367,,ESH3
2023-02-09 23:00:00,4084.5,4220.84,4070.34,3.338,0.347,0.0941,5,1,BEARISH,23,down,494,,ESH3
2023-02-12 23:00:00,4082.5,4127.93,3845.8,1.113,5.798,0.839,1,2,BEARISH,23,up,849,,ESH3
2023-02-13 23:00:00,4143.5,4178.21,3878.77,0.838,6.389,0.8841,1,2,BEARISH,23,up,727,,ESH3
2023-02-14 23:00:00,4129.0,4212.28,3892.89,2.017,5.718,0.7393,1,2,BEARISH,23,censored,,horizon,ESH3
2023-02-15 23:00:00,4165.0,4217.41,3925.49,1.258,5.751,0.8205,5,2,BEARISH,23,down,32409,,ESH3
2023-02-16 23:00:00,4086.5,4212.11,3938.9,3.074,3.612,0.5402,5,2,BEARISH,23,down,29116,,ESH3
2023-02-19 23:00:00,4086.5,4214.94,3954.41,3.143,3.232,0.507,5,2,BEARISH,23,down,9961,,ESH3
2023-02-21 23:00:00,4015.5,4210.24,3970.65,4.85,1.117,0.1872,5,2,BEARISH,23,down,5972,,ESH3
2023-02-22 23:00:00,4017.25,4202.83,3982.94,4.62,0.854,0.156,5,2,BEARISH,23,down,1335,,ESH3
2023-02-23 23:00:00,4018.5,4206.87,4003.38,4.688,0.376,0.0743,5,2,BEARISH,23,down,416,,ESH3
2023-02-26 23:00:00,3981.75,4022.25,3857.8,1.017,3.113,0.7537,2,3,BEARISH,23,up,998,,ESH3
2023-02-27 23:00:00,3993.75,4035.93,3867.01,1.056,3.173,0.7503,2,3,BEARISH,23,up,23975,,ESH3
2023-02-28 23:00:00,3975.25,4042.52,3866.89,1.692,2.726,0.617,2,3,BEARISH,23,up,19025,,ESH3
2023-03-01 23:00:00,3943.25,4049.26,3870.49,2.688,1.845,0.407,2,3,BEARISH,23,up,12084,,ESH3
2023-03-02 23:00:00,3977.75,4053.79,3876.36,1.912,2.549,0.5714,2,3,BEARISH,23,up,6326,,ESH3
2023-03-05 23:00:00,4059.5,4073.48,3888.95,0.344,4.201,0.9242,1,3,BEARISH,23,up,2874,,ESH3
2023-03-06 23:00:00,4061.25,4094.22,3907.0,0.812,3.798,0.8239,2,3,BEARISH,23,down,40901,,ESH3
2023-03-07 23:00:00,3987.25,4080.6,3901.31,2.341,2.155,0.4793,1,3,BEARISH,23,down,33633,,ESH3
2023-03-08 23:00:00,3988.75,4158.71,3950.68,4.261,0.954,0.183,1,3,BEARISH,23,down,15465,,ESH3
2023-03-09 23:00:00,3894.5,4085.11,3862.1,4.894,0.832,0.1453,1,3,BEARISH,23,down,23934,,ESH3
2023-03-12 22:00:00,3939.5,4043.02,3867.16,2.628,1.836,0.4113,1,3,BEARISH,22,censored,,roll,ESM3
2023-03-13 22:00:00,3903.0,4012.57,3866.39,2.807,0.938,0.2504,1,3,BEARISH,22,down,46033,,ESM3
2023-03-14 22:00:00,3954.0,4025.77,3893.3,1.815,1.535,0.4582,1,3,BEARISH,22,down,7706,,ESM3
2023-03-15 22:00:00,3941.25,3994.57,3887.33,1.353,1.368,0.5028,1,3,BEARISH,22,up,19870,,ESM3
2023-03-16 22:00:00,3992.0,4155.38,3986.85,4.093,0.129,0.0306,5,1,BEARISH,22,down,2237,,ESM3
2023-03-19 22:00:00,3963.0,3978.81,3907.78,0.399,1.393,0.7774,1,3,BEARISH,22,down,327,,ESM3
2023-03-20 22:00:00,3991.25,4132.76,3927.44,3.546,1.599,0.3108,5,1,BEARISH,22,up,14799,,ESM3
2023-03-21 22:00:00,4038.0,4148.67,3951.3,2.741,2.147,0.4393,5,1,BEARISH,22,down,3106,,ESM3
2023-03-22 22:00:00,3982.0,4139.65,3920.53,3.959,1.544,0.2805,5,3,BEARISH,22,up,11443,,ESM3
2023-03-23 22:00:00,3978.0,4137.05,3931.61,3.998,1.166,0.2258,5,1,BEARISH,22,up,9640,,ESM3
2023-03-26 22:00:00,4015.0,4132.07,3940.42,2.916,1.858,0.3891,5,1,BEARISH,22,up,7756,,ESM3
2023-03-27 22:00:00,4009.25,4116.56,3943.44,2.677,1.641,0.3801,2,3,BEARISH,22,up,5779,,ESM3
2023-03-28 22:00:00,4016.75,4123.18,3946.68,2.65,1.744,0.397,2,3,BEARISH,22,up,4483,,ESM3
2023-03-29 22:00:00,4055.5,4118.53,3955.52,1.554,2.465,0.6133,2,3,BEARISH,22,up,2631,,ESM3
2023-03-30 22:00:00,4091.75,4129.13,4010.98,0.914,1.974,0.6836,5,2,BULLISH,22,up,1267,,ESM3
2023-04-02 22:00:00,4125.5,4129.26,4024.21,0.091,2.455,0.9642,5,2,BULLISH,22,up,312,,ESM3
2023-04-05 22:00:00,4108.75,4121.59,4052.39,0.313,1.372,0.8145,5,2,BULLISH,22,up,615,,ESM3
2023-04-24 22:00:00,4153.25,4155.6,4141.18,0.057,0.291,0.837,2,3,BEARISH,22,down,346,,ESM3
2023-04-25 22:00:00,4113.25,4116.57,4091.85,0.081,0.52,0.8657,3,5,BEARISH,22,down,585,,ESM3
2023-04-27 22:00:00,4151.5,4160.61,4091.06,0.219,1.456,0.869,1,3,BULLISH,22,up,822,,ESM3
2023-05-01 22:00:00,4181.75,4201.34,4127.97,0.468,1.286,0.733,1,3,BEARISH,22,down,888,,ESM3
2023-05-02 22:00:00,4140.75,4195.45,4133.98,1.321,0.163,0.1101,1,2,BEARISH,22,down,848,,ESM3
2023-05-03 22:00:00,4104.25,4132.54,4077.88,0.689,0.643,0.4824,3,5,BEARISH,22,down,820,,ESM3
2023-05-04 22:00:00,4091.25,4128.49,4072.02,0.91,0.47,0.3405,3,5,BULLISH,22,up,849,,ESM3
2023-05-07 22:00:00,4147.5,4167.62,4138.41,0.485,0.219,0.3112,1,3,BULLISH,22,down,1122,,ESM3
2023-05-08 22:00:00,4151.0,4157.32,4144.82,0.152,0.149,0.4944,2,3,BEARISH,22,down,313,,ESM3
2023-05-24 22:00:00,4139.75,4146.61,4077.47,0.166,1.504,0.9008,3,1,BULLISH,22,up,277,,ESM3
2023-06-25 22:00:00,4398.5,4469.57,4346.34,1.616,1.186,0.4233,1,2,BULLISH,22,up,7888,,ESU3
2023-06-26 22:00:00,4379.0,4448.48,4324.5,1.587,1.245,0.4396,1,2,BULLISH,22,up,5818,,ESU3
2023-06-27 22:00:00,4409.0,4476.8,4345.91,1.538,1.431,0.482,1,2,BULLISH,22,up,4495,,ESU3
2023-07-03 22:00:00,4491.25,4510.82,4416.21,0.436,1.671,0.7932,1,2,BULLISH,22,down,6590,,ESU3
2023-07-05 22:00:00,4479.75,4515.48,4418.22,0.798,1.374,0.6326,1,2,BULLISH,22,down,3741,,ESU3
2023-07-06 22:00:00,4444.0,4510.86,4430.92,1.505,0.294,0.1636,1,2,BULLISH,22,down,1459,,ESU3
2023-07-09 22:00:00,4427.25,4440.9,4356.94,0.308,1.588,0.8374,2,3,BULLISH,22,up,762,,ESU3
2023-07-10 22:00:00,4444.5,4454.52,4365.55,0.225,1.776,0.8874,2,3,BULLISH,22,up,314,,ESU3
2023-07-11 22:00:00,4471.0,4513.67,4464.24,0.954,0.151,0.1368,1,2,BULLISH,22,up,769,,ESU3
2023-07-12 22:00:00,4513.75,4526.95,4479.54,0.292,0.758,0.7216,1,2,BULLISH,22,up,691,,ESU3
2023-07-13 22:00:00,4538.25,4542.9,4521.21,0.102,0.375,0.7856,1,2,BULLISH,22,up,244,,ESU3
2023-07-16 22:00:00,4531.25,4536.71,4411.46,0.12,2.644,0.9564,2,3,BULLISH,22,up,322,,ESU3
2023-07-19 22:00:00,4590.0,4598.37,4575.74,0.182,0.311,0.6301,1,2,BULLISH,22,down,876,,ESU3
2023-07-20 22:00:00,4567.75,4589.98,4468.3,0.487,2.177,0.8173,1,3,BULLISH,22,up,720,,ESU3
2023-07-23 22:00:00,4562.75,4594.88,4476.77,0.704,1.884,0.728,1,3,BULLISH,22,up,2493,,ESU3
2023-07-24 22:00:00,4581.0,4598.47,4484.68,0.381,2.103,0.8465,1,3,BULLISH,22,up,993,,ESU3
2023-07-25 22:00:00,4593.75,4612.3,4502.67,0.404,1.983,0.8308,1,3,BULLISH,22,up,2042,,ESU3
2023-07-26 22:00:00,4603.75,4629.96,4511.96,0.569,1.994,0.7779,1,3,BULLISH,22,up,702,,ESU3
2023-07-27 22:00:00,4570.5,4627.74,4517.74,1.252,1.154,0.4796,1,3,BULLISH,22,down,7502,,ESU3
2023-07-30 22:00:00,4601.25,4624.09,4540.13,0.496,1.328,0.728,2,3,BULLISH,22,down,4390,,ESU3
2023-07-31 22:00:00,4620.5,4648.48,4559.02,0.606,1.331,0.6872,1,3,BULLISH,22,down,2120,,ESU3
2023-08-01 22:00:00,4590.75,4609.37,4571.4,0.406,0.421,0.5096,1,3,BEARISH,22,down,386,,ESU3
2023-08-02 22:00:00,4543.75,4608.14,4513.94,1.417,0.656,0.3165,1,3,BEARISH,22,down,374,,ESU3
2023-08-03 22:00:00,4538.0,4616.45,4529.39,1.729,0.19,0.0989,1,3,BEARISH,22,down,583,,ESU3
2023-08-07 22:00:00,4527.25,4615.09,4490.13,1.94,0.82,0.2971,1,3,BEARISH,22,down,913,,ESU3
2023-08-08 22:00:00,4522.25,4612.25,4497.13,1.99,0.555,0.2182,1,3,BEARISH,22,down,961,,ESU3
2023-08-15 22:00:00,4454.25,4513.18,4113.19,1.323,7.657,0.8527,3,4,BEARISH,22,up,25903,,ESU3
2023-08-16 22:00:00,4417.5,4510.84,4116.64,2.113,6.811,0.7632,3,4,BEARISH,22,up,23201,,ESU3
2023-08-17 22:00:00,4388.75,4511.0,4118.99,2.786,6.147,0.6881,3,4,BEARISH,22,up,20754,,ESU3
2023-08-20 22:00:00,4383.5,4466.8,4114.33,1.9,6.141,0.7637,1,4,BEARISH,22,up,6647,,ESU3
2023-08-21 22:00:00,4406.75,4485.55,4132.42,1.788,6.225,0.7769,1,4,BEARISH,22,up,14878,,ESU3
2023-08-22 22:00:00,4410.75,4464.01,4133.01,1.208,6.297,0.8391,1,4,BEARISH,22,up,2019,,ESU3
2023-08-23 22:00:00,4471.5,4524.01,4462.19,1.174,0.208,0.1506,3,1,BEARISH,22,down,857,,ESU3
2023-08-24 22:00:00,4390.5,4415.22,4381.42,0.563,0.207,0.2686,3,2,BEARISH,22,down,310,,ESU3
2023-08-27 22:00:00,4419.5,4450.28,4287.94,0.696,2.977,0.8104,2,1,BEARISH,22,up,2502,,ESU3
2023-08-28 22:00:00,4440.75,4484.54,4434.61,0.986,0.138,0.123,3,2,BEARISH,22,down,842,,ESU3
2023-09-03 22:00:00,4521.0,4528.83,4422.37,0.173,2.182,0.9265,3,2,BEARISH,22,up,453,,ESU3
2023-09-05 22:00:00,4497.5,4528.65,4419.51,0.693,1.734,0.7146,3,2,BEARISH,22,censored,,roll,ESU3
2023-09-06 22:00:00,4469.0,4531.36,4422.54,1.395,1.04,0.4269,3,2,BEARISH,22,censored,,roll,ESU3
2023-09-07 22:00:00,4455.5,4532.75,4419.53,1.734,0.807,0.3177,3,2,BEARISH,22,censored,,roll,ESU3
2023-09-10 22:00:00,4513.5,4536.95,4403.73,0.52,2.432,0.824,3,2,BEARISH,22,up,5718,,ESZ3
2023-09-11 22:00:00,4531.75,4538.57,4399.2,0.15,2.925,0.9511,3,2,BEARISH,22,up,13607,,ESZ3
2023-09-12 22:00:00,4510.25,4547.7,4418.79,0.83,2.028,0.7095,3,2,BEARISH,22,up,27315,,ESZ3
2023-09-13 22:00:00,4526.25,4552.5,4415.23,0.58,2.453,0.8088,3,2,BULLISH,22,up,12291,,ESZ3
2023-09-17 22:00:00,4503.75,4561.77,4412.97,1.288,2.016,0.6101,3,2,BEARISH,22,down,5598,,ESZ3
2023-09-18 22:00:00,4500.5,4566.24,4423.77,1.461,1.705,0.5386,3,1,BEARISH,22,down,3943,,ESZ3
2023-09-19 22:00:00,4489.5,4500.81,4262.43,0.252,5.058,0.9526,2,4,BEARISH,22,up,575,,ESZ3
2023-09-20 22:00:00,4435.5,4500.65,4245.94,1.469,4.274,0.7442,2,4,BEARISH,22,down,16952,,ESZ3
2023-09-21 22:00:00,4375.0,4521.35,4256.04,3.345,2.719,0.4484,2,4,BEARISH,22,down,14427,,ESZ3
2023-09-24 22:00:00,4367.25,4395.41,4193.01,0.645,3.99,0.8609,2,4,BEARISH,22,up,22150,,ESZ3
2023-09-25 22:00:00,4361.5,4434.78,4241.93,1.68,2.741,0.62,2,4,BEARISH,22,down,11834,,ESZ3
2023-09-26 22:00:00,4324.5,4422.71,4243.42,2.271,1.875,0.4522,2,4,BEARISH,22,down,9893,,ESZ3
2023-09-27 22:00:00,4323.25,4388.47,4235.45,1.509,2.031,0.5738,2,4,BEARISH,22,up,16438,,ESZ3
2023-09-28 22:00:00,4331.75,4397.42,4253.69,1.516,1.802,0.5431,2,4,BEARISH,22,down,5234,,ESZ3
2023-10-01 22:00:00,4351.75,4389.29,4255.5,0.863,2.212,0.7194,2,4,BEARISH,22,down,3271,,ESZ3
2023-10-02 22:00:00,4323.5,4447.84,4290.63,2.876,0.76,0.2091,2,4,BEARISH,22,down,895,,ESZ3
2023-10-03 22:00:00,4253.0,4261.03,4098.75,0.189,3.627,0.9505,4,5,BEARISH,22,up,519,,ESZ3
2023-10-04 22:00:00,4297.25,4399.52,4281.24,2.38,0.373,0.1354,2,4,BEARISH,22,down,447,,ESZ3
2023-10-05 22:00:00,4289.5,4386.9,4280.27,2.271,0.215,0.0866,2,4,BEARISH,22,down,677,,ESZ3
2023-10-08 22:00:00,4309.75,4384.83,4291.38,1.742,0.426,0.1966,2,4,BEARISH,22,up,2676,,ESZ3
2023-10-09 22:00:00,4375.5,4382.99,4299.76,0.171,1.731,0.91,2,4,BEARISH,22,up,841,,ESZ3
2023-10-10 22:00:00,4391.75,4454.97,4381.91,1.44,0.224,0.1347,1,2,BULLISH,22,down,1104,,ESZ3
2023-10-11 22:00:00,4420.25,4469.69,4353.26,1.118,1.516,0.5754,2,4,BEARISH,22,down,2986,,ESZ3
2023-10-12 22:00:00,4385.25,4430.04,4320.15,1.021,1.485,0.5924,2,4,BEARISH,22,down,8864,,ESZ3
2023-10-15 22:00:00,4367.0,4424.14,4323.15,1.308,1.004,0.4342,2,4,BULLISH,22,down,5988,,ESZ3
2023-10-16 22:00:00,4398.25,4417.81,4330.64,0.445,1.537,0.7756,1,4,BULLISH,22,up,1097,,ESZ3
2023-10-17 22:00:00,4393.75,4410.2,4337.0,0.374,1.292,0.7753,1,4,BEARISH,22,down,1568,,ESZ3
2023-10-18 22:00:00,4339.5,4405.12,4117.34,1.512,5.119,0.772,1,5,BEARISH,22,up,28725,,ESZ3
2023-10-19 22:00:00,4293.0,4353.81,4121.29,1.416,4.0,0.7385,4,5,BEARISH,22,up,21019,,ESZ3
2023-10-22 22:00:00,4259.0,4346.55,4111.85,2.056,3.455,0.627,4,5,BEARISH,22,up,18822,,ESZ3
2023-10-23 22:00:00,4244.5,4347.66,4106.45,2.43,3.252,0.5723,4,5,BEARISH,22,up,16834,,ESZ3
2023-10-24 22:00:00,4267.25,4351.47,4110.46,1.974,3.674,0.6506,1,5,BEARISH,22,up,14923,,ESZ3
2023-10-25 22:00:00,4185.25,4332.17,4108.84,3.51,1.826,0.3421,1,5,BEARISH,22,up,11428,,ESZ3
2023-10-26 22:00:00,4178.75,4297.69,4102.85,2.846,1.816,0.3896,1,5,BEARISH,22,up,8662,,ESZ3
2023-10-29 22:00:00,4152.75,4261.77,4099.75,2.625,1.276,0.3271,1,5,BEARISH,22,up,5372,,ESZ3
2023-10-30 22:00:00,4177.25,4260.88,4017.53,2.002,3.824,0.6563,4,5,BEARISH,22,up,3535,,ESZ3
2023-10-31 22:00:00,4199.75,4254.6,4096.67,1.306,2.454,0.6527,2,5,BEARISH,22,up,1479,,ESZ3
2023-11-01 22:00:00,4268.5,4342.22,4245.45,1.727,0.54,0.2382,4,2,BULLISH,22,up,2578,,ESZ3
2023-11-02 22:00:00,4332.75,4337.96,4223.86,0.12,2.513,0.9543,4,2,BULLISH,22,up,703,,ESZ3
2023-11-05 23:00:00,4378.0,4456.2,4357.0,1.786,0.48,0.2117,3,4,BULLISH,23,down,6702,,ESZ3
2023-11-06 23:00:00,4375.0,4448.1,4358.65,1.671,0.374,0.1828,3,4,BULLISH,23,down,4779,,ESZ3
2023-11-07 23:00:00,4392.0,4447.48,4360.73,1.263,0.712,0.3605,3,4,BULLISH,23,down,2953,,ESZ3
2023-11-08 23:00:00,4394.25,4456.78,4372.11,1.423,0.504,0.2615,3,4,BULLISH,23,down,1173,,ESZ3
2023-11-09 23:00:00,4363.75,4444.01,4253.33,1.839,2.53,0.5791,3,2,BULLISH,23,up,4368,,ESZ3
2023-11-12 23:00:00,4410.75,4453.0,4374.39,0.958,0.824,0.4625,3,4,BULLISH,23,up,2409,,ESZ3
2023-12-04 23:00:00,4569.25,4603.85,4463.92,0.757,2.305,0.7527,1,3,BULLISH,23,up,39461,,ESZ3
2023-12-05 23:00:00,4588.0,4633.55,4467.18,0.993,2.633,0.7262,1,3,BULLISH,23,censored,,roll,ESZ3
2023-12-06 23:00:00,4553.0,4643.39,4463.1,1.985,1.975,0.4986,1,2,BULLISH,23,censored,,roll,ESZ3
2023-12-07 23:00:00,4589.0,4659.3,4480.43,1.532,2.366,0.607,1,2,BULLISH,23,censored,,roll,ESZ3
2023-12-10 23:00:00,4657.75,4672.14,4505.75,0.309,3.263,0.9135,1,2,BULLISH,23,up,12210,,ESH4
2023-12-11 23:00:00,4680.25,4693.11,4504.77,0.275,3.749,0.9317,1,4,BULLISH,23,up,3725,,ESH4
2023-12-12 23:00:00,4703.0,4723.89,4520.93,0.444,3.871,0.8971,1,2,BULLISH,23,up,9638,,ESH4
2023-12-14 23:00:00,4778.25,4781.83,4563.1,0.075,4.503,0.9836,1,2,BULLISH,23,up,489,,ESH4
2024-01-03 23:00:00,4750.0,4793.78,4582.5,0.922,3.526,0.7928,1,4,BULLISH,23,up,4793,,ESH4
2024-01-04 23:00:00,4733.0,4783.88,4576.26,1.075,3.312,0.7549,1,4,BULLISH,23,up,2985,,ESH4
2024-01-07 23:00:00,4731.25,4785.8,4581.14,1.153,3.173,0.7335,1,4,BULLISH,23,up,1186,,ESH4
2024-01-08 23:00:00,4797.25,4803.25,4591.46,0.125,4.29,0.9717,1,4,BULLISH,23,up,969,,ESH4
2024-01-09 23:00:00,4788.75,4796.6,4594.84,0.164,4.049,0.9611,1,4,BULLISH,23,up,308,,ESH4
2024-01-10 23:00:00,4829.5,4885.14,4817.14,1.152,0.256,0.1818,2,1,BULLISH,23,down,604,,ESH4
2024-01-11 23:00:00,4810.25,4818.98,4605.85,0.181,4.249,0.959,1,4,BULLISH,23,up,284,,ESH4
2024-01-14 23:00:00,4817.0,4831.4,4612.41,0.299,4.247,0.9342,1,4,BULLISH,23,up,6782,,ESH4
2024-01-16 23:00:00,4786.25,4849.62,4616.36,1.324,3.55,0.7283,1,4,BULLISH,23,up,4603,,ESH4
2024-01-17 23:00:00,4766.5,4847.13,4617.87,1.692,3.118,0.6483,1,4,BULLISH,23,up,2803,,ESH4
2024-01-18 23:00:00,4815.75,4853.2,4624.79,0.778,3.965,0.836,1,4,BULLISH,23,up,1126,,ESH4
2024-01-31 23:00:00,4883.25,4918.02,4680.35,0.712,4.155,0.8537,1,3,BULLISH,23,up,1119,,ESH4
2024-02-13 23:00:00,4970.0,4980.21,4957.38,0.205,0.254,0.5528,2,1,BULLISH,23,up,208,,ESH4
2024-02-18 23:00:00,5022.0,5026.1,5009.84,0.082,0.242,0.7478,2,1,BEARISH,23,up,139,,ESH4
2024-02-20 23:00:00,4984.5,5017.17,4835.15,0.655,2.996,0.8205,1,3,BEARISH,23,up,2077,,ESH4
2024-03-14 22:00:00,5215.25,5235.77,5179.17,0.393,0.692,0.6375,1,2,BEARISH,22,down,3464,,ESM4
2024-03-17 22:00:00,5190.5,5223.65,5172.91,0.639,0.339,0.3467,1,2,BEARISH,22,up,641,,ESM4
2024-03-18 22:00:00,5206.25,5247.3,5194.36,0.788,0.228,0.2246,1,2,BEARISH,22,down,604,,ESM4
2024-04-04 22:00:00,5197.5,5222.79,5164.16,0.487,0.641,0.5687,2,3,BEARISH,22,up,724,,ESM4
2024-04-07 22:00:00,5255.0,5279.94,5235.3,0.475,0.375,0.4413,1,2,BEARISH,22,down,2420,,ESM4
2024-04-08 22:00:00,5252.5,5293.98,5242.33,0.79,0.194,0.1969,1,2,BEARISH,22,down,841,,ESM4
2024-04-09 22:00:00,5264.75,5283.37,5225.01,0.354,0.755,0.6809,2,3,BEARISH,22,up,655,,ESM4
2024-04-10 22:00:00,5202.25,5216.53,5016.26,0.274,3.575,0.9287,3,4,BEARISH,22,up,748,,ESM4
2024-04-11 22:00:00,5247.0,5290.49,5038.37,0.829,3.976,0.8275,1,4,BEARISH,22,down,8980,,ESM4
2024-04-14 22:00:00,5178.5,5261.26,5044.34,1.598,2.591,0.6185,3,4,BEARISH,22,down,6757,,ESM4
2024-04-15 22:00:00,5099.5,5257.86,5042.18,3.105,1.124,0.2658,3,4,BEARISH,22,down,4904,,ESM4
2024-04-16 22:00:00,5100.25,5275.74,5045.9,3.441,1.066,0.2365,3,4,BEARISH,22,down,3036,,ESM4
2024-04-17 22:00:00,5070.0,5280.45,5048.54,4.151,0.423,0.0925,1,4,BEARISH,22,down,1200,,ESM4
2024-04-18 22:00:00,4983.25,5063.93,4605.66,1.619,7.577,0.8239,4,5,BEARISH,22,up,3219,,ESM4
2024-04-23 22:00:00,5121.0,5210.62,5060.82,1.75,1.175,0.4017,1,4,BEARISH,22,down,2376,,ESM4
2024-04-25 22:00:00,5123.5,5208.37,5067.18,1.656,1.099,0.3989,1,4,BEARISH,22,down,4613,,ESM4
2024-04-28 22:00:00,5144.75,5210.77,5073.16,1.283,1.392,0.5202,1,4,BEARISH,22,down,2892,,ESM4
2024-04-29 22:00:00,5143.0,5222.19,5086.03,1.54,1.108,0.4184,1,4,BEARISH,22,down,1306,,ESM4
2024-05-02 22:00:00,5108.75,5132.71,5093.84,0.469,0.292,0.3836,2,1,BEARISH,22,up,666,,ESM4
2024-05-05 22:00:00,5160.75,5284.52,5149.23,2.398,0.223,0.0852,3,2,BEARISH,22,up,12103,,ESM4
2024-05-06 22:00:00,5206.5,5299.22,5162.0,1.781,0.855,0.3243,3,2,BEARISH,22,up,10486,,ESM4
2024-05-07 22:00:00,5213.0,5309.14,5172.21,1.844,0.782,0.2979,3,2,BEARISH,22,up,9259,,ESM4
2024-05-08 22:00:00,5211.0,5316.4,5163.44,2.023,0.913,0.3109,3,2,BEARISH,22,up,7710,,ESM4
2024-05-09 22:00:00,5241.75,5324.43,5116.2,1.577,2.395,0.6029,3,2,BEARISH,22,up,6306,,ESM4
2024-05-12 22:00:00,5245.5,5333.81,5128.35,1.684,2.233,0.5702,3,2,BEARISH,22,up,4783,,ESM4
2024-05-13 22:00:00,5243.25,5326.49,5119.67,1.588,2.357,0.5975,3,2,BEARISH,22,up,3057,,ESM4
2024-05-14 22:00:00,5274.0,5314.26,5109.79,0.763,3.114,0.8031,3,4,BULLISH,22,up,1060,,ESM4
2024-05-15 22:00:00,5339.5,5349.03,5135.5,0.178,3.821,0.9554,3,2,BULLISH,22,up,6628,,ESM4
2024-05-16 22:00:00,5322.5,5351.79,5135.28,0.55,3.518,0.8647,3,2,BULLISH,22,up,6943,,ESM4
2024-05-19 22:00:00,5334.0,5357.66,5141.72,0.444,3.605,0.8904,3,2,BULLISH,22,up,5353,,ESM4
2024-05-20 22:00:00,5331.25,5362.16,5155.59,0.58,3.295,0.8504,3,2,BULLISH,22,up,3779,,ESM4
2024-05-21 22:00:00,5348.75,5372.3,5177.45,0.44,3.203,0.8791,3,2,BULLISH,22,up,31218,,ESM4
2024-05-22 22:00:00,5345.25,5375.03,5184.66,0.557,3.004,0.8436,3,2,BEARISH,22,up,36119,,ESM4
2024-05-23 22:00:00,5294.5,5372.39,5185.32,1.471,2.062,0.5836,3,2,BULLISH,22,up,26923,,ESM4
2024-05-26 22:00:00,5318.75,5365.47,5191.36,0.878,2.395,0.7317,3,2,BULLISH,22,up,24552,,ESM4
2024-05-28 22:00:00,5313.75,5356.45,5225.06,0.804,1.669,0.675,3,1,BEARISH,22,down,6207,,ESM4
2024-05-29 22:00:00,5264.75,5355.83,5237.57,1.73,0.516,0.2298,3,1,BEARISH,22,down,2255,,ESM4
2024-05-30 22:00:00,5244.25,5257.59,5235.07,0.254,0.175,0.4076,1,2,BEARISH,22,down,567,,ESM4
2024-06-02 22:00:00,5305.0,5353.86,5289.41,0.921,0.294,0.2419,3,1,BULLISH,22,down,1169,,ESM4
2024-06-03 22:00:00,5300.75,5353.74,5261.76,1.0,0.736,0.4239,3,2,BULLISH,22,up,9876,,ESM4
2024-06-04 22:00:00,5311.25,5314.16,5267.41,0.055,0.825,0.9378,1,2,BULLISH,22,up,22,,ESM4
2024-06-06 22:00:00,5366.5,5372.95,5225.09,0.12,2.635,0.9564,3,2,BULLISH,22,up,1100,,ESM4
2024-06-10 22:00:00,5366.75,5371.78,5352.96,0.094,0.257,0.7327,3,1,BULLISH,22,up,336,,ESM4
2024-07-18 22:00:00,5601.75,5611.72,5525.42,0.178,1.363,0.8845,1,3,BULLISH,22,up,3061,,ESU4
2024-07-21 22:00:00,5557.25,5567.08,5486.58,0.177,1.272,0.8779,1,3,BULLISH,22,up,88,,ESU4
2024-07-23 22:00:00,5579.25,5621.61,5532.34,0.759,0.841,0.5255,2,3,BEARISH,22,down,859,,ESU4
2024-07-24 22:00:00,5482.5,5587.45,5446.09,1.914,0.664,0.2576,3,4,BEARISH,22,down,919,,ESU4
2024-07-25 22:00:00,5461.75,5504.1,5372.67,0.775,1.631,0.6778,3,4,BULLISH,22,up,993,,ESU4
2024-07-28 22:00:00,5522.75,5536.57,5405.14,0.25,2.13,0.8948,3,4,BULLISH,22,up,4253,,ESU4
2024-07-29 22:00:00,5483.25,5549.69,5418.58,1.212,1.179,0.4932,3,4,BEARISH,22,up,2797,,ESU4
2024-07-30 22:00:00,5485.25,5542.23,5413.85,1.039,1.302,0.5562,3,4,BULLISH,22,up,776,,ESU4
2024-07-31 22:00:00,5583.0,5633.92,5558.64,0.912,0.436,0.3236,1,3,BEARISH,22,down,453,,ESU4
2024-08-01 22:00:00,5456.25,5557.73,5429.49,1.86,0.49,0.2087,3,4,BEARISH,22,down,41,,ESU4
2024-08-04 22:00:00,5301.25,5432.69,5110.78,2.479,3.593,0.5917,4,5,BEARISH,22,up,15368,,ESU4
2024-08-05 22:00:00,5290.0,5399.46,5079.74,2.069,3.975,0.6576,4,5,BEARISH,22,up,10949,,ESU4
2024-08-06 22:00:00,5285.5,5439.36,5121.87,2.911,3.096,0.5154,4,5,BEARISH,22,up,9438,,ESU4
2024-08-07 22:00:00,5226.5,5426.12,5110.35,3.819,2.222,0.3678,4,5,BULLISH,22,up,7016,,ESU4
2024-08-08 22:00:00,5346.75,5395.61,5099.19,0.914,4.63,0.8352,1,5,BULLISH,22,up,2888,,ESU4
2024-08-11 22:00:00,5368.0,5417.18,5129.0,0.916,4.452,0.8293,1,5,BULLISH,22,up,2715,,ESU4
2024-08-12 22:00:00,5373.0,5395.26,5130.98,0.414,4.504,0.9158,1,5,BULLISH,22,up,354,,ESU4
2024-08-13 22:00:00,5460.0,5491.04,5453.2,0.568,0.125,0.1797,2,4,BULLISH,22,down,13,,ESU4
2024-08-14 22:00:00,5485.0,5521.44,5456.84,0.664,0.513,0.4359,3,4,BULLISH,22,up,743,,ESU4
2024-09-03 22:00:00,5518.75,5536.57,5488.03,0.323,0.557,0.6329,4,1,BULLISH,22,up,3281,,ESU4
2024-09-04 22:00:00,5534.75,5599.04,5308.3,1.162,4.091,0.7789,4,5,BULLISH,22,censored,,horizon,ESU4
2024-09-05 22:00:00,5505.5,5583.64,5289.98,1.419,3.915,0.7339,4,5,BULLISH,22,censored,,horizon,ESU4
2024-09-08 22:00:00,5430.25,5556.44,5266.83,2.324,3.009,0.5643,4,5,BULLISH,22,up,36942,,ESU4
2024-09-09 22:00:00,5481.75,5564.67,5284.55,1.513,3.597,0.704,4,5,BULLISH,22,up,26689,,ESU4
2024-09-10 22:00:00,5484.5,5567.53,5290.87,1.514,3.53,0.6999,4,5,BULLISH,22,up,16914,,ESU4
2024-09-11 22:00:00,5561.5,5575.34,5303.23,0.249,4.644,0.9491,4,5,BULLISH,22,up,1904,,ESU4
2024-09-12 22:00:00,5603.0,5629.08,5581.55,0.465,0.383,0.4513,2,4,BULLISH,22,up,7878,,ESU4
2024-09-15 22:00:00,5631.75,5636.7,5588.25,0.088,0.772,0.8978,2,4,BULLISH,22,up,2040,,ESU4
2024-09-16 22:00:00,5694.25,5718.77,5636.46,0.431,1.015,0.7021,1,3,BULLISH,22,up,3098,,ESZ4
2024-09-17 22:00:00,5707.0,5746.88,5649.44,0.699,1.009,0.5907,1,2,BULLISH,22,up,12729,,ESZ4
2024-09-18 22:00:00,5712.5,5757.41,5643.75,0.786,1.204,0.6049,1,2,BULLISH,22,up,5217,,ESZ4
2024-09-19 22:00:00,5770.0,5867.39,5721.71,1.688,0.837,0.3315,1,2,BULLISH,22,up,28795,,ESZ4
2024-09-22 22:00:00,5777.5,5836.19,5689.1,1.016,1.53,0.601,1,2,BULLISH,22,up,20999,,ESZ4
2024-09-23 22:00:00,5768.25,5804.55,5701.61,0.629,1.155,0.6474,1,2,BULLISH,22,up,3193,,ESZ4
2024-09-24 22:00:00,5782.25,5829.51,5726.3,0.817,0.968,0.5421,1,2,BULLISH,22,up,2280,,ESZ4
2024-09-25 22:00:00,5797.75,5821.47,5708.38,0.409,1.541,0.7903,1,2,BULLISH,22,up,292,,ESZ4
2024-09-26 22:00:00,5798.0,5803.91,5734.42,0.102,1.097,0.915,1,2,BULLISH,22,up,126,,ESZ4
2024-10-01 22:00:00,5760.75,5778.04,5712.67,0.3,0.835,0.7355,1,3,BULLISH,22,up,4300,,ESZ4
2024-10-02 22:00:00,5755.5,5776.08,5724.62,0.358,0.537,0.6001,1,3,BULLISH,22,up,2531,,ESZ4
2024-10-03 22:00:00,5759.0,5770.44,5732.3,0.199,0.464,0.7001,1,3,BULLISH,22,up,694,,ESZ4
2024-10-07 22:00:00,5746.0,5761.33,5683.01,0.267,1.096,0.8043,1,4,BULLISH,22,up,477,,ESZ4
2024-10-30 22:00:00,5833.0,5865.96,5805.8,0.565,0.466,0.4521,3,4,BEARISH,22,down,405,,ESZ4
2024-10-31 22:00:00,5739.5,5775.83,5567.85,0.633,2.991,0.8253,4,5,BEARISH,22,up,784,,ESZ4
2024-11-03 23:00:00,5769.25,5785.56,5579.47,0.283,3.29,0.9209,4,5,BEARISH,23,up,2342,,ESZ4
2024-11-04 23:00:00,5746.0,5785.96,5581.98,0.695,2.855,0.8041,4,5,BEARISH,23,up,730,,ESZ4
2024-11-14 23:00:00,5958.75,5967.36,5913.58,0.144,0.758,0.8399,1,3,BEARISH,23,down,866,,ESZ4
2024-11-17 23:00:00,5912.0,5973.44,5891.45,1.039,0.348,0.2506,1,2,BEARISH,23,down,708,,ESZ4
2024-11-18 23:00:00,5930.0,5985.27,5919.55,0.932,0.176,0.159,1,3,BEARISH,23,down,287,,ESZ4
2024-11-19 23:00:00,5944.5,5999.71,5925.16,0.929,0.325,0.2594,1,3,BEARISH,23,down,717,,ESZ4
2024-11-20 23:00:00,5918.25,5921.57,5914.84,0.056,0.058,0.5067,2,3,BEARISH,23,up,7,,ESZ4
2024-11-21 23:00:00,5967.5,6009.48,5954.58,0.703,0.217,0.2353,1,2,BEARISH,23,down,362,,ESZ4
2024-11-24 23:00:00,6013.5,6022.4,5955.73,0.148,0.961,0.8665,1,2,BEARISH,23,up,660,,ESZ4
2024-12-18 23:00:00,5947.5,5971.59,5811.91,0.405,2.28,0.8491,4,5,BEARISH,23,up,4780,,ESH5
2024-12-19 23:00:00,5908.25,5968.53,5809.22,1.02,1.676,0.6216,4,5,BEARISH,23,up,4816,,ESH5
2024-12-22 23:00:00,6023.0,6081.54,5981.44,0.972,0.69,0.4152,1,4,BEARISH,23,down,711,,ESH5
2024-12-23 23:00:00,6034.25,6076.22,6028.13,0.696,0.101,0.1273,1,3,BULLISH,23,up,742,,ESH5
2024-12-25 23:00:00,6104.75,6113.65,6062.56,0.146,0.691,0.8258,2,1,BEARISH,23,down,2358,,ESH5
2024-12-29 23:00:00,6017.75,6048.54,6009.81,0.512,0.132,0.205,3,4,BEARISH,23,down,190,,ESH5
2024-12-30 23:00:00,5956.5,6017.22,5851.85,1.019,1.757,0.6328,4,5,BEARISH,23,up,6322,,ESH5
2025-01-01 23:00:00,5953.5,6042.78,5875.83,1.5,1.305,0.4652,4,5,BEARISH,23,down,1526,,ESH5
2025-01-02 23:00:00,5932.75,6022.53,5856.75,1.513,1.281,0.4584,4,5,BEARISH,23,up,2282,,ESH5
2025-01-05 23:00:00,5985.0,6033.83,5867.99,0.816,1.955,0.7056,4,5,BEARISH,23,up,582,,ESH5
2025-01-06 23:00:00,6020.75,6043.21,5878.42,0.373,2.364,0.8637,4,5,BEARISH,23,up,687,,ESH5
2025-01-07 23:00:00,5965.75,6043.03,5879.69,1.295,1.443,0.5269,4,5,BEARISH,23,down,4115,,ESH5
2025-01-08 23:00:00,5946.0,6049.15,5887.01,1.735,0.992,0.3638,4,5,BEARISH,23,down,2038,,ESH5
2025-01-09 23:00:00,5943.5,6073.77,5911.51,2.192,0.538,0.1972,4,5,BEARISH,23,down,633,,ESH5
2025-01-15 23:00:00,5991.25,6026.75,5906.53,0.593,1.414,0.7047,1,5,BEARISH,23,up,2409,,ESH5
2025-01-16 23:00:00,5985.0,6020.46,5908.17,0.592,1.284,0.6842,1,5,BEARISH,23,up,620,,ESH5
2025-01-19 23:00:00,6029.75,6065.53,6023.29,0.593,0.107,0.1529,3,2,BULLISH,23,down,589,,ESH5
2025-01-26 23:00:00,6081.75,6111.12,6072.43,0.483,0.153,0.2409,3,2,BULLISH,23,down,77,,ESH5
2025-01-27 23:00:00,6043.75,6101.56,6036.6,0.957,0.118,0.1101,3,2,BULLISH,23,down,116,,ESH5
2025-01-28 23:00:00,6096.25,6113.8,6044.06,0.288,0.856,0.7484,3,2,BULLISH,23,down,1173,,ESH5
2025-01-29 23:00:00,6093.5,6113.02,6040.54,0.32,0.869,0.7307,3,2,BULLISH,23,up,1336,,ESH5
2025-01-30 23:00:00,6111.5,6123.4,6052.36,0.195,0.968,0.8325,3,2,BULLISH,23,up,199,,ESH5
2025-02-03 23:00:00,6030.25,6056.26,6019.15,0.431,0.184,0.2991,2,1,BULLISH,23,down,75,,ESH5
2025-02-04 23:00:00,6035.25,6045.17,6000.68,0.164,0.573,0.777,2,1,BULLISH,23,up,652,,ESH5
2025-02-05 23:00:00,6094.5,6150.5,6039.77,0.919,0.898,0.4943,4,2,BULLISH,23,down,3186,,ESH5
2025-02-06 23:00:00,6102.75,6114.82,6056.6,0.198,0.756,0.7927,3,2,BEARISH,23,up,701,,ESH5
2025-02-09 23:00:00,6066.25,6110.41,6049.52,0.728,0.276,0.2748,3,2,BULLISH,23,down,3875,,ESH5
2025-02-10 23:00:00,6073.75,6120.37,6056.03,0.768,0.292,0.2754,3,2,BULLISH,23,down,2271,,ESH5
2025-02-11 23:00:00,6088.0,6126.53,6053.65,0.633,0.564,0.4713,3,2,BULLISH,23,down,621,,ESH5
2025-02-12 23:00:00,6087.5,6116.48,6018.72,0.476,1.13,0.7036,3,2,BULLISH,23,up,1356,,ESH5
2025-02-13 23:00:00,6143.25,6192.44,6048.23,0.801,1.547,0.6589,4,2,BULLISH,23,down,10405,,ESH5
2025-02-16 23:00:00,6141.5,6144.91,6044.71,0.056,1.576,0.966,3,2,BULLISH,23,up,61,,ESH5
2025-02-18 23:00:00,6156.0,6200.93,6058.27,0.73,1.588,0.6851,4,2,BULLISH,23,down,5697,,ESH5
2025-02-19 23:00:00,6147.0,6188.35,6101.07,0.673,0.747,0.5262,3,1,BULLISH,23,down,3017,,ESH5
2025-02-20 23:00:00,6133.25,6178.12,6127.9,0.732,0.087,0.1065,3,1,BEARISH,23,down,264,,ESH5
2025-03-24 22:00:00,5811.75,5868.85,5765.75,0.982,0.791,0.4462,2,1,BULLISH,22,down,2694,,ESM5
2025-03-25 22:00:00,5831.0,5863.31,5754.43,0.554,1.313,0.7033,2,1,BULLISH,22,down,1147,,ESM5
2025-03-26 22:00:00,5754.5,5847.71,5727.33,1.62,0.472,0.2257,2,1,BULLISH,22,down,787,,ESM5
2025-03-27 22:00:00,5739.25,5836.71,5723.04,1.698,0.282,0.1426,2,1,BEARISH,22,down,364,,ESM5
2025-04-01 22:00:00,5670.0,5767.13,5637.5,1.713,0.573,0.2507,2,1,BULLISH,22,down,641,,ESM5
2025-04-24 22:00:00,5531.5,5832.29,5479.99,5.438,0.931,0.1462,3,2,BULLISH,22,down,5960,,ESM5
2025-04-27 22:00:00,5524.5,5820.56,5465.45,5.359,1.069,0.1663,3,2,BULLISH,22,down,4238,,ESM5
2025-04-28 22:00:00,5568.5,5810.59,5491.42,4.347,1.384,0.2415,3,1,BULLISH,22,down,2479,,ESM5
2025-04-29 22:00:00,5558.75,5802.43,5459.73,4.384,1.781,0.2889,3,1,BULLISH,22,down,871,,ESM5
2025-04-30 22:00:00,5641.25,5777.07,5419.11,2.408,3.938,0.6206,3,2,BULLISH,22,up,12673,,ESM5
2025-05-01 22:00:00,5660.75,5778.99,5427.96,2.089,4.112,0.6632,3,2,BULLISH,22,up,10863,,ESM5
2025-05-04 22:00:00,5661.25,5786.06,5441.07,2.205,3.889,0.6382,3,1,BULLISH,22,up,9063,,ESM5
2025-05-05 22:00:00,5658.5,5773.57,5454.78,2.034,3.6,0.639,3,1,BULLISH,22,up,7452,,ESM5
2025-05-06 22:00:00,5666.25,5738.4,5446.74,1.273,3.874,0.7526,3,1,BULLISH,22,up,2934,,ESM5
2025-05-07 22:00:00,5672.75,5740.06,5453.24,1.187,3.87,0.7653,3,1,BULLISH,22,up,1154,,ESM5
2025-05-08 22:00:00,5684.25,5733.44,5464.88,0.865,3.859,0.8168,3,1,BULLISH,22,up,1424,,ESM5
2025-05-11 22:00:00,5754.5,6052.3,5614.44,5.175,2.434,0.3199,4,3,BULLISH,22,censored,,horizon,ESM5
2025-05-12 22:00:00,5851.0,6121.29,5683.22,4.62,2.868,0.383,4,3,BULLISH,22,censored,,horizon,ESM5
2025-05-13 22:00:00,5904.0,6128.11,5691.52,3.796,3.599,0.4867,4,3,BULLISH,22,censored,,horizon,ESM5
2025-05-14 22:00:00,5897.0,6127.12,5691.62,3.902,3.483,0.4716,4,3,BULLISH,22,censored,,horizon,ESM5
2025-05-15 22:00:00,5926.75,6074.48,5626.25,2.493,5.07,0.6704,4,3,BULLISH,22,censored,,horizon,ESM5
2025-05-18 22:00:00,5927.0,6121.7,5677.05,3.285,4.217,0.5621,4,3,BULLISH,22,censored,,horizon,ESM5
2025-05-19 22:00:00,5968.5,6124.74,5684.01,2.618,4.767,0.6455,4,3,BULLISH,22,censored,,horizon,ESM5
2025-05-20 22:00:00,5947.5,6123.21,5685.89,2.954,4.399,0.5982,4,3,BULLISH,22,censored,,horizon,ESM5
2025-05-21 22:00:00,5863.75,6114.48,5678.31,4.276,3.162,0.4252,4,3,BULLISH,22,censored,,horizon,ESM5
2025-05-22 22:00:00,5857.5,6120.52,5760.94,4.49,1.648,0.2685,4,1,BULLISH,22,down,929,,ESM5
2025-05-25 22:00:00,5871.0,5952.07,5473.85,1.381,6.765,0.8305,4,3,BULLISH,22,up,4240,,ESM5
2025-05-27 22:00:00,5934.25,6102.99,5630.6,2.843,5.117,0.6428,4,3,BULLISH,22,censored,,horizon,ESM5
2025-05-28 22:00:00,5998.25,6089.63,5617.7,1.523,6.344,0.8064,4,3,BULLISH,22,censored,,horizon,ESM5
2025-05-29 22:00:00,5910.0,6091.79,5670.94,3.076,4.045,0.568,4,1,BULLISH,22,censored,,horizon,ESM5
2025-06-01 22:00:00,5896.75,6090.12,5692.43,3.279,3.465,0.5138,4,1,BULLISH,22,censored,,horizon,ESM5
2025-06-02 22:00:00,5933.5,6091.51,5728.85,2.663,3.449,0.5643,4,1,BULLISH,22,censored,,horizon,ESM5
2025-06-03 22:00:00,5978.0,6094.29,5772.83,1.945,3.432,0.6382,4,1,BULLISH,22,censored,,horizon,ESM5
2025-06-04 22:00:00,5978.75,6096.21,5835.36,1.965,2.398,0.5497,4,1,BULLISH,22,censored,,horizon,ESM5
2025-06-05 22:00:00,5955.0,6091.88,5852.51,2.299,1.721,0.4282,4,1,BULLISH,22,censored,,horizon,ESM5
2025-06-08 22:00:00,5997.75,6094.92,5885.25,1.62,1.876,0.5366,4,1,BULLISH,22,censored,,horizon,ESM5
2025-06-09 22:00:00,6038.0,6095.75,5900.99,0.956,2.269,0.7035,4,1,BULLISH,22,censored,,horizon,ESM5
2025-06-10 22:00:00,6029.5,6098.86,5927.69,1.15,1.689,0.5948,4,1,BULLISH,22,down,35003,,ESM5
2025-06-11 22:00:00,6005.75,6097.19,5935.17,1.523,1.175,0.4356,4,1,BULLISH,22,down,21973,,ESM5
2025-06-12 22:00:00,5963.0,5972.35,5780.3,0.157,3.064,0.9513,1,2,BULLISH,22,up,5295,,ESM5
2025-06-15 22:00:00,5988.0,6093.57,5980.69,1.763,0.122,0.0648,4,1,BULLISH,22,censored,,roll,ESM5
2025-06-16 22:00:00,6066.0,6104.75,6025.27,0.639,0.671,0.5125,4,1,BULLISH,22,down,24499,,ESU5
2025-06-17 22:00:00,6041.75,6050.29,5856.22,0.141,3.071,0.956,1,2,BULLISH,22,up,1410,,ESU5
2025-06-18 22:00:00,6013.25,6060.28,5873.17,0.782,2.33,0.7487,1,2,BULLISH,22,up,10553,,ESU5
2025-06-22 22:00:00,5997.25,6068.54,5885.37,1.189,1.866,0.6108,1,2,BULLISH,22,up,1144,,ESU5
2025-06-23 22:00:00,6114.5,6197.48,6104.82,1.357,0.158,0.1045,5,1,BULLISH,22,down,9,,ESU5
2025-06-24 22:00:00,6142.0,6204.27,6107.86,1.014,0.556,0.3541,5,4,BULLISH,22,up,2857,,ESU5
2025-06-25 22:00:00,6146.5,6159.04,6104.15,0.204,0.689,0.7715,1,4,BULLISH,22,up,290,,ESU5
2025-06-26 22:00:00,6197.5,6201.48,6167.08,0.064,0.491,0.8843,5,1,BULLISH,22,up,33,,ESU5
2025-07-03 22:00:00,6315.25,6325.97,6256.12,0.17,0.936,0.8465,1,5,BULLISH,22,down,2282,,ESU5
2025-07-07 22:00:00,6272.0,6275.19,6242.11,0.051,0.477,0.9036,2,5,BULLISH,22,up,18,,ESU5
2025-07-08 22:00:00,6268.5,6288.21,6242.69,0.314,0.412,0.567,2,5,BULLISH,22,up,652,,ESU5
2025-07-09 22:00:00,6294.0,6310.7,6250.48,0.265,0.691,0.7227,2,5,BULLISH,22,up,595,,ESU5
2025-07-10 22:00:00,6299.5,6306.3,6201.47,0.108,1.556,0.9351,5,4,BULLISH,22,up,73,,ESU5
2025-07-13 22:00:00,6272.5,6386.83,6262.23,1.823,0.164,0.0824,2,5,BULLISH,22,down,252,,ESU5
2025-07-14 22:00:00,6329.5,6396.14,6270.83,1.053,0.927,0.4682,2,5,BULLISH,22,down,1342,,ESU5
2025-07-15 22:00:00,6277.25,6405.0,6272.47,2.035,0.076,0.0361,1,5,BULLISH,22,down,46,,ESU5
2025-07-16 22:00:00,6291.5,6416.84,6275.0,1.992,0.262,0.1163,2,5,BULLISH,22,up,8806,,ESU5
2025-07-17 22:00:00,6346.5,6442.32,6288.13,1.51,0.92,0.3786,1,5,BULLISH,22,up,8936,,ESU5
2025-07-20 22:00:00,6341.75,6440.15,6286.79,1.552,0.867,0.3584,1,5,BULLISH,22,up,7446,,ESU5
2025-07-21 22:00:00,6351.5,6443.76,6292.02,1.453,0.936,0.392,1,5,BULLISH,22,up,5914,,ESU5
2025-07-22 22:00:00,6360.75,6445.86,6296.45,1.338,1.011,0.4304,1,5,BULLISH,22,up,4354,,ESU5
2025-07-23 22:00:00,6404.75,6457.6,6303.63,0.825,1.579,0.6568,1,5,BULLISH,22,up,3308,,ESU5
2025-07-24 22:00:00,6416.75,6467.3,6308.83,0.788,1.682,0.681,1,5,BULLISH,22,up,6657,,ESU5
2025-07-27 22:00:00,6449.75,6475.55,6315.21,0.4,2.086,0.8391,1,5,BULLISH,22,down,7015,,ESU5
2025-07-28 22:00:00,6427.25,6501.53,6326.04,1.156,1.575,0.5767,1,5,BEARISH,22,down,5479,,ESU5
2025-07-29 22:00:00,6412.75,6497.9,6323.52,1.328,1.391,0.5117,1,5,BEARISH,22,down,3923,,ESU5
2025-07-30 22:00:00,6450.5,6503.9,6328.09,0.828,1.898,0.6963,1,5,BEARISH,22,down,2252,,ESU5
2025-07-31 22:00:00,6365.5,6507.43,6332.96,2.23,0.511,0.1865,1,5,BEARISH,22,down,354,,ESU5
2025-08-03 22:00:00,6282.75,6325.83,6207.99,0.686,1.19,0.6344,5,4,BEARISH,22,up,798,,ESU5
2025-08-04 22:00:00,6365.25,6490.54,6341.89,1.968,0.367,0.1571,1,5,BEARISH,22,down,825,,ESU5
2025-08-05 22:00:00,6334.25,6472.77,6219.42,2.187,1.813,0.4532,1,4,BEARISH,22,up,8402,,ESU5
2025-08-06 22:00:00,6388.0,6472.51,6345.53,1.323,0.665,0.3345,1,5,BEARISH,22,down,1158,,ESU5
2025-08-07 22:00:00,6384.0,6458.55,6347.6,1.168,0.57,0.3281,1,5,BEARISH,22,up,4462,,ESU5
2025-08-10 22:00:00,6427.75,6452.92,6355.4,0.392,1.126,0.7419,1,5,BEARISH,22,up,2691,,ESU5
2025-08-11 22:00:00,6404.5,6525.44,6363.33,1.888,0.643,0.254,2,1,BEARISH,22,down,11530,,ESU5
2025-08-12 22:00:00,6462.0,6570.79,6398.79,1.684,0.978,0.3675,2,1,BEARISH,22,down,9477,,ESU5
2025-08-14 22:00:00,6498.5,6504.63,6397.35,0.094,1.557,0.9429,2,1,BEARISH,22,up,141,,ESU5
2025-08-17 22:00:00,6484.0,6507.7,6392.88,0.366,1.405,0.7936,2,1,BEARISH,22,down,4344,,ESU5
2025-08-18 22:00:00,6464.0,6513.98,6400.81,0.773,0.978,0.5584,2,1,BEARISH,22,down,2587,,ESU5
2025-08-19 22:00:00,6418.0,6512.49,6396.01,1.472,0.343,0.1888,2,1,BEARISH,22,down,864,,ESU5
2025-08-20 22:00:00,6416.5,6531.81,6410.84,1.797,0.088,0.0468,2,1,BEARISH,22,down,190,,ESU5
2025-08-21 22:00:00,6390.0,6436.46,6348.66,0.727,0.647,0.4708,2,5,BEARISH,22,up,906,,ESU5
2025-08-24 22:00:00,6474.5,6487.09,6394.89,0.194,1.23,0.8634,2,5,BEARISH,22,up,3357,,ESU5
2025-08-25 22:00:00,6443.75,6455.81,6382.04,0.187,0.958,0.8365,2,5,BEARISH,22,up,790,,ESU5
2025-09-02 22:00:00,6433.5,6471.27,6409.52,0.587,0.373,0.3883,2,5,BEARISH,22,up,2463,,ESU5
2025-10-07 22:00:00,6768.25,6792.06,6715.47,0.352,0.78,0.6891,1,3,BULLISH,22,up,804,,ESZ5
2025-10-08 22:00:00,6798.5,6828.82,6729.99,0.446,1.008,0.6932,1,3,BULLISH,22,down,2494,,ESZ5
2025-10-09 22:00:00,6791.5,6832.66,6617.32,0.606,2.565,0.8089,3,5,BEARISH,22,down,1830,,ESZ5
2025-10-12 22:00:00,6682.5,6765.7,6546.45,1.245,2.036,0.6205,3,5,BEARISH,22,up,4196,,ESZ5
2025-10-13 22:00:00,6711.0,6789.34,6561.35,1.167,2.23,0.6564,3,5,BEARISH,22,up,9797,,ESZ5
2025-10-14 22:00:00,6694.75,6794.63,6561.77,1.492,1.986,0.5711,3,5,BEARISH,22,up,12169,,ESZ5
2025-10-15 22:00:00,6713.5,6941.75,6667.03,3.4,0.692,0.1692,3,5,BEARISH,22,down,1046,,ESZ5
2025-10-16 22:00:00,6649.25,6851.65,6575.87,3.044,1.104,0.2661,3,5,BEARISH,22,down,386,,ESZ5
2025-10-19 22:00:00,6712.25,6828.91,6558.28,1.738,2.294,0.5689,3,5,BEARISH,22,up,7062,,ESZ5
2025-10-20 22:00:00,6781.0,6872.29,6592.84,1.346,2.775,0.6733,3,5,BEARISH,22,up,6166,,ESZ5
2025-10-21 22:00:00,6773.0,6882.67,6595.97,1.619,2.614,0.6175,3,5,BEARISH,22,up,4637,,ESZ5
2025-10-22 22:00:00,6747.75,6825.86,6551.37,1.158,2.91,0.7154,3,5,BEARISH,22,up,2216,,ESZ5
2025-10-23 22:00:00,6784.5,6829.18,6587.76,0.659,2.9,0.8149,1,5,BULLISH,22,up,657,,ESZ5
2025-10-26 22:00:00,6870.0,6880.86,6822.42,0.158,0.693,0.8142,3,1,BULLISH,22,up,106,,ESZ5
2025-10-29 22:00:00,6935.75,6957.53,6905.46,0.314,0.437,0.5817,3,2,BULLISH,22,down,189,,ESZ5
2025-10-30 22:00:00,6904.0,6950.99,6839.02,0.681,0.941,0.5803,3,1,BULLISH,22,down,3436,,ESZ5
2025-11-02 23:00:00,6886.0,6916.04,6837.53,0.436,0.704,0.6174,2,1,BULLISH,23,down,1722,,ESZ5
2025-11-03 23:00:00,6852.5,6934.97,6641.44,1.204,3.08,0.719,2,5,BEARISH,23,down,18588,,ESZ5
2025-11-04 23:00:00,6794.5,6840.04,6639.4,0.67,2.283,0.773,1,5,BEARISH,23,up,923,,ESZ5
2025-11-05 23:00:00,6822.25,6843.79,6648.68,0.316,2.544,0.8896,1,5,BEARISH,23,up,5163,,ESZ5
2025-11-06 23:00:00,6742.0,6822.5,6644.96,1.194,1.439,0.5466,1,5,BEARISH,23,up,2472,,ESZ5
2025-11-09 23:00:00,6799.75,6815.56,6649.81,0.233,2.205,0.9046,1,5,BULLISH,23,up,338,,ESZ5
2025-11-10 23:00:00,6861.0,6901.64,6799.88,0.592,0.891,0.6006,2,1,BULLISH,23,down,4225,,ESZ5
2025-11-11 23:00:00,6882.75,6908.57,6814.92,0.375,0.986,0.7243,2,1,BULLISH,23,down,2549,,ESZ5
2025-11-12 23:00:00,6883.5,6915.15,6812.63,0.46,1.03,0.6913,2,1,BEARISH,23,down,847,,ESZ5
2025-11-13 23:00:00,6766.25,6797.2,6669.64,0.457,1.428,0.7574,1,5,BEARISH,23,up,2270,,ESZ5
2025-11-16 23:00:00,6783.5,6815.28,6687.36,0.468,1.417,0.7516,1,5,BEARISH,23,down,1218,,ESZ5
2025-11-17 23:00:00,6673.25,6690.92,6606.87,0.265,0.995,0.7898,5,4,BEARISH,23,down,1015,,ESZ5
2025-11-18 23:00:00,6629.75,6673.12,6588.13,0.654,0.628,0.4897,5,4,BEARISH,23,up,948,,ESZ5
2025-11-19 23:00:00,6745.5,6832.87,6714.7,1.295,0.457,0.2606,1,5,BEARISH,23,down,1263,,ESZ5
2025-11-23 23:00:00,6655.25,6689.16,6605.24,0.51,0.751,0.5959,5,4,BEARISH,23,up,1055,,ESZ5
2025-11-24 23:00:00,6715.75,6809.11,6684.7,1.39,0.462,0.2496,2,5,BEARISH,23,down,839,,ESZ5
2025-11-25 23:00:00,6799.5,6818.85,6707.26,0.285,1.357,0.8266,2,5,BULLISH,23,up,841,,ESZ5
2025-11-26 23:00:00,6828.5,6985.11,6792.54,2.293,0.527,0.1867,3,2,BULLISH,23,censored,,horizon,ESZ5
2025-11-30 23:00:00,6814.0,7002.65,6808.88,2.769,0.075,0.0264,3,2,BULLISH,23,down,66,,ESZ5
2025-12-01 23:00:00,6823.75,6995.95,6795.24,2.524,0.418,0.142,3,2,BULLISH,23,censored,,horizon,ESZ5
2025-12-02 23:00:00,6855.25,7001.39,6797.65,2.132,0.84,0.2827,3,2,BULLISH,23,censored,,horizon,ESZ5
2025-12-03 23:00:00,6860.25,7005.41,6836.91,2.116,0.34,0.1385,3,1,BULLISH,23,down,1535,,ESZ5
2025-12-04 23:00:00,6878.75,6989.06,6840.24,1.604,0.56,0.2588,3,1,BULLISH,23,down,5875,,ESZ5
2025-12-07 23:00:00,6888.75,7000.44,6838.8,1.621,0.725,0.309,3,1,BULLISH,23,down,2695,,ESZ5
2025-12-08 23:00:00,6862.75,6999.22,6845.18,1.989,0.256,0.1141,3,1,BULLISH,23,down,857,,ESZ5
2025-12-09 23:00:00,6847.5,7000.39,6814.79,2.233,0.478,0.1762,3,2,BULLISH,23,down,39006,,ESZ5
2025-12-10 23:00:00,6834.25,6988.72,6810.43,2.26,0.349,0.1336,3,2,BULLISH,23,down,27854,,ESZ5
2025-12-11 23:00:00,6906.25,7003.21,6825.77,1.404,1.165,0.4536,3,2,BULLISH,23,down,9548,,ESZ5
2025-12-14 23:00:00,6905.75,7004.39,6814.38,1.428,1.323,0.4809,3,2,BEARISH,23,censored,,roll,ESH6
2025-12-15 23:00:00,6850.5,7003.93,6807.95,2.24,0.621,0.2171,3,2,BULLISH,23,down,38715,,ESH6
2025-12-16 23:00:00,6852.0,7011.05,6827.1,2.321,0.363,0.1354,3,1,BEARISH,23,down,10244,,ESH6
2025-12-17 23:00:00,6780.75,6790.07,6690.77,0.137,1.327,0.9061,2,4,BEARISH,23,up,1177,,ESH6
2025-12-18 23:00:00,6835.0,6959.68,6802.15,1.824,0.481,0.2085,3,1,BULLISH,23,up,5988,,ESH6
2025-12-21 23:00:00,6906.25,6963.24,6797.46,0.825,1.575,0.6562,3,1,BULLISH,23,up,2843,,ESH6
2025-12-22 23:00:00,6930.25,6975.18,6827.72,0.648,1.479,0.6953,3,1,BULLISH,23,up,2428,,ESH6
2025-12-23 23:00:00,6955.0,6979.74,6844.59,0.356,1.587,0.8169,3,1,BULLISH,23,up,820,,ESH6
2025-12-25 23:00:00,6981.25,6988.25,6876.32,0.1,1.503,0.9375,3,1,BULLISH,23,up,657,,ESH6
2025-12-28 23:00:00,6977.75,6997.26,6902.96,0.28,1.072,0.7931,3,1,BULLISH,23,down,4228,,ESH6
2025-12-29 23:00:00,6953.5,6993.99,6904.49,0.582,0.705,0.5476,3,1,BULLISH,23,down,2647,,ESH6
2025-12-30 23:00:00,6935.5,6998.13,6912.17,0.903,0.336,0.2714,3,1,BULLISH,23,down,1090,,ESH6
2026-01-01 23:00:00,6923.25,6991.81,6911.06,0.99,0.176,0.151,3,1,BULLISH,23,down,761,,ESH6
2026-01-04 23:00:00,6907.25,6962.94,6858.54,0.806,0.705,0.4666,3,1,BULLISH,23,up,898,,ESH6
2026-01-05 23:00:00,6951.5,6987.97,6914.49,0.525,0.532,0.5037,3,2,BULLISH,23,up,1029,,ESH6
2026-01-06 23:00:00,6986.25,7018.83,6975.01,0.466,0.161,0.2565,3,1,BULLISH,23,down,1114,,ESH6
2026-01-07 23:00:00,6955.0,6977.07,6931.77,0.317,0.334,0.5128,1,2,BULLISH,23,up,1263,,ESH6
2026-01-08 23:00:00,6961.25,6995.15,6949.98,0.487,0.162,0.2495,3,1,BULLISH,23,up,788,,ESH6
2026-01-11 23:00:00,6967.25,6987.81,6938.0,0.295,0.42,0.5872,1,2,BULLISH,23,up,705,,ESH6
2026-01-12 23:00:00,7007.25,7016.58,6933.43,0.133,1.053,0.8878,3,2,BULLISH,23,up,592,,ESH6
2026-01-13 23:00:00,6999.0,7014.95,6930.46,0.228,0.979,0.8112,3,2,BULLISH,23,down,903,,ESH6
2026-01-14 23:00:00,6957.0,6970.04,6922.56,0.187,0.495,0.7254,1,2,BULLISH,23,up,140,,ESH6
2026-01-15 23:00:00,6999.25,7013.31,6982.24,0.201,0.243,0.5475,3,1,BULLISH,23,down,696,,ESH6
2026-01-18 23:00:00,6918.25,6992.0,6911.7,1.066,0.095,0.0816,2,5,BEARISH,23,down,206,,ESH6
2026-01-20 23:00:00,6849.0,6880.01,6801.54,0.453,0.693,0.6048,5,4,BEARISH,23,up,937,,ESH6
2026-01-21 23:00:00,6931.25,6960.47,6896.82,0.422,0.497,0.5409,2,5,BEARISH,23,up,713,,ESH6
2026-01-22 23:00:00,6956.75,6967.29,6902.89,0.152,0.774,0.8363,2,5,BEARISH,23,down,1368,,ESH6
