date,year,side,day_move_pts,atr14,entry_px,exit_px,gross_pts,pnl,cum_pnl,peak,drawdown
2021-04-09,2021,LONG,82.0,237.6,13771.25,13797.5,27.25,520.0,520.0,520.0,0.0
2021-04-13,2021,LONG,92.25,216.8,13970.25,13991.5,22.25,420.0,940.0,940.0,0.0
2021-04-14,2021,SHORT,-176.75,218.9,13803.0,13830.0,-26.0,-545.0,395.0,940.0,-545.0
2021-04-15,2021,LONG,72.25,211.7,14000.0,13985.5,-13.5,-295.0,100.0,940.0,-840.0
2021-04-19,2021,SHORT,-79.0,197.6,13885.25,13863.25,23.0,435.0,535.0,940.0,-405.0
2021-04-20,2021,SHORT,-130.5,200.2,13743.5,13786.5,-42.0,-865.0,-330.0,940.0,-1270.0
2021-04-21,2021,LONG,108.5,200.7,13855.25,13872.0,17.75,330.0,0.0,940.0,-940.0
2021-04-22,2021,SHORT,-139.5,195.4,13761.75,13736.25,26.5,505.0,505.0,940.0,-435.0
2021-04-23,2021,LONG,184.25,196.2,13962.0,13964.0,3.0,35.0,540.0,940.0,-400.0
2021-04-26,2021,LONG,87.5,191.5,14022.25,13994.5,-26.75,-560.0,-20.0,940.0,-960.0
2021-04-27,2021,SHORT,-66.25,193.6,13955.5,13962.75,-6.25,-150.0,-170.0,940.0,-1110.0
2021-04-29,2021,SHORT,-74.5,191.7,13969.25,13948.25,22.0,415.0,245.0,940.0,-695.0
2021-05-03,2021,SHORT,-102.0,198.1,13813.5,13799.25,15.25,280.0,525.0,940.0,-415.0
2021-05-04,2021,SHORT,-204.25,194.8,13478.5,13471.5,8.0,135.0,660.0,940.0,-280.0
2021-05-05,2021,SHORT,-86.5,205.9,13541.5,13478.75,63.75,1250.0,1910.0,1910.0,0.0
2021-05-10,2021,SHORT,-265.0,210.5,13380.5,13393.75,-12.25,-270.0,1640.0,1910.0,-270.0
2021-05-11,2021,LONG,217.25,223.7,13327.5,13356.25,29.75,570.0,2210.0,2210.0,0.0
2021-05-12,2021,SHORT,-97.25,229.8,13031.25,13003.25,29.0,555.0,2765.0,2765.0,0.0
2021-05-14,2021,LONG,184.75,245.0,13417.0,13402.75,-13.25,-290.0,2475.0,2765.0,-290.0
2021-05-19,2021,LONG,163.75,277.0,13148.5,13210.5,63.0,1235.0,3710.0,3710.0,0.0
2021-05-20,2021,LONG,213.5,280.1,13507.25,13521.75,15.5,285.0,3995.0,3995.0,0.0
2021-05-21,2021,SHORT,-109.5,296.8,13440.75,13447.75,-6.0,-145.0,3850.0,3995.0,-145.0
2021-05-24,2021,LONG,170.0,296.8,13680.0,13670.0,-9.0,-205.0,3645.0,3995.0,-350.0
2021-06-04,2021,LONG,165.0,200.0,13774.75,13766.75,-7.0,-165.0,3480.0,3995.0,-515.0
2021-06-10,2021,LONG,125.75,165.7,13957.5,13946.0,-10.5,-235.0,3245.0,3995.0,-750.0
2021-06-14,2021,LONG,48.0,150.4,14055.5,14066.0,11.5,205.0,3450.0,3995.0,-545.0
2021-06-15,2021,SHORT,-87.25,153.0,14020.75,14015.0,6.75,110.0,3560.0,3995.0,-435.0
2021-06-16,2021,SHORT,-133.75,159.3,13913.75,13994.5,-79.75,-1620.0,1940.0,3995.0,-2055.0
2021-06-17,2021,LONG,229.75,172.0,14165.5,14184.5,20.0,375.0,2315.0,3995.0,-1680.0
2021-06-21,2021,LONG,75.0,192.0,14128.0,14109.75,-17.25,-370.0,1945.0,3995.0,-2050.0
2021-06-22,2021,LONG,117.75,192.3,14238.0,14274.0,37.0,715.0,2660.0,3995.0,-1335.0
2021-06-28,2021,LONG,109.75,173.9,14505.0,14509.75,5.75,90.0,2750.0,3995.0,-1245.0
2021-07-02,2021,LONG,61.25,168.1,14689.75,14705.0,16.25,300.0,3050.0,3995.0,-945.0
2021-07-07,2021,SHORT,-56.25,165.2,14814.5,14801.0,14.5,265.0,3315.0,3995.0,-680.0
2021-07-08,2021,LONG,114.75,149.8,14709.0,14693.0,-15.0,-325.0,2990.0,3995.0,-1005.0
2021-07-09,2021,LONG,127.25,156.5,14822.0,14814.5,-6.5,-155.0,2835.0,3995.0,-1160.0
2021-07-13,2021,LONG,50.75,148.6,14903.25,14875.25,-27.0,-565.0,2270.0,3995.0,-1725.0
2021-07-15,2021,SHORT,-115.5,157.7,14776.75,14770.25,7.5,125.0,2395.0,3995.0,-1600.0
2021-07-16,2021,SHORT,-123.25,171.1,14703.5,14684.75,19.75,370.0,2765.0,3995.0,-1230.0
2021-07-20,2021,LONG,160.25,183.9,14753.75,14774.75,22.0,415.0,3180.0,3995.0,-815.0
2021-07-21,2021,LONG,85.75,198.1,14787.5,14793.0,6.5,105.0,3285.0,3995.0,-710.0
2021-07-22,2021,LONG,83.0,200.4,14924.25,14927.25,4.0,55.0,3340.0,3995.0,-655.0
2021-07-23,2021,LONG,115.25,191.8,15102.25,15094.25,-7.0,-165.0,3175.0,3995.0,-820.0
2021-07-27,2021,SHORT,-185.5,186.2,14920.5,14911.5,10.0,175.0,3350.0,3995.0,-645.0
2021-07-29,2021,LONG,70.5,195.2,15053.75,15033.5,-19.25,-410.0,2940.0,3995.0,-1055.0
2021-07-30,2021,LONG,85.0,191.5,14953.5,14948.5,-4.0,-105.0,2835.0,3995.0,-1160.0
2021-08-10,2021,SHORT,-91.75,158.9,15052.25,15050.0,3.25,40.0,2875.0,3995.0,-1120.0
2021-08-11,2021,SHORT,-84.75,158.8,15013.75,15020.75,-6.0,-145.0,2730.0,3995.0,-1265.0
2021-08-12,2021,LONG,76.0,162.5,15076.25,15082.0,6.75,110.0,2840.0,3995.0,-1155.0
2021-08-19,2021,LONG,161.25,155.6,14935.5,14970.75,36.25,700.0,3540.0,3995.0,-455.0
2021-08-20,2021,LONG,92.25,164.2,15064.5,15082.0,18.5,345.0,3885.0,3995.0,-110.0
2021-08-23,2021,LONG,206.25,173.1,15333.5,15320.25,-12.25,-270.0,3615.0,3995.0,-380.0
2021-08-27,2021,LONG,132.5,170.6,15434.75,15437.25,3.5,45.0,3660.0,3995.0,-335.0
2021-08-30,2021,LONG,161.75,173.2,15616.5,15609.75,-5.75,-140.0,3520.0,3995.0,-475.0
2021-09-02,2021,SHORT,-69.75,173.9,15599.25,15586.75,13.5,245.0,3765.0,3995.0,-230.0
2021-09-03,2021,LONG,98.25,177.0,15654.5,15654.0,0.5,-15.0,3750.0,3995.0,-245.0
2021-09-08,2021,SHORT,-62.5,157.5,15603.0,15605.25,-1.25,-50.0,3700.0,3995.0,-295.0
2021-09-10,2021,SHORT,-95.0,138.9,15534.5,15475.5,60.0,1175.0,4875.0,4875.0,0.0
2021-09-13,2021,SHORT,-164.25,137.6,15373.0,15418.25,-44.25,-910.0,3965.0,4875.0,-910.0
2021-09-14,2021,SHORT,-107.75,148.4,15382.25,15351.0,32.25,620.0,4585.0,4875.0,-290.0
2021-09-15,2021,LONG,71.75,157.3,15477.25,15498.5,22.25,420.0,5005.0,5005.0,0.0
2021-09-16,2021,LONG,51.5,164.5,15494.5,15497.0,3.5,45.0,5050.0,5050.0,0.0
2021-09-17,2021,SHORT,-176.75,164.2,15308.75,15299.5,10.25,180.0,5230.0,5230.0,0.0
2021-09-20,2021,SHORT,-237.75,168.3,14838.0,14875.75,-36.75,-760.0,4470.0,5230.0,-760.0
2021-09-23,2021,LONG,119.25,214.9,15330.5,15318.75,-10.75,-240.0,4230.0,5230.0,-1000.0
2021-09-24,2021,LONG,96.0,218.5,15303.0,15306.5,4.5,65.0,4295.0,5230.0,-935.0
2021-09-28,2021,SHORT,-155.75,229.9,14839.75,14803.5,37.25,720.0,5015.0,5230.0,-215.0
2021-10-04,2021,SHORT,-254.75,259.5,14450.0,14408.25,42.75,830.0,5845.0,5845.0,0.0
2021-10-05,2021,LONG,226.5,280.1,14732.75,14705.5,-26.25,-550.0,5295.0,5845.0,-550.0
2021-10-06,2021,LONG,182.25,289.9,14705.25,14717.5,13.25,240.0,5535.0,5845.0,-310.0
2021-10-12,2021,SHORT,-89.75,279.4,14670.25,14668.25,3.0,35.0,5570.0,5845.0,-275.0
2021-10-14,2021,LONG,120.0,274.6,15039.5,15030.75,-7.75,-180.0,5390.0,5845.0,-455.0
2021-10-18,2021,LONG,189.5,269.3,15266.5,15279.5,14.0,255.0,5645.0,5845.0,-200.0
2021-10-21,2021,LONG,94.0,243.4,15441.0,15469.25,29.25,560.0,6205.0,6205.0,0.0
2021-10-22,2021,SHORT,-75.75,236.4,15345.0,15336.0,10.0,175.0,6380.0,6380.0,0.0
2021-10-25,2021,LONG,112.25,216.6,15518.25,15514.75,-2.5,-75.0,6305.0,6380.0,-75.0
2021-10-27,2021,LONG,111.25,199.2,15682.0,15640.75,-40.25,-830.0,5475.0,6380.0,-905.0
2021-10-28,2021,LONG,72.5,197.5,15741.0,15738.0,-2.0,-65.0,5410.0,6380.0,-970.0
2021-10-29,2021,LONG,155.75,195.7,15786.25,15784.75,-0.5,-35.0,5375.0,6380.0,-1005.0
2021-11-02,2021,LONG,83.75,194.6,15949.5,15953.75,5.25,80.0,5455.0,6380.0,-925.0
2021-11-03,2021,LONG,102.25,189.3,16086.0,16099.25,14.25,260.0,5715.0,6380.0,-665.0
2021-11-04,2021,LONG,149.0,184.3,16329.0,16330.0,2.0,15.0,5730.0,6380.0,-650.0
2021-11-09,2021,SHORT,-158.25,186.7,16216.25,16196.75,20.5,385.0,6115.0,6380.0,-265.0
2021-11-10,2021,SHORT,-176.5,194.1,15925.75,15979.75,-53.0,-1085.0,5030.0,6380.0,-1350.0
2021-11-11,2021,SHORT,-63.0,205.8,16039.5,16029.75,10.75,190.0,5220.0,6380.0,-1160.0
2021-11-12,2021,LONG,103.25,202.1,16174.0,16197.0,24.0,455.0,5675.0,6380.0,-705.0
2021-11-15,2021,SHORT,-66.0,199.7,16170.5,16193.25,-21.75,-460.0,5215.0,6380.0,-1165.0
2021-11-16,2021,LONG,151.75,199.4,16309.25,16302.5,-5.75,-140.0,5075.0,6380.0,-1305.0
2021-11-22,2021,SHORT,-67.75,189.3,16570.25,16549.5,21.75,410.0,5485.0,6380.0,-895.0
2021-11-23,2021,SHORT,-85.0,207.9,16247.0,16245.25,2.75,30.0,5515.0,6380.0,-865.0
2021-11-24,2021,LONG,126.5,214.3,16326.5,16353.75,28.25,540.0,6055.0,6380.0,-325.0
2021-11-29,2021,LONG,162.5,227.1,16402.75,16412.25,10.5,185.0,6240.0,6380.0,-140.0
2021-11-30,2021,SHORT,-204.0,241.1,16146.75,16120.75,27.0,515.0,6755.0,6755.0,0.0
2021-12-01,2021,SHORT,-207.5,244.5,16135.75,15978.75,158.0,3135.0,9890.0,9890.0,0.0
2021-12-02,2021,LONG,173.75,280.5,16001.5,15990.5,-10.0,-225.0,9665.0,9890.0,-225.0
2021-12-03,2021,SHORT,-477.75,288.1,15568.75,15607.0,-37.25,-770.0,8895.0,9890.0,-995.0
2021-12-06,2021,LONG,104.0,320.6,15838.0,15854.75,17.75,330.0,9225.0,9890.0,-665.0
2021-12-07,2021,LONG,177.25,333.6,16295.25,16265.0,-29.25,-610.0,8615.0,9890.0,-1275.0
2021-12-09,2021,SHORT,-132.25,365.2,16203.75,16170.25,34.5,665.0,9280.0,9890.0,-610.0
2021-12-13,2021,SHORT,-133.5,361.3,16192.5,16151.75,41.75,810.0,10090.0,10090.0,0.0
2021-12-16,2021,SHORT,-488.75,389.6,15829.75,15883.0,-52.25,-1070.0,9020.0,10090.0,-1070.0
2021-12-17,2021,LONG,151.25,409.2,15865.25,15836.75,-27.5,-575.0,8445.0,10090.0,-1645.0
2021-12-21,2021,LONG,211.0,400.5,15972.5,15940.25,-31.25,-650.0,7795.0,10090.0,-2295.0
2021-12-22,2021,LONG,152.75,387.1,16117.0,16119.75,3.75,50.0,7845.0,10090.0,-2245.0
2021-12-23,2021,LONG,152.75,386.6,16337.0,16314.25,-21.75,-460.0,7385.0,10090.0,-2705.0
2021-12-27,2021,LONG,194.75,359.9,16540.75,16536.75,-3.0,-85.0,7300.0,10090.0,-2790.0
2021-12-28,2021,SHORT,-107.5,354.3,16493.0,16498.25,-4.25,-110.0,7190.0,10090.0,-2900.0
2022-01-04,2022,SHORT,-285.75,309.2,16223.0,16286.25,-62.25,-1270.0,5920.0,10090.0,-4170.0
2022-01-05,2022,SHORT,-301.0,311.1,15898.0,15834.5,64.5,1265.0,7185.0,10090.0,-2905.0
2022-01-06,2022,LONG,127.25,307.7,15819.0,15802.75,-15.25,-330.0,6855.0,10090.0,-3235.0
2022-01-07,2022,SHORT,-118.5,281.5,15637.75,15613.75,25.0,475.0,7330.0,10090.0,-2760.0
2022-01-11,2022,LONG,245.25,295.4,15813.5,15818.75,6.25,100.0,7430.0,10090.0,-2660.0
2022-01-13,2022,SHORT,-324.75,290.5,15619.75,15582.75,38.0,735.0,8165.0,10090.0,-1925.0
2022-01-14,2022,LONG,108.25,312.7,15502.75,15562.0,60.25,1180.0,9345.0,10090.0,-745.0
2022-01-21,2022,SHORT,-234.5,386.7,14509.5,14464.75,45.75,890.0,10235.0,10235.0,0.0
2022-01-25,2022,LONG,170.75,439.7,14392.25,14217.5,-173.75,-3500.0,6735.0,10235.0,-3500.0
2022-01-26,2022,SHORT,-212.5,437.8,14251.75,14166.5,86.25,1700.0,8435.0,10235.0,-1800.0
2022-01-27,2022,SHORT,-323.0,468.3,14009.25,13997.25,13.0,235.0,8670.0,10235.0,-1565.0
2022-01-31,2022,LONG,322.5,492.4,14811.25,14768.75,-41.5,-855.0,7815.0,10235.0,-2420.0
2022-02-04,2022,LONG,237.0,504.5,14759.25,14776.25,18.0,335.0,8150.0,10235.0,-2085.0
2022-02-11,2022,SHORT,-435.25,472.9,14261.0,14259.75,2.25,20.0,8170.0,10235.0,-2065.0
2022-02-17,2022,SHORT,-224.5,402.1,14237.5,14197.5,41.0,795.0,8965.0,10235.0,-1270.0
2022-02-23,2022,SHORT,-406.75,403.3,13587.25,13579.75,8.5,145.0,9110.0,10235.0,-1125.0
2022-02-24,2022,LONG,699.25,415.7,13781.0,13812.5,32.5,625.0,9735.0,10235.0,-500.0
2022-03-01,2022,SHORT,-174.25,487.0,13998.25,13980.5,18.75,350.0,10085.0,10235.0,-150.0
2022-03-02,2022,LONG,171.5,496.6,14237.75,14262.5,25.75,490.0,10575.0,10575.0,0.0
2022-03-03,2022,SHORT,-295.25,491.8,14049.0,14043.5,6.5,105.0,10680.0,10680.0,0.0
2022-03-04,2022,SHORT,-186.5,480.3,13746.75,13789.0,-41.25,-850.0,9830.0,10680.0,-850.0
2022-03-07,2022,SHORT,-411.0,479.5,13423.5,13414.25,10.25,180.0,10010.0,10680.0,-670.0
2022-03-14,2022,SHORT,-166.25,527.6,13078.0,13073.75,5.25,80.0,10090.0,10680.0,-590.0
2022-03-15,2022,LONG,221.5,520.7,13376.5,13435.75,60.25,1180.0,11270.0,11270.0,0.0
2022-03-17,2022,LONG,187.75,488.8,14059.5,14052.0,-6.5,-155.0,11115.0,11270.0,-155.0
2022-03-18,2022,LONG,289.25,479.9,14335.25,14390.75,56.5,1105.0,12220.0,12220.0,0.0
2022-03-22,2022,LONG,252.5,458.8,14642.5,14640.75,-0.75,-40.0,12180.0,12220.0,-40.0
2022-03-24,2022,LONG,145.25,446.2,14670.0,14724.75,55.75,1090.0,13270.0,13270.0,0.0
2022-03-28,2022,LONG,186.0,423.6,14941.5,14946.25,5.75,90.0,13360.0,13360.0,0.0
2022-04-04,2022,LONG,234.25,344.4,15129.5,15141.25,12.75,230.0,13590.0,13590.0,0.0
2022-04-05,2022,SHORT,-235.25,331.7,14871.25,14822.75,49.5,965.0,14555.0,14555.0,0.0
2022-04-12,2022,SHORT,-247.0,328.0,13947.75,13901.75,47.0,915.0,15470.0,15470.0,0.0
2022-04-13,2022,LONG,251.5,339.6,14206.75,14244.0,38.25,740.0,16210.0,16210.0,0.0
2022-04-14,2022,SHORT,-282.5,340.3,13940.5,13932.75,8.75,150.0,16360.0,16360.0,0.0
2022-04-19,2022,LONG,282.0,346.5,14157.75,14217.25,60.5,1185.0,17545.0,17545.0,0.0
2022-04-20,2022,SHORT,-263.0,353.8,13983.0,14030.0,-46.0,-945.0,16600.0,17545.0,-945.0
2022-04-21,2022,SHORT,-413.5,360.3,13755.5,13763.25,-6.75,-160.0,16440.0,17545.0,-1105.0
2022-04-22,2022,SHORT,-325.75,380.1,13401.0,13435.0,-33.0,-685.0,15755.0,17545.0,-1790.0
2022-04-25,2022,LONG,147.75,394.8,13437.0,13475.75,39.75,770.0,16525.0,17545.0,-1020.0
2022-04-26,2022,SHORT,-247.75,394.4,13198.5,13076.25,123.25,2440.0,18965.0,18965.0,0.0
2022-04-28,2022,LONG,282.25,399.4,13492.5,13503.0,11.5,205.0,19170.0,19170.0,0.0
2022-04-29,2022,SHORT,-299.25,413.1,12986.0,12937.5,49.5,965.0,20135.0,20135.0,0.0
2022-05-04,2022,LONG,230.25,417.2,13344.25,13465.0,121.75,2410.0,22545.0,22545.0,0.0
2022-05-05,2022,SHORT,-523.0,440.5,12818.25,12722.75,96.5,1905.0,24450.0,24450.0,0.0
2022-05-09,2022,SHORT,-154.75,481.1,12297.75,12236.75,62.0,1215.0,25665.0,25665.0,0.0
2022-05-11,2022,SHORT,-199.75,494.8,12042.25,12017.0,26.25,500.0,26165.0,26165.0,0.0
2022-05-13,2022,LONG,217.0,495.8,12351.0,12421.5,71.5,1405.0,27570.0,27570.0,0.0
2022-05-18,2022,SHORT,-439.75,487.2,11926.25,11915.25,12.0,215.0,27785.0,27785.0,0.0
2022-05-20,2022,SHORT,-437.75,485.0,11590.0,11676.5,-85.5,-1735.0,26050.0,27785.0,-1735.0
2022-05-25,2022,LONG,252.0,482.0,11972.25,11990.5,19.25,360.0,26410.0,27785.0,-1375.0
2022-05-26,2022,LONG,394.25,447.8,12306.75,12255.5,-50.25,-1030.0,25380.0,27785.0,-2405.0
2022-05-27,2022,LONG,208.0,453.8,12615.5,12653.0,38.5,745.0,26125.0,27785.0,-1660.0
2022-06-02,2022,LONG,317.25,424.9,12818.5,12820.25,2.75,30.0,26155.0,27785.0,-1630.0
2022-06-06,2022,SHORT,-151.75,428.8,12587.0,12564.75,23.25,440.0,26595.0,27785.0,-1190.0
2022-06-07,2022,LONG,208.5,424.1,12666.5,12691.0,25.5,485.0,27080.0,27785.0,-705.0
2022-06-16,2022,SHORT,-232.5,391.0,11094.75,11164.0,-68.25,-1390.0,25690.0,27785.0,-2095.0
2022-06-17,2022,LONG,139.5,409.8,11330.5,11348.75,19.25,360.0,26050.0,27785.0,-1735.0
2022-06-21,2022,LONG,132.0,404.5,11614.75,11611.25,-2.5,-75.0,25975.0,27785.0,-1810.0
2022-06-22,2022,LONG,199.0,397.6,11671.0,11601.0,-69.0,-1405.0,24570.0,27785.0,-3215.0
2022-06-24,2022,LONG,205.0,384.8,12055.75,12054.25,-0.5,-35.0,24535.0,27785.0,-3250.0
2022-06-27,2022,SHORT,-140.25,398.6,12047.75,12047.0,1.75,10.0,24545.0,27785.0,-3240.0
2022-06-28,2022,SHORT,-347.5,394.0,11713.75,11709.5,5.25,80.0,24625.0,27785.0,-3160.0
2022-07-05,2022,LONG,302.25,370.5,11757.0,11791.25,35.25,680.0,25305.0,27785.0,-2480.0
2022-07-06,2022,LONG,112.25,369.6,11939.5,11955.5,17.0,315.0,25620.0,27785.0,-2165.0
2022-07-07,2022,LONG,215.5,331.4,12135.5,12141.5,7.0,115.0,25735.0,27785.0,-2050.0
2022-07-08,2022,LONG,161.0,336.0,12179.5,12156.75,-21.75,-460.0,25275.0,27785.0,-2510.0
2022-07-11,2022,SHORT,-144.5,330.0,11905.75,11899.0,7.75,130.0,25405.0,27785.0,-2380.0
2022-07-12,2022,SHORT,-114.5,331.3,11825.75,11752.0,74.75,1470.0,26875.0,27785.0,-910.0
2022-07-13,2022,LONG,296.5,322.7,11839.0,11790.25,-47.75,-980.0,25895.0,27785.0,-1890.0
2022-07-14,2022,LONG,161.75,336.9,11806.75,11824.5,18.75,350.0,26245.0,27785.0,-1540.0
2022-07-18,2022,SHORT,-197.75,326.6,11922.0,11919.75,3.25,40.0,26285.0,27785.0,-1500.0
2022-07-19,2022,LONG,193.25,312.9,12255.0,12259.75,5.75,90.0,26375.0,27785.0,-1410.0
2022-07-20,2022,LONG,165.0,329.3,12454.5,12496.75,43.25,840.0,27215.0,27785.0,-570.0
2022-07-21,2022,LONG,119.25,324.4,12603.0,12610.5,8.5,145.0,27360.0,27785.0,-425.0
2022-07-22,2022,SHORT,-221.0,326.3,12385.75,12427.5,-40.75,-840.0,26520.0,27785.0,-1265.0
2022-07-25,2022,SHORT,-132.25,328.3,12289.0,12279.25,10.75,190.0,26710.0,27785.0,-1075.0
2022-07-26,2022,SHORT,-173.75,314.5,12104.5,12099.75,5.75,90.0,26800.0,27785.0,-985.0
2022-07-27,2022,LONG,277.5,315.4,12583.5,12685.25,102.75,2030.0,28830.0,28830.0,0.0
2022-07-28,2022,LONG,130.0,327.3,12739.75,12747.25,8.5,145.0,28975.0,28975.0,0.0
2022-07-29,2022,LONG,155.5,331.3,12960.0,12990.5,31.5,605.0,29580.0,29580.0,0.0
2022-08-03,2022,LONG,285.75,310.3,13278.25,13271.75,-5.5,-135.0,29445.0,29580.0,-135.0
2022-08-08,2022,SHORT,-117.75,309.4,13145.0,13160.75,-14.75,-320.0,29125.0,29580.0,-455.0
2022-08-11,2022,SHORT,-169.75,312.6,13319.25,13319.75,0.5,-15.0,29110.0,29580.0,-470.0
2022-08-12,2022,LONG,139.5,307.9,13542.75,13561.75,20.0,375.0,29485.0,29580.0,-95.0
2022-08-15,2022,LONG,145.0,310.7,13680.25,13701.0,21.75,410.0,29895.0,29895.0,0.0
2022-08-19,2022,SHORT,-148.0,276.3,13250.5,13272.25,-20.75,-440.0,29455.0,29895.0,-440.0
2022-08-22,2022,SHORT,-176.5,279.8,12902.75,12906.5,-2.75,-80.0,29375.0,29895.0,-520.0
2022-08-26,2022,SHORT,-439.75,263.6,12705.25,12684.0,22.25,420.0,29795.0,29895.0,-100.0
2022-08-30,2022,SHORT,-257.75,281.0,12302.75,12353.0,-49.25,-1010.0,28785.0,29895.0,-1110.0
2022-08-31,2022,SHORT,-179.5,279.9,12296.5,12336.5,-39.0,-805.0,27980.0,29895.0,-1915.0
2022-09-02,2022,SHORT,-299.0,276.8,12103.75,12111.75,-7.0,-165.0,27815.0,29895.0,-2080.0
2022-09-06,2022,SHORT,-112.75,297.6,12022.5,12034.25,-10.75,-240.0,27575.0,29895.0,-2320.0
2022-09-07,2022,LONG,232.0,301.3,12273.25,12302.5,30.25,580.0,28155.0,29895.0,-1740.0
2022-09-09,2022,LONG,161.0,315.0,12578.0,12594.0,17.0,315.0,28470.0,29895.0,-1425.0
2022-09-13,2022,SHORT,-242.0,315.2,12214.0,12153.5,61.5,1205.0,29675.0,29895.0,-220.0
2022-09-19,2022,LONG,126.25,342.2,11947.25,12009.5,63.25,1240.0,30915.0,30915.0,0.0
2022-09-21,2022,LONG,112.0,331.1,12083.5,11851.5,-231.0,-4645.0,26270.0,30915.0,-4645.0
2022-09-23,2022,SHORT,-224.0,332.7,11234.75,11320.0,-84.25,-1710.0,24560.0,30915.0,-6355.0
2022-09-27,2022,SHORT,-128.25,333.1,11340.5,11311.75,29.75,570.0,25130.0,30915.0,-5785.0
2022-09-28,2022,LONG,186.75,329.5,11519.0,11561.5,43.5,845.0,25975.0,30915.0,-4940.0
2022-09-29,2022,SHORT,-281.0,344.4,11105.5,11160.0,-53.5,-1095.0,24880.0,30915.0,-6035.0
2022-10-03,2022,LONG,237.5,362.9,11344.5,11343.75,0.25,-20.0,24860.0,30915.0,-6055.0
2022-10-04,2022,LONG,120.5,331.7,11637.0,11613.25,-22.75,-480.0,24380.0,30915.0,-6535.0
2022-10-05,2022,LONG,159.0,347.4,11648.25,11669.5,22.25,420.0,24800.0,30915.0,-6115.0
2022-10-07,2022,SHORT,-237.5,350.4,11109.75,11072.5,38.25,740.0,25540.0,30915.0,-5375.0
2022-10-13,2022,LONG,584.0,350.3,11106.5,11090.75,-14.75,-320.0,25220.0,30915.0,-5695.0
2022-10-14,2022,SHORT,-381.0,370.8,10798.5,10789.25,10.25,180.0,25400.0,30915.0,-5515.0
2022-10-18,2022,SHORT,-264.25,395.3,11139.25,11153.25,-13.0,-285.0,25115.0,30915.0,-5800.0
2022-10-21,2022,LONG,259.75,375.6,11301.5,11361.75,61.25,1200.0,26315.0,30915.0,-4600.0
2022-10-24,2022,LONG,119.5,373.6,11481.0,11501.5,21.5,405.0,26720.0,30915.0,-4195.0
2022-10-25,2022,LONG,155.25,368.5,11671.5,11712.5,42.0,815.0,27535.0,30915.0,-3380.0
2022-10-27,2022,SHORT,-157.75,369.7,11241.25,11269.0,-26.75,-560.0,26975.0,30915.0,-3940.0
2022-10-28,2022,LONG,362.0,355.2,11576.5,11583.75,8.25,140.0,27115.0,30915.0,-3800.0
2022-11-01,2022,SHORT,-225.75,372.2,11366.0,11338.25,28.75,550.0,27665.0,30915.0,-3250.0
2022-11-02,2022,SHORT,-170.0,381.7,11149.75,11020.25,130.5,2585.0,30250.0,30915.0,-665.0
2022-11-04,2022,SHORT,-124.0,355.0,10807.75,10837.0,-28.25,-590.0,29660.0,30915.0,-1255.0
2022-11-09,2022,SHORT,-172.75,341.5,10839.75,10874.5,-33.75,-700.0,28960.0,30915.0,-1955.0
2022-11-10,2022,LONG,168.5,343.0,11524.5,11576.5,53.0,1035.0,29995.0,30915.0,-920.0
2022-11-11,2022,LONG,249.75,371.4,11875.25,11835.5,-38.75,-800.0,29195.0,30915.0,-1720.0
2022-11-17,2022,LONG,132.25,365.0,11684.5,11638.25,-45.25,-930.0,28265.0,30915.0,-2650.0
2022-11-18,2022,SHORT,-170.25,347.6,11667.75,11709.25,-40.5,-835.0,27430.0,30915.0,-3485.0
2022-11-23,2022,LONG,116.0,320.2,11865.25,11871.0,6.75,110.0,27540.0,30915.0,-3375.0
2022-11-29,2022,SHORT,-111.5,304.4,11509.75,11515.0,-4.25,-110.0,27430.0,30915.0,-3485.0
2022-11-30,2022,LONG,364.25,295.9,11894.0,11972.0,79.0,1555.0,28985.0,30915.0,-1930.0
2022-12-02,2022,LONG,142.75,263.7,11989.75,12011.25,22.5,425.0,29410.0,30915.0,-1505.0
2022-12-05,2022,SHORT,-151.5,274.6,11766.5,11760.0,7.5,125.0,29535.0,30915.0,-1380.0
2022-12-06,2022,SHORT,-265.25,267.4,11535.5,11511.0,25.5,485.0,30020.0,30915.0,-895.0
2022-12-13,2022,SHORT,-344.0,274.1,11942.75,11949.75,-6.0,-145.0,29875.0,30915.0,-1040.0
2022-12-14,2022,SHORT,-96.75,304.9,11832.25,11837.0,-3.75,-100.0,29775.0,30915.0,-1140.0
2022-12-15,2022,SHORT,-207.0,307.6,11478.0,11490.5,-11.5,-255.0,29520.0,30915.0,-1395.0
2022-12-16,2022,SHORT,-99.0,320.9,11326.5,11366.75,-39.25,-810.0,28710.0,30915.0,-2205.0
2022-12-19,2022,SHORT,-191.0,321.1,11162.5,11151.25,12.25,220.0,28930.0,30915.0,-1985.0
2022-12-21,2022,LONG,122.75,298.8,11340.75,11324.0,-15.75,-340.0,28590.0,30915.0,-2325.0
2022-12-22,2022,SHORT,-216.5,299.3,10990.0,11041.5,-50.5,-1035.0,27555.0,30915.0,-3360.0
2022-12-27,2022,SHORT,-128.25,309.5,10923.5,10941.0,-16.5,-355.0,27200.0,30915.0,-3715.0
2022-12-28,2022,SHORT,-97.75,305.5,10800.5,10773.5,28.0,535.0,27735.0,30915.0,-3180.0
2022-12-29,2022,LONG,144.5,310.1,11030.75,11046.75,17.0,315.0,28050.0,30915.0,-2865.0
2023-01-03,2023,SHORT,-181.0,309.4,10936.0,10944.0,-7.0,-165.0,27885.0,30915.0,-3030.0
2023-01-06,2023,LONG,247.5,280.5,11141.25,11132.5,-7.75,-180.0,27705.0,30915.0,-3210.0
2023-01-10,2023,LONG,106.5,278.3,11250.5,11242.0,-7.5,-175.0,27530.0,30915.0,-3385.0
2023-01-11,2023,LONG,97.5,272.1,11422.0,11441.75,20.75,390.0,27920.0,30915.0,-2995.0
2023-01-13,2023,LONG,142.0,280.4,11567.75,11597.75,31.0,595.0,28515.0,30915.0,-2400.0
2023-01-18,2023,SHORT,-170.75,252.5,11523.5,11517.75,6.75,110.0,28625.0,30915.0,-2290.0
2023-01-20,2023,LONG,198.0,247.5,11628.25,11655.5,28.25,540.0,29165.0,30915.0,-1750.0
2023-01-23,2023,LONG,187.25,258.4,11891.75,11903.75,13.0,235.0,29400.0,30915.0,-1515.0
2023-01-25,2023,LONG,146.75,251.1,11862.0,11867.75,6.75,110.0,29510.0,30915.0,-1405.0
2023-01-27,2023,LONG,227.5,248.0,12276.5,12291.75,16.25,300.0,29810.0,30915.0,-1105.0
2023-01-30,2023,SHORT,-82.0,250.1,12000.0,11972.5,28.5,545.0,30355.0,30915.0,-560.0
2023-01-31,2023,LONG,137.0,257.8,12110.25,12076.25,-33.0,-685.0,29670.0,30915.0,-1245.0
2023-02-01,2023,LONG,195.75,261.3,12345.25,12430.5,86.25,1700.0,31370.0,31370.0,0.0
2023-02-07,2023,LONG,193.5,292.6,12702.5,12748.75,47.25,920.0,32290.0,32290.0,0.0
2023-02-08,2023,SHORT,-147.0,297.6,12565.25,12534.0,32.25,620.0,32910.0,32910.0,0.0
2023-02-09,2023,SHORT,-254.75,306.0,12468.25,12405.5,63.75,1250.0,34160.0,34160.0,0.0
2023-02-13,2023,LONG,107.75,300.0,12509.75,12526.25,17.5,325.0,34485.0,34485.0,0.0
2023-02-14,2023,LONG,145.5,313.3,12623.25,12629.0,6.75,110.0,34595.0,34595.0,0.0
2023-02-15,2023,LONG,123.25,307.9,12677.5,12679.75,3.25,40.0,34635.0,34635.0,0.0
2023-02-16,2023,LONG,128.25,305.5,12652.5,12513.25,-138.25,-2790.0,31845.0,34635.0,-2790.0
2023-02-21,2023,SHORT,-105.0,301.9,12126.25,12110.75,16.5,305.0,32150.0,34635.0,-2485.0
2023-03-01,2023,SHORT,-101.25,246.8,11949.5,11946.0,4.5,65.0,32215.0,34635.0,-2420.0
2023-03-02,2023,LONG,175.25,235.7,12033.5,12050.0,17.5,325.0,32540.0,34635.0,-2095.0
2023-03-03,2023,LONG,169.5,239.9,12305.75,12306.5,1.75,10.0,32550.0,34635.0,-2085.0
2023-03-07,2023,SHORT,-178.0,233.9,12144.25,12154.25,-9.0,-205.0,32345.0,34635.0,-2290.0
2023-03-09,2023,SHORT,-172.75,222.9,12074.25,11998.0,77.25,1520.0,33865.0,34635.0,-770.0
2023-03-10,2023,SHORT,-137.75,236.4,11881.25,11864.75,17.5,325.0,34190.0,34635.0,-445.0
2023-03-13,2023,LONG,285.5,242.0,12169.75,12090.75,-78.0,-1585.0,32605.0,34635.0,-2030.0
2023-03-15,2023,LONG,166.0,277.4,12383.75,12384.75,2.0,15.0,32620.0,34635.0,-2015.0
2023-03-16,2023,LONG,343.75,283.0,12691.0,12727.5,37.5,725.0,33345.0,34635.0,-1290.0
2023-03-17,2023,SHORT,-92.0,292.3,12626.25,12662.0,-34.75,-720.0,32625.0,34635.0,-2010.0
2023-03-28,2023,SHORT,-94.25,309.5,12684.0,12688.5,-3.5,-95.0,32530.0,34635.0,-2105.0
2023-03-31,2023,LONG,155.5,294.9,13247.25,13297.0,50.75,990.0,33520.0,34635.0,-1115.0
2023-04-04,2023,SHORT,-96.25,254.6,13186.0,13185.75,1.25,0.0,33520.0,34635.0,-1115.0
2023-04-05,2023,SHORT,-97.5,245.3,13073.5,13055.5,19.0,355.0,33875.0,34635.0,-760.0
2023-04-06,2023,LONG,155.75,232.4,13171.25,13174.0,3.75,50.0,33925.0,34635.0,-710.0
2023-04-10,2023,LONG,113.5,232.2,13159.25,13137.0,-21.25,-450.0,33475.0,34635.0,-1160.0
2023-04-12,2023,SHORT,-155.0,228.2,12999.75,12951.25,49.5,965.0,34440.0,34635.0,-195.0
2023-04-13,2023,LONG,179.0,222.3,13208.25,13218.75,11.5,205.0,34645.0,34645.0,0.0
2023-04-18,2023,SHORT,-121.0,214.7,13159.75,13173.5,-12.75,-280.0,34365.0,34645.0,-280.0
2023-04-19,2023,LONG,122.0,211.9,13208.5,13201.75,-5.75,-140.0,34225.0,34645.0,-420.0
2023-04-25,2023,SHORT,-146.0,200.2,12839.5,12842.75,-2.25,-70.0,34155.0,34645.0,-490.0
2023-04-26,2023,SHORT,-62.75,205.4,12885.25,12891.5,-5.25,-130.0,34025.0,34645.0,-620.0
2023-04-27,2023,LONG,195.25,198.8,13235.75,13239.75,5.0,75.0,34100.0,34645.0,-545.0
2023-04-28,2023,LONG,65.25,204.4,13285.5,13286.5,2.0,15.0,34115.0,34645.0,-530.0
2023-05-02,2023,SHORT,-95.5,195.6,13204.5,13201.5,4.0,55.0,34170.0,34645.0,-475.0
2023-05-05,2023,LONG,208.5,182.2,13348.25,13340.25,-7.0,-165.0,34005.0,34645.0,-640.0
2023-05-08,2023,LONG,60.75,193.8,13363.75,13342.75,-20.0,-425.0,33580.0,34645.0,-1065.0
2023-05-12,2023,SHORT,-125.0,188.3,13343.75,13359.75,-15.0,-325.0,33255.0,34645.0,-1390.0
2023-05-16,2023,LONG,100.0,180.7,13536.75,13536.25,0.5,-15.0,33240.0,34645.0,-1405.0
2023-05-17,2023,LONG,103.75,179.2,13629.5,13637.75,9.25,160.0,33400.0,34645.0,-1245.0
2023-05-18,2023,LONG,161.0,170.5,13816.5,13846.0,30.5,585.0,33985.0,34645.0,-660.0
2023-05-22,2023,LONG,74.0,181.4,13922.75,13904.5,-17.25,-370.0,33615.0,34645.0,-1030.0
2023-05-23,2023,SHORT,-89.75,176.2,13740.5,13739.5,2.0,15.0,33630.0,34645.0,-1015.0
2023-05-26,2023,LONG,318.25,175.6,14339.5,14346.5,8.0,135.0,33765.0,34645.0,-880.0
2023-05-30,2023,SHORT,-86.0,207.1,14423.5,14416.75,7.75,130.0,33895.0,34645.0,-750.0
2023-06-01,2023,LONG,205.5,211.5,14505.75,14483.0,-21.75,-460.0,33435.0,34645.0,-1210.0
2023-06-07,2023,SHORT,-218.5,219.5,14372.0,14356.0,17.0,315.0,33750.0,34645.0,-895.0
2023-06-08,2023,LONG,146.0,227.0,14485.0,14488.5,4.5,65.0,33815.0,34645.0,-830.0
2023-06-12,2023,LONG,129.75,242.0,14934.25,14954.5,21.25,400.0,34215.0,34645.0,-430.0
2023-06-15,2023,LONG,287.25,255.7,15432.25,15411.25,-20.0,-425.0,33790.0,34645.0,-855.0
2023-06-16,2023,SHORT,-157.5,250.4,15312.75,15295.5,18.25,340.0,34130.0,34645.0,-515.0
2023-06-22,2023,LONG,208.0,248.9,15190.75,15159.75,-30.0,-625.0,33505.0,34645.0,-1140.0
2023-06-26,2023,SHORT,-105.5,261.5,14931.25,14921.75,10.5,185.0,33690.0,34645.0,-955.0
2023-06-27,2023,LONG,188.25,275.3,15111.25,15138.25,28.0,535.0,34225.0,34645.0,-420.0
2023-06-28,2023,LONG,93.25,268.2,15124.5,15104.0,-19.5,-415.0,33810.0,34645.0,-835.0
2023-06-30,2023,LONG,94.75,258.8,15349.75,15355.25,6.5,105.0,33915.0,34645.0,-730.0
2023-07-05,2023,LONG,81.5,252.5,15375.75,15385.25,10.5,185.0,34100.0,34645.0,-545.0
2023-07-07,2023,LONG,80.25,237.9,15298.75,15250.25,-47.5,-975.0,33125.0,34645.0,-1520.0
2023-07-13,2023,LONG,106.25,222.4,15682.75,15717.5,35.75,690.0,33815.0,34645.0,-830.0
2023-07-17,2023,LONG,95.75,216.5,15827.75,15868.0,41.25,800.0,34615.0,34645.0,-30.0
2023-07-18,2023,LONG,189.0,211.9,16004.5,16008.25,4.75,70.0,34685.0,34685.0,0.0
2023-07-20,2023,SHORT,-227.75,218.2,15606.5,15553.25,54.25,1060.0,35745.0,35745.0,0.0
2023-07-21,2023,SHORT,-112.75,226.7,15573.75,15552.0,22.75,430.0,36175.0,36175.0,0.0
2023-07-25,2023,LONG,99.25,218.0,15690.25,15701.5,12.25,220.0,36395.0,36395.0,0.0
2023-07-27,2023,SHORT,-285.5,216.6,15547.75,15572.25,-23.5,-495.0,35900.0,36395.0,-495.0
2023-07-28,2023,LONG,127.5,231.2,15865.75,15844.25,-20.5,-435.0,35465.0,36395.0,-930.0
2023-08-02,2023,SHORT,-175.75,235.7,15490.25,15435.5,55.75,1090.0,36555.0,36555.0,0.0
2023-08-03,2023,LONG,117.25,242.2,15476.0,15440.25,-34.75,-720.0,35835.0,36555.0,-720.0
2023-08-04,2023,SHORT,-137.5,241.5,15373.5,15378.5,-4.0,-105.0,35730.0,36555.0,-825.0
2023-08-09,2023,SHORT,-88.75,244.4,15272.25,15249.75,23.5,445.0,36175.0,36555.0,-380.0
2023-08-14,2023,LONG,146.75,252.3,15215.0,15223.5,9.5,165.0,36340.0,36555.0,-215.0
2023-08-17,2023,SHORT,-181.75,247.8,14809.5,14795.5,15.0,275.0,36615.0,36615.0,0.0
2023-08-18,2023,LONG,117.0,241.7,14748.0,14754.0,7.0,115.0,36730.0,36730.0,0.0
2023-08-21,2023,LONG,171.5,246.5,14982.5,14989.5,8.0,135.0,36865.0,36865.0,0.0
2023-08-22,2023,SHORT,-117.0,255.9,14972.75,14970.75,3.0,35.0,36900.0,36900.0,0.0
2023-08-23,2023,LONG,195.75,242.4,15206.0,15226.5,21.5,405.0,37305.0,37305.0,0.0
2023-08-24,2023,SHORT,-375.5,249.6,14958.75,14922.75,37.0,715.0,38020.0,38020.0,0.0
2023-08-25,2023,LONG,97.75,270.3,14996.0,15012.5,17.5,325.0,38345.0,38345.0,0.0
2023-08-29,2023,LONG,327.5,271.3,15404.25,15425.75,22.5,425.0,38770.0,38770.0,0.0
2023-08-30,2023,LONG,90.75,278.0,15508.75,15493.5,-14.25,-310.0,38460.0,38770.0,-310.0
2023-09-01,2023,SHORT,-141.5,261.8,15490.25,15513.5,-22.25,-470.0,37990.0,38770.0,-780.0
2023-09-05,2023,LONG,103.5,258.4,15586.0,15550.25,-34.75,-720.0,37270.0,38770.0,-1500.0
2023-09-06,2023,SHORT,-126.25,253.8,15372.5,15360.75,12.75,230.0,37500.0,38770.0,-1270.0
2023-09-07,2023,LONG,89.0,250.7,15289.25,15284.5,-3.75,-100.0,37400.0,38770.0,-1370.0
2023-09-12,2023,SHORT,-97.5,260.7,15500.5,15493.0,8.5,145.0,37545.0,38770.0,-1225.0
2023-09-15,2023,SHORT,-234.25,218.2,15375.0,15400.0,-24.0,-505.0,37040.0,38770.0,-1730.0
2023-09-20,2023,SHORT,-116.25,217.6,15296.5,15253.0,44.5,865.0,37905.0,38770.0,-865.0
2023-09-26,2023,SHORT,-117.25,231.4,14705.25,14675.25,31.0,595.0,38500.0,38770.0,-270.0
2023-09-28,2023,LONG,148.5,235.5,14843.25,14909.25,67.0,1315.0,39815.0,39815.0,0.0
2023-09-29,2023,SHORT,-99.25,244.2,14901.0,14877.75,24.25,460.0,40275.0,40275.0,0.0
2023-10-03,2023,SHORT,-182.25,235.4,14696.75,14665.0,32.75,630.0,40905.0,40905.0,0.0
2023-10-04,2023,LONG,117.25,247.2,14872.25,14917.5,46.25,900.0,41805.0,41805.0,0.0
2023-10-06,2023,LONG,398.25,251.7,15135.75,15149.75,15.0,275.0,42080.0,42080.0,0.0
2023-10-09,2023,LONG,186.0,278.1,15198.25,15192.0,-5.25,-130.0,41950.0,42080.0,-130.0
2023-10-12,2023,SHORT,-114.0,266.5,15279.5,15302.0,-21.5,-455.0,41495.0,42080.0,-585.0
2023-10-13,2023,SHORT,-211.75,270.9,15132.25,15109.75,23.5,445.0,41940.0,42080.0,-140.0
2023-10-16,2023,LONG,141.0,280.9,15319.25,15331.5,13.25,240.0,42180.0,42180.0,0.0
2023-10-19,2023,SHORT,-195.0,278.4,14892.0,14896.5,-3.5,-95.0,42085.0,42180.0,-95.0
2023-10-20,2023,SHORT,-155.25,280.9,14706.75,14697.0,10.75,190.0,42275.0,42275.0,0.0
2023-10-23,2023,LONG,176.5,282.1,14778.25,14736.5,-40.75,-840.0,41435.0,42275.0,-840.0
2023-10-25,2023,SHORT,-264.5,265.3,14476.25,14488.25,-11.0,-245.0,41190.0,42275.0,-1085.0
2023-10-26,2023,SHORT,-102.75,276.8,14316.25,14265.0,52.25,1020.0,42210.0,42275.0,-65.0
2023-10-27,2023,SHORT,-81.0,263.8,14224.25,14257.0,-31.75,-660.0,41550.0,42275.0,-725.0
2023-11-01,2023,LONG,138.5,260.6,14660.5,14730.25,70.75,1390.0,42940.0,42940.0,0.0
2023-11-03,2023,LONG,162.5,263.7,15213.75,15195.75,-17.0,-365.0,42575.0,42940.0,-365.0
2023-11-07,2023,LONG,110.75,257.2,15387.0,15396.5,10.5,185.0,42760.0,42940.0,-180.0
2023-11-09,2023,SHORT,-143.0,244.5,15257.75,15256.75,2.0,15.0,42775.0,42940.0,-165.0
2023-11-10,2023,LONG,241.0,243.2,15569.0,15589.25,21.25,400.0,43175.0,43175.0,0.0
2023-11-14,2023,LONG,77.5,244.7,15890.75,15909.25,19.5,365.0,43540.0,43540.0,0.0
2023-11-20,2023,LONG,199.5,224.3,16095.0,16105.25,11.25,200.0,43740.0,43740.0,0.0
2023-11-29,2023,SHORT,-83.0,212.6,16064.25,16022.5,42.75,830.0,44570.0,44570.0,0.0
2023-11-30,2023,SHORT,-107.75,210.8,15924.75,15884.25,41.5,805.0,45375.0,45375.0,0.0
2023-12-01,2023,LONG,97.5,197.9,16031.25,16030.75,0.5,-15.0,45360.0,45375.0,-15.0
2023-12-05,2023,LONG,107.5,196.9,15898.5,15894.75,-2.75,-80.0,45280.0,45375.0,-95.0
2023-12-06,2023,SHORT,-166.25,195.5,15866.25,15827.5,39.75,770.0,46050.0,46050.0,0.0
2023-12-07,2023,LONG,89.25,206.0,16023.0,16040.0,18.0,335.0,46385.0,46385.0,0.0
2023-12-08,2023,LONG,157.5,219.3,16113.75,16108.0,-4.75,-120.0,46265.0,46385.0,-120.0
2023-12-11,2023,LONG,146.25,215.2,16437.5,16429.25,-7.25,-170.0,46095.0,46385.0,-290.0
2023-12-12,2023,LONG,103.75,231.4,16548.25,16562.75,15.5,285.0,46380.0,46385.0,-5.0
2023-12-13,2023,LONG,162.75,227.5,16775.75,16720.25,-54.5,-1115.0,45265.0,46385.0,-1120.0
2023-12-14,2023,SHORT,-82.75,227.7,16737.5,16734.5,4.0,55.0,45320.0,46385.0,-1065.0
2023-12-18,2023,LONG,114.5,230.1,16961.75,16969.5,8.75,150.0,45470.0,46385.0,-915.0
2023-12-20,2023,SHORT,-143.75,227.8,16841.0,16793.25,48.75,950.0,46420.0,46420.0,0.0
2024-01-02,2024,SHORT,-206.75,189.8,16655.25,16646.25,10.0,175.0,46595.0,46595.0,0.0
2024-01-08,2024,LONG,272.75,186.5,16784.5,16777.75,-5.75,-140.0,46455.0,46595.0,-140.0
2024-01-09,2024,LONG,159.25,206.4,16828.25,16825.5,-1.75,-60.0,46395.0,46595.0,-200.0
2024-01-10,2024,LONG,140.5,209.2,16982.25,16938.25,-43.0,-885.0,45510.0,46595.0,-1085.0
2024-01-18,2024,LONG,103.5,240.4,17102.75,17108.25,6.5,105.0,45615.0,46595.0,-980.0
2024-01-19,2024,LONG,238.25,256.1,17430.0,17430.0,1.0,-5.0,45610.0,46595.0,-985.0
2024-01-25,2024,SHORT,-112.75,247.5,17605.25,17598.25,8.0,135.0,45745.0,46595.0,-850.0
2024-01-29,2024,LONG,78.0,224.4,17628.0,17703.5,76.5,1505.0,47250.0,47250.0,0.0
2024-01-30,2024,SHORT,-71.75,228.1,17589.5,17599.5,-9.0,-205.0,47045.0,47250.0,-205.0
2024-02-01,2024,LONG,126.25,224.7,17434.25,17437.75,4.5,65.0,47110.0,47250.0,-140.0
2024-02-02,2024,LONG,255.0,225.8,17765.0,17765.75,1.75,10.0,47120.0,47250.0,-130.0
2024-02-06,2024,SHORT,-105.5,229.6,17637.25,17636.5,1.75,10.0,47130.0,47250.0,-120.0
2024-02-07,2024,LONG,80.5,223.6,17853.25,17855.75,3.5,45.0,47175.0,47250.0,-75.0
2024-02-09,2024,LONG,146.25,203.4,18056.0,18041.5,-13.5,-295.0,46880.0,47250.0,-370.0
2024-02-12,2024,SHORT,-78.5,208.2,17948.5,17974.25,-24.75,-520.0,46360.0,47250.0,-890.0
2024-02-16,2024,SHORT,-136.0,224.7,17789.0,17788.75,1.25,0.0,46360.0,47250.0,-890.0
2024-02-20,2024,SHORT,-91.25,231.4,17572.25,17587.25,-14.0,-305.0,46055.0,47250.0,-1195.0
2024-02-21,2024,SHORT,-89.25,238.1,17403.0,17421.5,-17.5,-375.0,45680.0,47250.0,-1570.0
2024-02-22,2024,LONG,154.5,240.2,18047.0,18058.5,12.5,225.0,45905.0,47250.0,-1345.0
2024-02-23,2024,SHORT,-90.5,247.9,18014.0,17972.75,42.25,820.0,46725.0,47250.0,-525.0
2024-03-01,2024,LONG,269.75,242.3,18367.25,18344.5,-21.75,-460.0,46265.0,47250.0,-985.0
2024-03-05,2024,SHORT,-277.0,231.7,17856.75,17842.25,15.5,285.0,46550.0,47250.0,-700.0
2024-03-06,2024,SHORT,-76.25,247.2,18025.5,18019.25,7.25,120.0,46670.0,47250.0,-580.0
2024-03-07,2024,LONG,144.5,253.3,18324.25,18303.25,-20.0,-425.0,46245.0,47250.0,-1005.0
2024-03-08,2024,SHORT,-175.25,263.7,18141.25,18051.5,90.75,1790.0,48035.0,48035.0,0.0
2024-03-12,2024,LONG,143.0,274.4,18456.75,18467.75,12.0,215.0,48250.0,48250.0,0.0
2024-03-14,2024,SHORT,-123.0,268.2,18245.25,18192.5,53.75,1050.0,49300.0,49300.0,0.0
2024-03-19,2024,LONG,122.75,299.3,18266.25,18231.75,-33.5,-695.0,48605.0,49300.0,-695.0
2024-03-20,2024,LONG,101.25,305.9,18425.5,18485.25,60.75,1190.0,49795.0,49795.0,0.0
2024-03-21,2024,SHORT,-114.0,304.9,18573.5,18587.0,-12.5,-275.0,49520.0,49795.0,-275.0
2024-03-25,2024,LONG,108.0,294.0,18568.5,18530.75,-36.75,-760.0,48760.0,49795.0,-1035.0
2024-03-27,2024,SHORT,-147.0,273.7,18419.25,18436.75,-16.5,-355.0,48405.0,49795.0,-1390.0
2024-04-03,2024,LONG,157.25,221.9,18398.75,18333.0,-64.75,-1320.0,47085.0,49795.0,-2710.0
2024-04-04,2024,SHORT,-314.5,221.5,18215.75,18109.5,107.25,2120.0,49205.0,49795.0,-590.0
2024-04-05,2024,LONG,141.5,238.0,18277.0,18289.25,13.25,240.0,49445.0,49795.0,-350.0
2024-04-09,2024,SHORT,-139.25,228.0,18250.5,18328.5,-77.0,-1565.0,47880.0,49795.0,-1915.0
2024-04-11,2024,LONG,213.75,239.4,18481.5,18501.75,21.25,400.0,48280.0,49795.0,-1515.0
2024-04-12,2024,SHORT,-162.75,257.1,18133.0,18140.5,-6.5,-155.0,48125.0,49795.0,-1670.0
2024-04-15,2024,SHORT,-449.75,275.2,17886.5,17859.0,28.5,545.0,48670.0,49795.0,-1125.0
2024-04-17,2024,SHORT,-254.25,299.4,17696.25,17656.5,40.75,790.0,49460.0,49795.0,-335.0
2024-04-18,2024,SHORT,-140.25,310.9,17533.5,17562.75,-28.25,-590.0,48870.0,49795.0,-925.0
2024-04-19,2024,SHORT,-335.75,322.2,17156.25,17181.75,-24.5,-515.0,48355.0,49795.0,-1440.0
2024-04-22,2024,LONG,122.25,339.6,17410.75,17389.25,-20.5,-435.0,47920.0,49795.0,-1875.0
2024-04-23,2024,LONG,216.5,338.8,17646.5,17624.0,-21.5,-455.0,47465.0,49795.0,-2330.0
2024-04-24,2024,SHORT,-118.5,349.7,17612.75,17670.25,-56.5,-1155.0,46310.0,49795.0,-3485.0
2024-04-25,2024,LONG,173.0,330.4,17528.0,17598.0,71.0,1395.0,47705.0,49795.0,-2090.0
2024-04-26,2024,LONG,170.25,326.1,17866.25,17887.5,22.25,420.0,48125.0,49795.0,-1670.0
2024-04-30,2024,SHORT,-154.75,326.7,17680.25,17692.25,-11.0,-245.0,47880.0,49795.0,-1915.0
2024-05-01,2024,LONG,249.0,322.1,17760.75,17717.25,-42.5,-875.0,47005.0,49795.0,-2790.0
2024-05-08,2024,LONG,88.0,284.7,18171.75,18183.5,12.75,230.0,47235.0,49795.0,-2560.0
2024-05-14,2024,LONG,135.5,228.5,18410.0,18418.25,9.25,160.0,47395.0,49795.0,-2400.0
2024-05-15,2024,LONG,175.75,231.3,18682.5,18693.75,12.25,220.0,47615.0,49795.0,-2180.0
2024-05-20,2024,LONG,105.25,223.1,18746.5,18778.25,32.75,630.0,48245.0,49795.0,-1550.0
2024-05-21,2024,LONG,83.5,209.1,18769.5,18773.5,5.0,75.0,48320.0,49795.0,-1475.0
2024-05-22,2024,SHORT,-77.75,190.3,18729.5,18741.5,-11.0,-245.0,48075.0,49795.0,-1720.0
2024-05-23,2024,SHORT,-347.5,180.0,18632.25,18651.75,-18.5,-395.0,47680.0,49795.0,-2115.0
2024-05-24,2024,LONG,108.5,185.1,18870.25,18862.25,-7.0,-165.0,47515.0,49795.0,-2280.0
2024-05-29,2024,LONG,60.0,192.2,18826.5,18846.75,21.25,400.0,47915.0,49795.0,-1880.0
2024-05-30,2024,SHORT,-94.5,196.7,18670.0,18635.75,35.25,680.0,48595.0,49795.0,-1200.0
2024-05-31,2024,SHORT,-249.5,203.0,18350.0,18410.0,-59.0,-1205.0,47390.0,49795.0,-2405.0
2024-06-03,2024,SHORT,-152.25,227.5,18558.5,18588.75,-29.25,-610.0,46780.0,49795.0,-3015.0
2024-06-04,2024,LONG,73.25,231.6,18711.0,18668.0,-42.0,-865.0,45915.0,49795.0,-3880.0
2024-06-05,2024,LONG,188.75,226.0,19033.75,19032.25,-0.5,-35.0,45880.0,49795.0,-3915.0
2024-06-10,2024,LONG,89.0,248.0,19077.0,19114.5,38.5,745.0,46625.0,49795.0,-3170.0
2024-06-11,2024,LONG,152.25,249.9,19211.5,19193.75,-16.75,-360.0,46265.0,49795.0,-3530.0
2024-06-12,2024,LONG,115.25,257.4,19519.75,19465.25,-53.5,-1095.0,45170.0,49795.0,-4625.0
2024-06-14,2024,LONG,87.5,249.6,19665.75,19671.5,6.75,110.0,45280.0,49795.0,-4515.0
2024-06-17,2024,LONG,278.75,245.4,20234.25,20258.0,24.75,470.0,45750.0,49795.0,-4045.0
2024-06-20,2024,SHORT,-229.25,275.8,20014.25,20030.5,-15.25,-330.0,45420.0,49795.0,-4375.0
2024-06-24,2024,SHORT,-102.0,263.3,19816.5,19832.25,-14.75,-320.0,45100.0,49795.0,-4695.0
2024-06-25,2024,LONG,119.75,266.9,19947.75,19978.5,31.75,610.0,45710.0,49795.0,-4085.0
2024-07-02,2024,LONG,240.75,281.0,20223.25,20224.75,2.5,25.0,45735.0,49795.0,-4060.0
2024-07-05,2024,LONG,172.5,296.8,20610.75,20622.25,12.5,225.0,45960.0,49795.0,-3835.0
2024-07-10,2024,LONG,121.75,255.3,20875.5,20869.75,-4.75,-120.0,45840.0,49795.0,-3955.0
2024-07-11,2024,SHORT,-426.25,240.2,20464.25,20435.75,29.5,565.0,46405.0,49795.0,-3390.0
2024-07-12,2024,LONG,266.75,276.5,20710.25,20675.0,-34.25,-710.0,45695.0,49795.0,-4100.0
2024-07-17,2024,SHORT,-234.25,293.3,20027.25,20056.0,-27.75,-580.0,45115.0,49795.0,-4680.0
2024-07-18,2024,SHORT,-294.75,323.9,19844.0,19823.75,21.25,400.0,45515.0,49795.0,-4280.0
2024-07-19,2024,SHORT,-148.0,327.0,19717.75,19768.0,-49.25,-1010.0,44505.0,49795.0,-5290.0
2024-07-24,2024,SHORT,-392.0,321.6,19245.75,19218.0,28.75,550.0,45055.0,49795.0,-4740.0
2024-07-30,2024,SHORT,-335.5,387.6,18949.5,18936.0,14.5,265.0,45320.0,49795.0,-4475.0
2024-07-31,2024,LONG,182.75,407.9,19551.0,19436.5,-113.5,-2295.0,43025.0,49795.0,-6770.0
2024-08-01,2024,SHORT,-634.0,415.4,18886.25,18977.25,-90.0,-1825.0,41200.0,49795.0,-8595.0
2024-08-02,2024,SHORT,-150.25,447.0,18504.75,18552.5,-46.75,-960.0,40240.0,49795.0,-9555.0
2024-08-05,2024,LONG,345.5,468.7,17912.0,17982.25,71.25,1400.0,41640.0,49795.0,-8155.0
2024-08-06,2024,LONG,308.75,527.2,18391.75,18340.5,-50.25,-1030.0,40610.0,49795.0,-9185.0
2024-08-07,2024,SHORT,-423.25,520.5,18029.5,18091.0,-60.5,-1235.0,39375.0,49795.0,-10420.0
2024-08-08,2024,LONG,267.75,535.0,18491.25,18442.75,-47.5,-975.0,38400.0,49795.0,-11395.0
2024-08-13,2024,LONG,260.5,569.8,19081.75,19059.25,-21.5,-455.0,37945.0,49795.0,-11850.0
2024-08-15,2024,LONG,231.75,537.0,19582.0,19580.75,-0.25,-30.0,37915.0,49795.0,-11880.0
2024-08-19,2024,LONG,165.25,549.2,19770.25,19784.25,15.0,275.0,38190.0,49795.0,-11605.0
2024-08-22,2024,SHORT,-387.25,453.3,19615.0,19582.75,33.25,640.0,38830.0,49795.0,-10965.0
2024-08-26,2024,SHORT,-147.5,393.5,19614.25,19587.25,28.0,535.0,39365.0,49795.0,-10430.0
2024-08-27,2024,LONG,132.0,380.9,19657.25,19648.0,-8.25,-190.0,39175.0,49795.0,-10620.0
2024-08-28,2024,SHORT,-195.75,355.6,19430.5,19456.0,-24.5,-515.0,38660.0,49795.0,-11135.0
2024-09-03,2024,SHORT,-433.0,336.0,19048.5,19036.25,13.25,240.0,38900.0,49795.0,-10895.0
2024-09-06,2024,SHORT,-448.25,364.3,18479.0,18512.0,-32.0,-665.0,38235.0,49795.0,-11560.0
2024-09-11,2024,LONG,225.75,398.8,19124.25,19199.25,76.0,1495.0,39730.0,49795.0,-10065.0
2024-09-12,2024,LONG,195.25,419.0,19451.0,19446.5,-3.5,-95.0,39635.0,49795.0,-10160.0
2024-09-17,2024,SHORT,-155.0,412.2,19638.5,19652.25,-12.75,-280.0,39355.0,49795.0,-10440.0
2024-09-26,2024,SHORT,-163.75,345.1,20335.25,20346.5,-10.25,-230.0,39125.0,49795.0,-10670.0
2024-09-27,2024,SHORT,-129.0,331.4,20246.75,20240.75,7.0,115.0,39240.0,49795.0,-10555.0
2024-10-01,2024,SHORT,-197.75,318.0,20052.75,20038.5,15.25,280.0,39520.0,49795.0,-10275.0
2024-10-07,2024,SHORT,-167.75,303.1,19969.25,19996.0,-25.75,-540.0,38980.0,49795.0,-10815.0
2024-10-08,2024,LONG,170.75,306.2,20272.75,20287.75,16.0,295.0,39275.0,49795.0,-10520.0
2024-10-09,2024,LONG,151.5,312.3,20431.5,20431.75,1.25,0.0,39275.0,49795.0,-10520.0
2024-10-11,2024,LONG,127.25,291.1,20465.25,20480.75,16.5,305.0,39580.0,49795.0,-10215.0
2024-10-15,2024,SHORT,-301.5,291.5,20334.0,20295.5,39.5,765.0,40345.0,49795.0,-9450.0
2024-10-17,2024,SHORT,-141.5,294.4,20431.5,20381.75,50.75,990.0,41335.0,49795.0,-8460.0
2024-10-22,2024,LONG,118.5,278.0,20518.25,20545.75,28.5,545.0,41880.0,49795.0,-7915.0
2024-10-23,2024,SHORT,-257.5,276.9,20173.25,20186.25,-12.0,-265.0,41615.0,49795.0,-8180.0
2024-10-28,2024,SHORT,-102.0,282.0,20514.25,20528.5,-13.25,-290.0,41325.0,49795.0,-8470.0
2024-10-29,2024,LONG,184.25,265.1,20695.5,20741.5,47.0,915.0,42240.0,49795.0,-7555.0
2024-10-31,2024,SHORT,-318.0,271.8,20050.0,20081.0,-30.0,-625.0,41615.0,49795.0,-8180.0
2024-11-01,2024,LONG,97.25,293.8,20167.0,20156.75,-9.25,-210.0,41405.0,49795.0,-8390.0
2024-11-05,2024,LONG,142.25,279.8,20292.25,20330.5,39.25,760.0,42165.0,49795.0,-7630.0
2024-11-06,2024,LONG,205.25,289.7,20886.25,20902.75,17.5,325.0,42490.0,49795.0,-7305.0
2024-11-07,2024,LONG,226.25,310.4,21228.5,21230.25,2.75,30.0,42520.0,49795.0,-7275.0
2024-11-11,2024,SHORT,-107.5,318.6,21172.75,21193.5,-19.75,-420.0,42100.0,49795.0,-7695.0
2024-11-15,2024,SHORT,-298.0,293.9,20459.0,20481.5,-21.5,-455.0,41645.0,49795.0,-8150.0
2024-11-19,2024,LONG,218.25,316.8,20740.5,20750.75,11.25,200.0,41845.0,49795.0,-7950.0
2024-11-20,2024,SHORT,-144.0,326.5,20605.75,20655.75,-49.0,-1005.0,40840.0,49795.0,-8955.0
2024-11-25,2024,SHORT,-155.0,323.1,20862.0,20858.25,4.75,70.0,40910.0,49795.0,-8885.0
2024-11-27,2024,SHORT,-132.25,296.8,20805.0,20799.5,6.5,105.0,41015.0,49795.0,-8780.0
2024-12-02,2024,LONG,176.75,310.1,21217.5,21235.5,19.0,355.0,41370.0,49795.0,-8425.0
2024-12-03,2024,LONG,97.0,320.4,21255.0,21255.0,1.0,-5.0,41365.0,49795.0,-8430.0
2024-12-04,2024,LONG,94.75,315.6,21511.5,21520.5,10.0,175.0,41540.0,49795.0,-8255.0
2024-12-06,2024,LONG,144.5,278.6,21635.75,21647.5,12.75,230.0,41770.0,49795.0,-8025.0
2024-12-09,2024,SHORT,-138.75,278.3,21475.0,21446.25,29.75,570.0,42340.0,49795.0,-7455.0
2024-12-10,2024,SHORT,-121.5,266.7,21412.0,21372.5,40.5,785.0,43125.0,49795.0,-6670.0
2024-12-11,2024,LONG,210.5,257.3,21800.0,21815.25,16.25,300.0,43425.0,49795.0,-6370.0
2024-12-18,2024,SHORT,-367.25,272.3,21909.5,21722.5,188.0,3735.0,47160.0,49795.0,-2635.0
2024-12-19,2024,SHORT,-214.75,325.1,21466.75,21489.75,-22.0,-465.0,46695.0,49795.0,-3100.0
2024-12-20,2024,LONG,488.25,325.8,21702.5,21651.5,-50.0,-1025.0,45670.0,49795.0,-4125.0
2024-12-27,2024,SHORT,-140.25,390.8,21702.25,21649.5,53.75,1050.0,46720.0,49795.0,-3075.0
2024-12-31,2024,SHORT,-187.25,428.1,21257.5,21309.5,-51.0,-1045.0,45675.0,49795.0,-4120.0
2025-01-02,2025,SHORT,-283.75,434.9,21067.25,21156.5,-88.25,-1790.0,43885.0,49795.0,-5910.0
2025-01-03,2025,LONG,240.75,442.0,21529.25,21521.75,-6.5,-155.0,43730.0,49795.0,-6065.0
2025-01-07,2025,SHORT,-374.25,476.2,21418.0,21327.75,91.25,1800.0,45530.0,49795.0,-4265.0
2025-01-13,2025,LONG,140.5,436.2,20901.5,20883.0,-17.5,-375.0,45155.0,49795.0,-4640.0
2025-01-14,2025,SHORT,-211.0,436.8,20863.25,20835.75,28.5,545.0,45700.0,49795.0,-4095.0
2025-01-15,2025,LONG,168.25,403.3,21422.25,21439.75,18.5,345.0,46045.0,49795.0,-3750.0
2025-01-22,2025,LONG,126.5,418.3,22039.0,22015.0,-23.0,-485.0,45560.0,49795.0,-4235.0
2025-01-24,2025,SHORT,-176.25,392.4,21867.25,21864.75,3.5,45.0,45605.0,49795.0,-4190.0
2025-01-28,2025,LONG,312.75,423.8,21616.5,21615.75,0.25,-20.0,45585.0,49795.0,-4210.0
2025-02-03,2025,LONG,270.0,416.6,21490.25,21457.5,-31.75,-660.0,44925.0,49795.0,-4870.0
2025-02-04,2025,LONG,217.5,432.5,21641.5,21629.25,-11.25,-250.0,44675.0,49795.0,-5120.0
2025-02-05,2025,LONG,158.5,425.4,21711.0,21743.0,33.0,635.0,45310.0,49795.0,-4485.0
2025-02-07,2025,SHORT,-278.5,403.8,21603.75,21575.25,29.5,565.0,45875.0,49795.0,-3920.0
2025-02-12,2025,LONG,277.5,401.6,21830.5,21814.75,-14.75,-320.0,45555.0,49795.0,-4240.0
2025-02-13,2025,LONG,187.0,412.4,22054.25,22084.0,30.75,590.0,46145.0,49795.0,-3650.0
2025-02-21,2025,SHORT,-498.75,324.1,21685.75,21702.5,-15.75,-340.0,45805.0,49795.0,-3990.0
2025-02-24,2025,SHORT,-199.25,324.6,21556.5,21523.25,34.25,660.0,46465.0,49795.0,-3330.0
2025-02-25,2025,SHORT,-188.5,320.9,21197.0,21227.0,-29.0,-605.0,45860.0,49795.0,-3935.0
2025-02-26,2025,SHORT,-145.0,330.5,21095.25,21149.0,-52.75,-1080.0,44780.0,49795.0,-5015.0
2025-02-27,2025,SHORT,-506.75,343.5,20829.0,20689.75,140.25,2780.0,47560.0,49795.0,-2235.0
2025-02-28,2025,LONG,120.25,372.2,20707.75,20766.25,59.5,1165.0,48725.0,49795.0,-1070.0
2025-03-03,2025,SHORT,-452.25,372.8,20598.5,20381.75,217.75,4330.0,53055.0,53055.0,0.0
2025-03-04,2025,LONG,276.25,419.1,20622.0,20671.5,50.5,985.0,54040.0,54040.0,0.0
2025-03-05,2025,LONG,229.75,443.6,20657.75,20690.25,33.5,645.0,54685.0,54685.0,0.0
2025-03-06,2025,SHORT,-260.0,454.3,20048.25,20106.25,-57.0,-1165.0,53520.0,54685.0,-1165.0
2025-03-07,2025,LONG,156.25,489.8,20191.75,20224.75,34.0,655.0,54175.0,54685.0,-510.0
2025-03-10,2025,SHORT,-542.25,492.0,19334.5,19434.25,-98.75,-2000.0,52175.0,54685.0,-2510.0
2025-03-11,2025,LONG,218.75,539.7,19640.0,19550.75,-88.25,-1790.0,50385.0,54685.0,-4300.0
2025-03-13,2025,SHORT,-210.5,574.2,19355.75,19261.25,95.5,1885.0,52270.0,54685.0,-2415.0
2025-03-14,2025,LONG,209.25,570.0,19673.25,19668.5,-3.75,-100.0,52170.0,54685.0,-2515.0
2025-03-17,2025,LONG,234.75,572.9,19939.0,19917.0,-21.0,-445.0,51725.0,54685.0,-2960.0
2025-03-19,2025,LONG,234.75,577.0,20027.5,19954.5,-72.0,-1465.0,50260.0,54685.0,-4425.0
2025-03-21,2025,LONG,201.75,555.1,19860.0,19840.25,-18.75,-400.0,49860.0,54685.0,-4825.0
2025-03-26,2025,SHORT,-381.75,480.9,20056.75,20065.5,-7.75,-180.0,49680.0,54685.0,-5005.0
2025-03-28,2025,SHORT,-429.5,451.5,19479.0,19459.75,20.25,380.0,50060.0,54685.0,-4625.0
2025-03-31,2025,LONG,182.0,430.5,19347.5,19365.5,19.0,355.0,50415.0,54685.0,-4270.0
2025-04-02,2025,LONG,279.25,426.7,19616.0,19693.25,78.25,1540.0,51955.0,54685.0,-2730.0
2025-04-04,2025,SHORT,-531.0,435.0,17635.25,17745.75,-109.5,-2215.0,49740.0,54685.0,-4945.0
2025-04-07,2025,LONG,606.25,490.4,17526.25,17430.75,-94.5,-1915.0,47825.0,54685.0,-6860.0
2025-04-08,2025,SHORT,-711.0,593.6,17449.0,17269.75,180.25,3580.0,51405.0,54685.0,-3280.0
2025-04-09,2025,LONG,1566.75,649.9,18787.75,19149.25,362.5,7225.0,58630.0,58630.0,0.0
2025-04-10,2025,SHORT,-253.5,812.9,18504.5,18385.75,119.75,2370.0,61000.0,61000.0,0.0
2025-04-11,2025,LONG,324.0,890.9,18744.0,18828.75,85.75,1690.0,62690.0,62690.0,0.0
2025-04-16,2025,SHORT,-370.75,934.4,18218.5,18136.5,83.0,1635.0,64325.0,64325.0,0.0
2025-04-21,2025,SHORT,-420.25,954.6,17707.25,17778.5,-70.25,-1430.0,62895.0,64325.0,-1430.0
2025-04-24,2025,LONG,418.0,983.6,19293.5,19238.75,-53.75,-1100.0,61795.0,64325.0,-2530.0
2025-05-06,2025,LONG,158.75,485.8,19952.75,19947.25,-4.5,-115.0,61680.0,64325.0,-2645.0
2025-05-13,2025,LONG,323.0,430.0,21327.25,21320.0,-6.25,-150.0,61530.0,64325.0,-2795.0
2025-05-19,2025,LONG,292.5,376.4,21497.75,21458.0,-38.75,-800.0,60730.0,64325.0,-3595.0
2025-05-22,2025,LONG,134.0,372.1,21305.0,21324.5,20.5,385.0,61115.0,64325.0,-3210.0
2025-05-23,2025,LONG,190.0,355.7,21038.5,21013.25,-24.25,-510.0,60605.0,64325.0,-3720.0
2025-05-27,2025,LONG,183.25,381.1,21440.75,21436.25,-3.5,-95.0,60510.0,64325.0,-3815.0
2025-05-29,2025,SHORT,-311.5,356.8,21361.5,21370.5,-8.0,-185.0,60325.0,64325.0,-4000.0
2025-06-02,2025,LONG,230.0,362.5,21518.5,21531.0,13.5,245.0,60570.0,64325.0,-3755.0
2025-06-03,2025,LONG,163.75,351.2,21711.75,21712.5,1.75,10.0,60580.0,64325.0,-3745.0
2025-06-05,2025,SHORT,-125.5,351.4,21685.0,21576.0,110.0,2175.0,62755.0,64325.0,-1570.0
2025-06-10,2025,LONG,112.25,360.7,21951.5,21966.75,16.25,300.0,63055.0,64325.0,-1270.0
2025-06-11,2025,SHORT,-156.25,343.4,21858.5,21851.0,8.5,145.0,63200.0,64325.0,-1125.0
2025-06-12,2025,LONG,107.75,344.8,21935.75,21934.75,0.0,-25.0,63175.0,64325.0,-1150.0
2025-06-16,2025,LONG,152.75,334.4,22167.5,22165.25,-1.25,-50.0,63125.0,64325.0,-1200.0
2025-06-20,2025,SHORT,-259.0,340.0,21811.0,21813.5,-1.5,-55.0,63070.0,64325.0,-1255.0
2025-06-23,2025,LONG,166.75,340.3,22036.25,22054.5,19.25,360.0,63430.0,64325.0,-895.0
2025-06-24,2025,LONG,139.75,353.0,22426.5,22421.0,-4.5,-115.0,63315.0,64325.0,-1010.0
2025-06-26,2025,LONG,114.75,349.4,22667.75,22670.5,3.75,50.0,63365.0,64325.0,-960.0
2025-07-02,2025,LONG,174.0,336.5,22829.0,22823.5,-4.5,-115.0,63250.0,64325.0,-1075.0
2025-07-14,2025,LONG,108.5,240.9,23053.0,23041.5,-10.5,-235.0,63015.0,64325.0,-1310.0
2025-07-15,2025,SHORT,-105.75,231.0,23084.75,23089.5,-3.75,-100.0,62915.0,64325.0,-1410.0
2025-07-17,2025,LONG,152.25,236.9,23255.5,23261.0,6.5,105.0,63020.0,64325.0,-1305.0
2025-07-18,2025,SHORT,-97.0,240.0,23204.0,23213.0,-8.0,-185.0,62835.0,64325.0,-1490.0
2025-07-21,2025,LONG,134.25,237.4,23392.0,23368.25,-22.75,-480.0,62355.0,64325.0,-1970.0
2025-07-22,2025,SHORT,-94.25,229.1,23249.5,23239.25,11.25,200.0,62555.0,64325.0,-1770.0
2025-07-25,2025,LONG,83.0,217.2,23443.25,23439.0,-3.25,-90.0,62465.0,64325.0,-1860.0
2025-07-29,2025,SHORT,-116.25,208.7,23477.0,23459.0,19.0,355.0,62820.0,64325.0,-1505.0
2025-07-30,2025,SHORT,-74.25,206.0,23406.25,23395.75,11.5,205.0,63025.0,64325.0,-1300.0
2025-07-31,2025,SHORT,-332.5,209.2,23422.0,23378.5,44.5,865.0,63890.0,64325.0,-435.0
2025-08-01,2025,SHORT,-217.25,232.2,22868.25,22877.25,-8.0,-185.0,63705.0,64325.0,-620.0
2025-08-04,2025,LONG,167.5,254.2,23261.5,23266.0,5.5,85.0,63790.0,64325.0,-535.0
2025-08-05,2025,SHORT,-201.25,272.7,23145.25,23171.75,-25.5,-535.0,63255.0,64325.0,-1070.0
2025-08-06,2025,LONG,246.75,274.6,23415.5,23430.0,15.5,285.0,63540.0,64325.0,-785.0
2025-08-07,2025,SHORT,-195.0,284.4,23408.25,23396.5,12.75,230.0,63770.0,64325.0,-555.0
2025-08-08,2025,LONG,169.25,298.0,23711.5,23706.25,-4.25,-110.0,63660.0,64325.0,-665.0
2025-08-12,2025,LONG,174.0,295.0,23908.25,23923.0,15.75,290.0,63950.0,64325.0,-375.0
2025-08-13,2025,SHORT,-110.75,307.6,23932.0,23936.75,-3.75,-100.0,63850.0,64325.0,-475.0
2025-08-15,2025,SHORT,-97.75,316.6,23810.5,23807.75,3.75,50.0,63900.0,64325.0,-425.0
2025-08-19,2025,SHORT,-300.25,317.4,23457.25,23460.0,-1.75,-60.0,63840.0,64325.0,-485.0
2025-08-20,2025,SHORT,-182.5,330.2,23245.0,23320.5,-74.5,-1515.0,62325.0,64325.0,-2000.0
2025-08-22,2025,LONG,322.0,300.8,23587.75,23575.0,-11.75,-260.0,62065.0,64325.0,-2260.0
2025-08-28,2025,LONG,148.75,274.1,23789.25,23777.0,-11.25,-250.0,61815.0,64325.0,-2510.0
2025-08-29,2025,SHORT,-193.0,280.9,23457.75,23463.75,-5.0,-125.0,61690.0,64325.0,-2635.0
2025-09-02,2025,LONG,88.75,286.7,23191.0,23233.25,43.25,840.0,62530.0,64325.0,-1795.0
2025-09-04,2025,LONG,139.75,310.8,23621.25,23628.25,8.0,135.0,62665.0,64325.0,-1660.0
2025-09-05,2025,SHORT,-217.75,314.0,23654.25,23683.75,-28.5,-595.0,62070.0,64325.0,-2255.0
2025-09-10,2025,SHORT,-136.5,296.6,23861.75,23810.5,52.25,1020.0,63090.0,64325.0,-1235.0
2025-09-12,2025,LONG,113.25,269.2,24154.75,24123.75,-30.0,-625.0,62465.0,64325.0,-1860.0
2025-09-15,2025,LONG,95.5,270.5,24514.5,24514.75,1.25,0.0,62465.0,64325.0,-1860.0
2025-09-17,2025,SHORT,-128.0,288.2,24392.75,24531.25,-137.5,-2775.0,59690.0,64325.0,-4635.0
2025-09-22,2025,LONG,197.25,280.8,25014.0,25016.5,3.5,45.0,59735.0,64325.0,-4590.0
2025-09-23,2025,SHORT,-210.75,266.1,24790.5,24802.75,-11.25,-250.0,59485.0,64325.0,-4840.0
2025-09-24,2025,SHORT,-146.25,267.4,24740.0,24724.0,17.0,315.0,59800.0,64325.0,-4525.0
2025-10-01,2025,LONG,261.0,267.6,25023.0,25023.25,1.25,0.0,59800.0,64325.0,-4525.0
2025-10-03,2025,SHORT,-124.5,281.2,25009.5,25004.75,5.75,90.0,59890.0,64325.0,-4435.0
2025-10-07,2025,SHORT,-183.75,274.3,25049.75,25033.75,17.0,315.0,60205.0,64325.0,-4120.0
2025-10-08,2025,LONG,191.0,272.8,25270.5,25311.25,41.75,810.0,61015.0,64325.0,-3310.0
2025-10-09,2025,SHORT,-94.0,272.6,25235.0,25265.75,-29.75,-620.0,60395.0,64325.0,-3930.0
2025-10-10,2025,SHORT,-724.75,272.6,24590.5,24532.5,59.0,1155.0,61550.0,64325.0,-2775.0
2025-10-14,2025,LONG,260.5,337.1,24902.5,24901.0,-0.5,-35.0,61515.0,64325.0,-2810.0
2025-10-16,2025,SHORT,-246.75,366.9,24800.5,24736.5,65.0,1275.0,62790.0,64325.0,-1535.0
2025-10-17,2025,LONG,260.5,388.9,24997.5,25024.75,28.25,540.0,63330.0,64325.0,-995.0
2025-10-20,2025,LONG,208.25,416.9,25326.75,25321.25,-4.5,-115.0,63215.0,64325.0,-1110.0
2025-10-22,2025,SHORT,-308.0,414.7,24957.25,25010.0,-51.75,-1060.0,62155.0,64325.0,-2170.0
2025-10-23,2025,LONG,257.5,439.5,25275.25,25274.5,0.25,-20.0,62135.0,64325.0,-2190.0
2025-10-28,2025,LONG,143.25,447.1,26196.0,26225.25,30.25,580.0,62715.0,64325.0,-1610.0
2025-10-30,2025,SHORT,-136.25,448.1,25987.0,25928.0,60.0,1175.0,63890.0,64325.0,-435.0
2025-10-31,2025,SHORT,-185.25,414.2,26010.25,26086.25,-75.0,-1525.0,62365.0,64325.0,-1960.0
2025-11-04,2025,SHORT,-136.75,385.1,25605.25,25621.25,-15.0,-325.0,62040.0,64325.0,-2285.0
2025-11-05,2025,LONG,321.0,392.9,25862.75,25833.0,-28.75,-600.0,61440.0,64325.0,-2885.0
2025-11-06,2025,SHORT,-269.75,397.3,25405.25,25354.75,51.5,1005.0,62445.0,64325.0,-1880.0
2025-11-10,2025,LONG,163.25,413.4,25701.5,25709.5,9.0,155.0,62600.0,64325.0,-1725.0
2025-11-12,2025,SHORT,-198.25,419.4,25574.0,25603.25,-28.25,-590.0,62010.0,64325.0,-2315.0
2025-11-13,2025,SHORT,-422.75,418.7,25050.5,25073.75,-22.25,-470.0,61540.0,64325.0,-2785.0
2025-11-14,2025,LONG,504.5,449.0,25230.0,25139.5,-89.5,-1815.0,59725.0,64325.0,-4600.0
2025-11-17,2025,SHORT,-241.5,476.6,24746.5,24788.75,-41.25,-850.0,58875.0,64325.0,-5450.0
2025-11-20,2025,SHORT,-815.0,523.7,24391.5,24294.0,98.5,1945.0,60820.0,64325.0,-3505.0
2025-11-21,2025,LONG,255.25,582.8,24455.25,24388.25,-66.0,-1345.0,59475.0,64325.0,-4850.0
2025-11-24,2025,LONG,391.75,614.1,24916.5,24935.75,20.25,380.0,59855.0,64325.0,-4470.0
2025-12-08,2025,SHORT,-199.25,500.3,25595.75,25616.0,-19.25,-410.0,59445.0,64325.0,-4880.0
2025-12-10,2025,LONG,176.25,445.8,25836.25,25836.0,0.75,-10.0,59435.0,64325.0,-4890.0
2025-12-12,2025,SHORT,-316.25,350.0,25243.75,25210.5,34.25,660.0,60095.0,64325.0,-4230.0
2025-12-15,2025,SHORT,-265.75,348.6,25398.75,25370.5,29.25,560.0,60655.0,64325.0,-3670.0
2025-12-17,2025,SHORT,-447.0,353.5,24975.25,24955.5,20.75,390.0,61045.0,64325.0,-3280.0
2025-12-19,2025,LONG,207.75,383.9,25568.5,25581.75,14.25,260.0,61305.0,64325.0,-3020.0
2025-12-23,2025,LONG,153.0,373.8,25797.5,25797.5,1.0,-5.0,61300.0,64325.0,-3025.0
2025-12-31,2025,SHORT,-143.0,357.7,25537.25,25478.5,59.75,1170.0,62470.0,64325.0,-1855.0
2026-01-02,2026,SHORT,-287.5,352.3,25397.25,25432.0,-33.75,-700.0,61770.0,64325.0,-2555.0
2026-01-06,2026,LONG,171.75,337.9,25808.75,25809.5,1.75,10.0,61780.0,64325.0,-2545.0
2026-01-07,2026,LONG,112.0,320.5,25905.0,25859.75,-44.25,-910.0,60870.0,64325.0,-3455.0
2026-01-08,2026,SHORT,-152.25,312.7,25632.75,25676.5,-42.75,-880.0,59990.0,64325.0,-4335.0
2026-01-09,2026,LONG,240.5,286.6,25952.0,25966.75,15.75,290.0,60280.0,64325.0,-4045.0
2026-01-12,2026,LONG,268.5,275.7,26014.0,25990.5,-22.5,-475.0,59805.0,64325.0,-4520.0
2026-01-13,2026,SHORT,-84.25,275.5,25864.0,25827.75,37.25,720.0,60525.0,64325.0,-3800.0
2026-01-14,2026,SHORT,-239.25,281.3,25500.5,25565.0,-63.5,-1295.0,59230.0,64325.0,-5095.0
2026-01-15,2026,SHORT,-167.25,303.8,25753.5,25719.5,35.0,675.0,59905.0,64325.0,-4420.0
2026-01-16,2026,SHORT,-151.75,310.0,25713.25,25711.75,2.5,25.0,59930.0,64325.0,-4395.0
2026-01-21,2026,LONG,442.25,347.1,25641.25,25486.0,-154.25,-3110.0,56820.0,64325.0,-7505.0
2026-01-23,2026,LONG,140.0,352.7,25750.0,25709.75,-39.25,-810.0,56010.0,64325.0,-8315.0
2026-01-26,2026,LONG,129.5,353.0,25878.75,25880.5,2.75,30.0,56040.0,64325.0,-8285.0
2026-01-29,2026,SHORT,-284.5,371.1,25849.75,25854.5,-3.75,-100.0,55940.0,64325.0,-8385.0
2026-01-30,2026,SHORT,-176.0,401.1,25660.75,25596.25,65.5,1285.0,57225.0,64325.0,-7100.0
2026-02-02,2026,LONG,304.5,406.0,25847.5,25863.5,17.0,315.0,57540.0,64325.0,-6785.0
2026-02-03,2026,SHORT,-618.5,446.5,25310.0,25330.75,-19.75,-420.0,57120.0,64325.0,-7205.0
2026-02-04,2026,SHORT,-279.25,469.9,25111.0,25059.75,52.25,1020.0,58140.0,64325.0,-6185.0
2026-02-06,2026,LONG,310.25,521.2,25061.25,25109.0,48.75,950.0,59090.0,64325.0,-5235.0
2026-02-09,2026,LONG,341.25,554.1,25396.0,25363.5,-31.5,-655.0,58435.0,64325.0,-5890.0
2026-02-12,2026,SHORT,-447.75,547.0,24898.5,24805.0,94.5,1865.0,60300.0,64325.0,-4025.0
2026-02-20,2026,LONG,307.75,564.2,25022.75,25020.75,-1.0,-45.0,60255.0,64325.0,-4070.0
2026-02-23,2026,SHORT,-289.0,540.4,24689.75,24707.5,-16.75,-360.0,59895.0,64325.0,-4430.0
2026-02-24,2026,LONG,216.5,508.4,25021.25,24998.25,-22.0,-465.0,59430.0,64325.0,-4895.0
2026-02-25,2026,LONG,208.5,481.7,25368.5,25366.25,-1.25,-50.0,59380.0,64325.0,-4945.0
2026-02-26,2026,SHORT,-279.0,464.7,25061.75,25029.25,33.5,645.0,60025.0,64325.0,-4300.0
2026-03-02,2026,LONG,438.25,419.9,25082.75,24967.0,-114.75,-2320.0,57705.0,64325.0,-6620.0
2026-03-03,2026,LONG,252.25,448.8,24785.75,24781.75,-3.0,-85.0,57620.0,64325.0,-6705.0
2026-03-04,2026,LONG,335.5,468.1,25188.5,25150.25,-37.25,-770.0,56850.0,64325.0,-7475.0
2026-03-09,2026,LONG,223.25,479.1,24659.75,24951.5,292.75,5830.0,62680.0,64325.0,-1645.0
2026-03-12,2026,SHORT,-176.0,520.5,24598.5,24616.0,-16.5,-355.0,62325.0,64325.0,-2000.0
2026-03-13,2026,SHORT,-197.0,516.6,24447.0,24377.0,71.0,1395.0,63720.0,64325.0,-605.0
2026-03-18,2026,SHORT,-184.5,546.6,24743.0,24721.25,22.75,430.0,64150.0,64325.0,-175.0
2026-03-20,2026,SHORT,-393.0,553.3,24095.25,24060.25,36.0,695.0,64845.0,64845.0,0.0
2026-03-26,2026,SHORT,-273.5,540.9,23884.75,23843.25,42.5,825.0,65670.0,65670.0,0.0
2026-03-27,2026,SHORT,-314.5,548.5,23341.5,23331.75,10.75,190.0,65860.0,65860.0,0.0
2026-03-30,2026,SHORT,-388.0,523.4,23123.5,23037.75,86.75,1710.0,67570.0,67570.0,0.0
2026-03-31,2026,LONG,473.75,535.0,23857.75,23881.5,24.75,470.0,68040.0,68040.0,0.0
2026-04-02,2026,LONG,377.0,589.9,24140.75,24146.0,6.25,100.0,68140.0,68140.0,0.0
2026-04-08,2026,SHORT,-246.25,586.4,24948.75,24958.0,-8.25,-190.0,67950.0,68140.0,-190.0
2026-04-13,2026,LONG,229.5,569.5,25446.75,25458.0,12.25,220.0,68170.0,68170.0,0.0
2026-04-14,2026,LONG,261.5,544.8,25917.25,25987.75,71.5,1405.0,69575.0,69575.0,0.0
2026-04-15,2026,LONG,279.75,549.8,26304.25,26335.75,32.5,625.0,70200.0,70200.0,0.0
2026-04-23,2026,SHORT,-153.75,446.1,26861.25,26915.75,-53.5,-1095.0,69105.0,70200.0,-1095.0
2026-04-24,2026,LONG,198.0,437.0,27411.75,27422.25,11.5,205.0,69310.0,70200.0,-890.0
2026-05-01,2026,LONG,189.0,402.9,27823.0,27895.75,73.75,1450.0,70760.0,70760.0,0.0
2026-05-05,2026,LONG,180.25,377.5,28167.5,28165.5,-1.0,-45.0,70715.0,70760.0,-45.0
2026-05-06,2026,LONG,250.75,378.4,28639.75,28693.5,54.75,1070.0,71785.0,71785.0,0.0
2026-05-08,2026,LONG,362.0,388.6,29240.25,29261.5,22.25,420.0,72205.0,72205.0,0.0
2026-05-12,2026,SHORT,-257.0,418.0,28959.0,29048.0,-88.0,-1785.0,70420.0,72205.0,-1785.0
2026-05-13,2026,LONG,185.75,442.9,29474.25,29525.5,52.25,1020.0,71440.0,72205.0,-765.0
2026-05-14,2026,LONG,232.25,445.4,29711.75,29699.0,-11.75,-260.0,71180.0,72205.0,-1025.0
2026-05-18,2026,SHORT,-498.5,464.2,28839.25,28923.5,-83.25,-1690.0,69490.0,72205.0,-2715.0
2026-05-20,2026,LONG,227.0,493.7,29301.0,29340.25,40.25,780.0,70270.0,72205.0,-1935.0
2026-05-28,2026,LONG,240.5,508.9,30294.75,30305.25,11.5,205.0,70475.0,72205.0,-1730.0
2026-06-01,2026,LONG,280.5,497.2,30624.5,30623.5,0.0,-25.0,70450.0,72205.0,-1755.0
2026-06-04,2026,LONG,289.75,463.2,30557.5,30593.75,37.25,720.0,71170.0,72205.0,-1035.0
2026-06-05,2026,SHORT,-844.25,448.5,29182.75,29155.5,28.25,540.0,71710.0,72205.0,-495.0
2026-06-09,2026,SHORT,-671.25,543.7,29068.75,28953.25,116.5,2305.0,74015.0,74015.0,0.0
2026-06-10,2026,SHORT,-245.5,622.2,28600.0,28546.75,54.25,1060.0,75075.0,75075.0,0.0
2026-06-11,2026,LONG,515.5,646.6,29267.0,29423.75,157.75,3130.0,78205.0,78205.0,0.0
2026-06-15,2026,LONG,228.0,707.2,30859.75,30831.5,-27.25,-570.0,77635.0,78205.0,-570.0
