date,book_pnl,book_cum
1995-04-03,-4.75,-4.75
1995-04-04,2.0,-2.75
1995-04-05,21.0,18.25
1995-04-06,-7.0,11.25
1995-04-07,-8.0,3.25
1995-04-10,-31.0,-27.75
1995-04-11,4.0,-23.75
1995-04-12,-3.0,-26.75
1995-04-13,-3.0,-29.75
1995-04-17,41.0,11.25
1995-04-18,13.0,24.25
1995-04-19,-4.0,20.25
1995-04-20,-27.0,-6.75
1995-04-21,-20.0,-26.75
1995-04-24,4.0,-22.75
1995-04-25,-8.0,-30.75
1995-04-26,-43.0,-73.75
1995-04-27,19.0,-54.75
1995-04-28,-14.0,-68.75
1995-05-01,13.0,-55.75
1995-05-02,8.0,-47.75
1995-05-03,8.0,-39.75
1995-05-04,16.0,-23.75
1995-05-05,-6.0,-29.75
1995-05-08,-15.0,-44.75
1995-05-09,-63.0,-107.75
1995-05-10,-1.0,-108.75
1995-05-11,-1.0,-109.75
1995-05-12,-1.0,-110.75
1995-05-15,13.0,-97.75
1995-05-16,-1.0,-98.75
1995-05-17,-13.0,-111.75
1995-05-18,0.0,-111.75
1995-05-19,-11.0,-122.75
1995-05-22,-3.0,-125.75
1995-05-23,10.0,-115.75
1995-05-24,9.0,-106.75
1995-05-25,12.0,-94.75
1995-05-26,7.0,-87.75
1995-05-30,13.0,-74.75
1995-05-31,-3.0,-77.75
1995-06-01,7.0,-70.75
1995-06-02,-14.75,-85.5
1995-11-27,-4.75,-90.25
1995-11-28,-30.0,-120.25
1995-11-29,-13.0,-133.25
1995-11-30,6.0,-127.25
1995-12-01,12.0,-115.25
1995-12-04,1.0,-114.25
1995-12-05,-14.0,-128.25
1995-12-06,-16.0,-144.25
1995-12-07,-2.0,-146.25
1995-12-08,-9.0,-155.25
1995-12-11,14.0,-141.25
1995-12-12,2.0,-139.25
1995-12-13,19.0,-120.25
1995-12-14,6.0,-114.25
1995-12-15,-3.0,-117.25
1995-12-18,-10.0,-127.25
1995-12-19,2.0,-125.25
1995-12-20,-12.0,-137.25
1995-12-21,9.0,-128.25
1995-12-22,5.0,-123.25
1995-12-26,-4.0,-127.25
1995-12-27,9.0,-118.25
1995-12-28,-1.0,-119.25
1995-12-29,-3.0,-122.25
1996-01-02,-38.0,-160.25
1996-01-03,-43.0,-203.25
1996-01-04,8.0,-195.25
1996-01-05,-11.0,-206.25
1996-01-08,0.0,-206.25
1996-01-09,-4.0,-210.25
1996-01-10,-33.0,-243.25
1996-01-11,9.0,-234.25
1996-01-12,26.0,-208.25
1996-01-15,6.0,-202.25
1996-01-16,-27.0,-229.25
1996-01-17,-12.0,-241.25
1996-01-18,24.0,-217.25
1996-01-19,-23.0,-240.25
1996-01-22,-36.0,-276.25
1996-01-23,-1.0,-277.25
1996-01-24,1.0,-276.25
1996-01-25,-32.0,-308.25
1996-01-26,7.25,-301.0
1996-02-02,19.25,-281.75
1996-02-05,-18.0,-299.75
1996-02-06,-13.0,-312.75
1996-02-07,-32.0,-344.75
1996-02-08,1.0,-343.75
1996-02-09,-37.0,-380.75
1996-02-12,-45.0,-425.75
1996-02-13,18.0,-407.75
1996-02-14,14.0,-393.75
1996-02-15,-8.0,-401.75
1996-02-16,18.0,-383.75
1996-02-20,-64.0,-447.75
1996-02-21,29.0,-418.75
1996-02-22,-25.0,-443.75
1996-02-23,-16.0,-459.75
1996-02-26,7.0,-452.75
1996-02-27,-10.0,-462.75
1996-02-28,25.0,-437.75
1996-02-29,-9.0,-446.75
1996-03-01,-10.0,-456.75
1996-03-04,-50.0,-506.75
1996-03-05,-6.0,-512.75
1996-03-06,-2.0,-514.75
1996-03-07,20.0,-494.75
1996-03-08,18.0,-476.75
1996-03-11,-15.0,-491.75
1996-03-12,8.0,-483.75
1996-03-13,2.0,-481.75
1996-03-14,-12.0,-493.75
1996-03-15,4.0,-489.75
1996-03-18,-6.0,-495.75
1996-03-19,-3.0,-498.75
1996-03-20,5.0,-493.75
1996-03-21,22.0,-471.75
1996-03-22,2.0,-469.75
1996-03-25,1.0,-468.75
1996-03-26,15.0,-453.75
1996-03-27,-1.0,-454.75
1996-03-28,-7.0,-461.75
1996-03-29,-13.0,-474.75
1996-04-01,-7.0,-481.75
1996-04-02,-11.0,-492.75
1996-04-03,0.25,-492.5
1996-06-06,0.25,-492.25
1996-06-07,8.0,-484.25
1996-06-10,-9.0,-493.25
1996-06-11,16.0,-477.25
1996-06-12,1.0,-476.25
1996-06-13,3.0,-473.25
1996-06-14,-6.0,-479.25
1996-06-17,-2.0,-481.25
1996-06-18,-4.0,-485.25
1996-06-19,12.0,-473.25
1996-06-20,2.0,-471.25
1996-06-21,-5.0,-476.25
1996-06-24,1.0,-475.25
1996-06-25,11.0,-464.25
1996-06-26,9.0,-455.25
1996-06-27,11.0,-444.25
1996-06-28,20.0,-424.25
1996-07-01,-11.0,-435.25
1996-07-02,-6.0,-441.25
1996-07-03,8.0,-433.25
1996-07-08,4.0,-429.25
1996-07-09,-14.0,-443.25
1996-07-10,1.0,-442.25
1996-07-11,-12.0,-454.25
1996-07-12,2.0,-452.25
1996-07-15,-13.0,-465.25
1996-07-16,15.0,-450.25
1996-07-17,0.0,-450.25
1996-07-18,-4.0,-454.25
1996-07-19,-7.0,-461.25
1996-07-22,-2.0,-463.25
1996-07-23,0.0,-463.25
1996-07-24,-8.0,-471.25
1996-07-25,6.0,-465.25
1996-07-26,0.0,-465.25
1996-07-29,7.0,-458.25
1996-07-30,-53.0,-511.25
1996-07-31,-28.0,-539.25
1996-08-01,10.0,-529.25
1996-08-02,-11.0,-540.25
1996-08-05,-18.0,-558.25
1996-08-06,6.0,-552.25
1996-08-07,1.25,-551.0
1996-10-01,-3.75,-554.75
1996-10-02,-13.0,-567.75
1996-10-03,-4.0,-571.75
1996-10-04,1.0,-570.75
1996-10-07,0.0,-570.75
1996-10-08,-8.0,-578.75
1996-10-09,-1.0,-579.75
1996-10-10,-10.0,-589.75
1996-10-11,11.0,-578.75
1996-10-14,-4.0,-582.75
1996-10-15,5.0,-577.75
1996-10-16,3.0,-574.75
1996-10-17,4.0,-570.75
1996-10-18,5.0,-565.75
1996-10-21,-18.0,-583.75
1996-10-22,-22.0,-605.75
1996-10-23,2.0,-603.75
1996-10-24,10.0,-593.75
1996-10-25,3.0,-590.75
1996-10-28,0.0,-590.75
1996-10-29,30.0,-560.75
1996-10-30,3.0,-557.75
1996-10-31,22.0,-535.75
1996-11-01,-1.0,-536.75
1996-11-04,-4.0,-540.75
1996-11-05,0.0,-540.75
1996-11-06,9.0,-531.75
1996-11-07,-9.0,-540.75
1996-11-08,-9.0,-549.75
1996-11-11,-23.0,-572.75
1996-11-12,-6.0,-578.75
1996-11-13,-8.0,-586.75
1996-11-14,24.0,-562.75
1996-11-15,7.0,-555.75
1996-11-18,14.0,-541.75
1996-11-19,13.0,-528.75
1996-11-20,-6.0,-534.75
1996-11-21,25.0,-509.75
1996-11-22,2.0,-507.75
1996-11-25,18.0,-489.75
1996-11-26,-2.0,-491.75
1996-11-27,17.0,-474.75
1996-12-02,19.25,-455.5
1996-12-04,-21.75,-477.25
1996-12-05,-5.0,-482.25
1996-12-06,22.0,-460.25
1996-12-09,11.0,-449.25
1996-12-10,-8.0,-457.25
1996-12-11,-1.0,-458.25
1996-12-12,-2.0,-460.25
1996-12-13,4.0,-456.25
1996-12-16,5.0,-451.25
1996-12-17,-6.0,-457.25
1996-12-18,-8.0,-465.25
1996-12-19,2.0,-463.25
1996-12-20,6.0,-457.25
1996-12-23,-1.0,-458.25
1996-12-24,0.0,-458.25
1996-12-26,-5.0,-463.25
1996-12-27,0.0,-463.25
1996-12-30,-1.0,-464.25
1996-12-31,20.0,-444.25
1997-01-02,26.0,-418.25
1997-01-03,46.0,-372.25
1997-01-06,33.0,-339.25
1997-01-07,-10.0,-349.25
1997-01-08,29.0,-320.25
1997-01-09,-20.0,-340.25
1997-01-10,-14.0,-354.25
1997-01-13,5.0,-349.25
1997-01-14,50.0,-299.25
1997-01-15,15.0,-284.25
1997-01-16,-18.0,-302.25
1997-01-17,-14.0,-316.25
1997-01-20,18.0,-298.25
1997-01-21,8.0,-290.25
1997-01-22,21.0,-269.25
1997-01-23,-8.0,-277.25
1997-01-24,-9.0,-286.25
1997-01-27,-39.0,-325.25
1997-01-28,33.0,-292.25
1997-01-29,22.0,-270.25
1997-01-30,43.0,-227.25
1997-01-31,15.0,-212.25
1997-02-03,-25.0,-237.25
1997-02-04,19.25,-218.0
1997-06-30,4.25,-213.75
1997-07-01,2.0,-211.75
1997-07-02,28.0,-183.75
1997-07-03,71.0,-112.75
1997-07-07,62.0,-50.75
1997-07-08,-20.0,-70.75
1997-07-09,21.0,-49.75
1997-07-10,-19.0,-68.75
1997-07-11,-14.0,-82.75
1997-07-14,14.0,-68.75
1997-07-15,18.0,-50.75
1997-07-16,3.0,-47.75
1997-07-17,-60.0,-107.75
1997-07-18,-49.0,-156.75
1997-07-21,34.0,-122.75
1997-07-22,2.0,-120.75
1997-07-23,22.0,-98.75
1997-07-24,0.0,-98.75
1997-07-25,-27.0,-125.75
1997-07-28,-30.0,-155.75
1997-07-29,37.0,-118.75
1997-07-30,-48.0,-166.75
1997-07-31,20.0,-146.75
1997-08-01,-3.0,-149.75
1997-08-04,8.0,-141.75
1997-08-05,35.0,-106.75
1997-08-06,21.0,-85.75
1997-08-07,-33.0,-118.75
1997-08-08,-46.0,-164.75
1997-08-11,-21.0,-185.75
1997-08-12,17.0,-168.75
1997-08-13,1.0,-167.75
1997-08-14,27.0,-140.75
1997-08-15,-15.0,-155.75
1997-08-18,48.0,-107.75
1997-08-19,-18.0,-125.75
1997-08-20,18.0,-107.75
1997-08-21,-19.0,-126.75
1997-08-22,-31.0,-157.75
1997-08-25,17.0,-140.75
1997-08-26,-10.0,-150.75
1997-08-27,2.0,-148.75
1997-08-28,15.25,-133.5
1997-10-27,-28.75,-162.25
1997-10-28,-42.0,-204.25
1997-10-29,21.0,-183.25
1997-10-30,-28.0,-211.25
1997-10-31,51.0,-160.25
1997-11-03,-23.0,-183.25
1997-11-04,-4.0,-187.25
1997-11-05,3.0,-184.25
1997-11-06,13.0,-171.25
1997-11-07,20.0,-151.25
1997-11-10,1.0,-150.25
1997-11-11,5.0,-145.25
1997-11-12,22.0,-123.25
1997-11-13,-4.0,-127.25
1997-11-14,45.0,-82.25
1997-11-17,-4.0,-86.25
1997-11-18,-29.0,-115.25
1997-11-19,26.0,-89.25
1997-11-20,12.0,-77.25
1997-11-21,-21.0,-98.25
1997-11-24,20.0,-78.25
1997-11-25,34.0,-44.25
1997-11-26,36.0,-8.25
1997-12-01,12.0,3.75
1997-12-02,-2.0,1.75
1997-12-03,14.0,15.75
1997-12-04,60.0,75.75
1997-12-05,-20.0,55.75
1997-12-08,5.0,60.75
1997-12-09,51.0,111.75
1997-12-10,-37.0,74.75
1997-12-11,26.0,100.75
1997-12-12,12.0,112.75
1997-12-15,-16.0,96.75
1997-12-16,10.0,106.75
1997-12-17,-57.0,49.75
1997-12-18,19.0,68.75
1997-12-19,-19.0,49.75
1997-12-22,-16.0,33.75
1997-12-23,-28.0,5.75
1997-12-24,-24.0,-18.25
1997-12-26,17.0,-1.25
1997-12-29,35.25,34.0
1998-01-06,0.25,34.25
1998-01-07,-24.0,10.25
1998-01-08,29.0,39.25
1998-01-09,27.0,66.25
1998-01-12,2.0,68.25
1998-01-13,-49.0,19.25
1998-01-14,14.0,33.25
1998-01-15,-40.0,-6.75
1998-01-16,-47.0,-53.75
1998-01-20,-2.0,-55.75
1998-01-21,-20.0,-75.75
1998-01-22,20.0,-55.75
1998-01-23,-90.0,-145.75
1998-01-26,32.0,-113.75
1998-01-27,-36.0,-149.75
1998-01-28,-53.0,-202.75
1998-01-29,11.0,-191.75
1998-01-30,3.0,-188.75
1998-02-02,-4.0,-192.75
1998-02-03,78.0,-114.75
1998-02-04,-40.0,-154.75
1998-02-05,5.0,-149.75
1998-02-06,7.0,-142.75
1998-02-09,-16.0,-158.75
1998-02-10,-7.0,-165.75
1998-02-11,5.0,-160.75
1998-02-12,14.0,-146.75
1998-02-13,-12.0,-158.75
1998-02-17,21.0,-137.75
1998-02-18,4.0,-133.75
1998-02-19,-13.0,-146.75
1998-02-20,17.0,-129.75
1998-02-23,40.0,-89.75
1998-02-24,20.0,-69.75
1998-02-25,-4.0,-73.75
1998-02-26,-23.0,-96.75
1998-02-27,-47.0,-143.75
1998-03-02,-4.0,-147.75
1998-03-03,20.0,-127.75
1998-03-04,17.0,-110.75
1998-03-05,27.0,-83.75
1998-03-06,-11.0,-94.75
1998-03-09,0.25,-94.5
1998-08-28,18.25,-76.25
1998-08-31,-10.0,-86.25
1998-09-01,-33.0,-119.25
1998-09-02,-12.0,-131.25
1998-09-03,-49.0,-180.25
1998-09-04,-18.0,-198.25
1998-09-08,9.0,-189.25
1998-09-09,18.0,-171.25
1998-09-10,-64.0,-235.25
1998-09-11,-30.0,-265.25
1998-09-14,34.0,-231.25
1998-09-15,4.0,-227.25
1998-09-16,24.0,-203.25
1998-09-17,-33.0,-236.25
1998-09-18,-3.0,-239.25
1998-09-21,26.0,-213.25
1998-09-22,11.0,-202.25
1998-09-23,-20.0,-222.25
1998-09-24,-39.0,-261.25
1998-09-25,2.0,-259.25
1998-09-28,-18.0,-277.25
1998-09-29,11.0,-266.25
1998-09-30,-21.0,-287.25
1998-10-01,-31.0,-318.25
1998-10-02,-7.0,-325.25
1998-10-05,38.0,-287.25
1998-10-06,7.0,-280.25
1998-10-07,-46.0,-326.25
1998-10-08,9.0,-317.25
1998-10-09,35.0,-282.25
1998-10-12,3.0,-279.25
1998-10-13,-3.0,-282.25
1998-10-14,7.0,-275.25
1998-10-15,-14.0,-289.25
1998-10-16,-25.0,-314.25
1998-10-19,39.0,-275.25
1998-10-20,0.0,-275.25
1998-10-21,10.0,-265.25
1998-10-22,32.0,-233.25
1998-10-23,-6.0,-239.25
1998-10-26,6.0,-233.25
1998-10-27,-12.0,-245.25
1998-10-28,2.25,-243.0
1999-03-29,-7.75,-250.75
1999-03-30,-10.0,-260.75
1999-03-31,-6.0,-266.75
1999-04-01,-1.0,-267.75
1999-04-05,17.0,-250.75
1999-04-06,-15.0,-265.75
1999-04-07,-5.0,-270.75
1999-04-08,-4.0,-274.75
1999-04-09,-7.0,-281.75
1999-04-12,-11.0,-292.75
1999-04-13,-11.0,-303.75
1999-04-14,24.0,-279.75
1999-04-15,-21.0,-300.75
1999-04-16,-3.0,-303.75
1999-04-19,-7.0,-310.75
1999-04-20,4.0,-306.75
1999-04-21,4.0,-302.75
1999-04-22,3.0,-299.75
1999-04-23,3.0,-296.75
1999-04-26,23.0,-273.75
1999-04-27,-9.0,-282.75
1999-04-28,-6.0,-288.75
1999-04-29,-32.0,-320.75
1999-04-30,-5.0,-325.75
1999-05-03,2.0,-323.75
1999-05-04,7.0,-316.75
1999-05-05,-16.0,-332.75
1999-05-06,-22.0,-354.75
1999-05-07,70.0,-284.75
1999-05-10,53.0,-231.75
1999-05-11,-4.0,-235.75
1999-05-12,10.0,-225.75
1999-05-13,-3.0,-228.75
1999-05-14,19.0,-209.75
1999-05-17,14.0,-195.75
1999-05-18,6.0,-189.75
1999-05-19,7.0,-182.75
1999-05-20,-12.0,-194.75
1999-05-21,14.0,-180.75
1999-05-24,4.0,-176.75
1999-05-25,21.0,-155.75
1999-05-26,13.0,-142.75
1999-05-27,-11.75,-154.5
1999-06-09,26.25,-128.25
1999-06-10,10.0,-118.25
1999-06-11,-22.0,-140.25
1999-06-14,3.0,-137.25
1999-06-15,10.0,-127.25
1999-06-16,11.0,-116.25
1999-06-17,-1.0,-117.25
1999-06-18,-9.0,-126.25
1999-06-21,6.0,-120.25
1999-06-22,4.0,-116.25
1999-06-23,-19.0,-135.25
1999-06-24,-6.0,-141.25
1999-06-25,16.0,-125.25
1999-06-28,-12.0,-137.25
1999-06-29,0.0,-137.25
1999-06-30,-16.0,-153.25
1999-07-01,-8.0,-161.25
1999-07-02,-2.0,-163.25
1999-07-06,68.0,-95.25
1999-07-07,-2.0,-97.25
1999-07-08,3.0,-94.25
1999-07-09,-4.0,-98.25
1999-07-12,16.0,-82.25
1999-07-13,-2.0,-84.25
1999-07-14,17.0,-67.25
1999-07-15,2.0,-65.25
1999-07-16,3.0,-62.25
1999-07-19,6.0,-56.25
1999-07-20,-2.0,-58.25
1999-07-21,-22.0,-80.25
1999-07-22,-4.0,-84.25
1999-07-23,13.0,-71.25
1999-07-26,7.0,-64.25
1999-07-27,2.0,-62.25
1999-07-28,0.0,-62.25
1999-07-29,-52.0,-114.25
1999-07-30,9.0,-105.25
1999-08-02,10.0,-95.25
1999-08-03,-7.0,-102.25
1999-08-04,-1.0,-103.25
1999-08-05,6.0,-97.25
1999-08-06,-6.0,-103.25
1999-08-09,-8.75,-112.0
1999-09-29,-92.75,-204.75
1999-09-30,-25.0,-229.75
1999-10-01,58.0,-171.75
1999-10-04,127.0,-44.75
1999-10-05,80.0,35.25
1999-10-06,0.0,35.25
1999-10-07,-17.0,18.25
1999-10-08,-26.0,-7.75
1999-10-11,-14.0,-21.75
1999-10-12,-21.0,-42.75
1999-10-13,36.0,-6.75
1999-10-14,-76.0,-82.75
1999-10-15,22.0,-60.75
1999-10-18,-47.0,-107.75
1999-10-19,-22.0,-129.75
1999-10-20,-22.0,-151.75
1999-10-21,-18.0,-169.75
1999-10-22,-22.0,-191.75
1999-10-25,-28.0,-219.75
1999-10-26,-101.0,-320.75
1999-10-27,38.0,-282.75
1999-10-28,62.0,-220.75
1999-10-29,-1.0,-221.75
1999-11-01,-88.0,-309.75
1999-11-02,9.0,-300.75
1999-11-03,9.0,-291.75
1999-11-04,4.0,-287.75
1999-11-05,-27.0,-314.75
1999-11-08,1.0,-313.75
1999-11-09,20.0,-293.75
1999-11-10,60.0,-233.75
1999-11-11,-42.0,-275.75
1999-11-12,-28.0,-303.75
1999-11-15,4.0,-299.75
1999-11-16,28.0,-271.75
1999-11-17,4.0,-267.75
1999-11-18,-6.0,-273.75
1999-11-19,6.0,-267.75
1999-11-22,-1.0,-268.75
1999-11-23,31.0,-237.75
1999-11-24,7.0,-230.75
1999-11-29,-59.0,-289.75
1999-11-30,-6.75,-296.5
2000-03-30,-2.75,-299.25
2000-03-31,-23.0,-322.25
2000-04-03,10.0,-312.25
2000-04-04,-62.0,-374.25
2000-04-05,28.0,-346.25
2000-04-06,11.0,-335.25
2000-04-07,2.0,-333.25
2000-04-10,-15.0,-348.25
2000-04-11,3.0,-345.25
2000-04-12,2.0,-343.25
2000-04-13,3.0,-340.25
2000-04-14,-14.0,-354.25
2000-04-17,4.0,-350.25
2000-04-18,12.0,-338.25
2000-04-19,5.0,-333.25
2000-04-20,10.0,-323.25
2000-04-24,3.0,-320.25
2000-04-25,14.0,-306.25
2000-04-26,27.0,-279.25
2000-04-27,-13.0,-292.25
2000-04-28,37.0,-255.25
2000-05-01,-1.0,-256.25
2000-05-02,-22.0,-278.25
2000-05-03,-21.0,-299.25
2000-05-04,-21.0,-320.25
2000-05-05,11.0,-309.25
2000-05-08,25.0,-284.25
2000-05-09,-6.0,-290.25
2000-05-10,-5.0,-295.25
2000-05-11,22.0,-273.25
2000-05-12,-4.0,-277.25
2000-05-15,5.0,-272.25
2000-05-16,2.0,-270.25
2000-05-17,24.0,-246.25
2000-05-18,1.0,-245.25
2000-05-19,-9.0,-254.25
2000-05-22,-16.0,-270.25
2000-05-23,15.0,-255.25
2000-05-24,9.0,-246.25
2000-05-25,31.0,-215.25
2000-05-26,-15.0,-230.25
2000-05-30,-33.0,-263.25
2000-05-31,5.25,-258.0
2000-10-26,14.25,-243.75
2000-10-27,7.0,-236.75
2000-10-30,1.0,-235.75
2000-10-31,-6.0,-241.75
2000-11-01,10.0,-231.75
2000-11-02,-5.0,-236.75
2000-11-03,-2.0,-238.75
2000-11-06,1.0,-237.75
2000-11-07,6.0,-231.75
2000-11-08,-7.0,-238.75
2000-11-09,-8.0,-246.75
2000-11-10,14.0,-232.75
2000-11-13,2.0,-230.75
2000-11-14,-1.0,-231.75
2000-11-15,-2.0,-233.75
2000-11-16,-7.0,-240.75
2000-11-17,1.0,-239.75
2000-11-20,-6.0,-245.75
2000-11-21,7.0,-238.75
2000-11-22,-6.0,-244.75
2000-11-27,-36.0,-280.75
2000-11-28,5.0,-275.75
2000-11-29,2.0,-273.75
2000-11-30,-37.0,-310.75
2000-12-01,14.0,-296.75
2000-12-04,-19.0,-315.75
2000-12-05,5.0,-310.75
2000-12-06,-40.0,-350.75
2000-12-07,12.0,-338.75
2000-12-08,10.0,-328.75
2000-12-11,20.0,-308.75
2000-12-12,-1.0,-309.75
2000-12-13,20.0,-289.75
2000-12-14,-3.0,-292.75
2000-12-15,-14.0,-306.75
2000-12-18,9.0,-297.75
2000-12-19,0.0,-297.75
2000-12-20,-27.0,-324.75
2000-12-21,-10.0,-334.75
2000-12-22,2.0,-332.75
2000-12-26,-4.0,-336.75
2000-12-27,-10.0,-346.75
2000-12-28,30.25,-316.5
2001-01-29,-0.75,-317.25
2001-01-30,-52.0,-369.25
2001-01-31,0.0,-369.25
2001-02-01,-27.0,-396.25
2001-02-02,14.0,-382.25
2001-02-05,19.0,-363.25
2001-02-06,20.0,-343.25
2001-02-07,5.0,-338.25
2001-02-08,27.0,-311.25
2001-02-09,2.0,-309.25
2001-02-12,-7.0,-316.25
2001-02-13,5.0,-311.25
2001-02-14,10.0,-301.25
2001-02-15,43.0,-258.25
2001-02-16,-29.0,-287.25
2001-02-20,22.0,-265.25
2001-02-21,-18.0,-283.25
2001-02-22,-4.0,-287.25
2001-02-23,-23.0,-310.25
2001-02-26,-47.0,-357.25
2001-02-27,-16.0,-373.25
2001-02-28,6.0,-367.25
2001-03-01,16.0,-351.25
2001-03-02,31.0,-320.25
2001-03-05,-4.0,-324.25
2001-03-06,26.0,-298.25
2001-03-07,-15.0,-313.25
2001-03-08,-37.0,-350.25
2001-03-09,-54.0,-404.25
2001-03-12,-8.0,-412.25
2001-03-13,48.0,-364.25
2001-03-14,46.0,-318.25
2001-03-15,26.0,-292.25
2001-03-16,19.0,-273.25
2001-03-19,-17.0,-290.25
2001-03-20,-7.0,-297.25
2001-03-21,-14.0,-311.25
2001-03-22,8.0,-303.25
2001-03-23,-3.0,-306.25
2001-03-26,-4.0,-310.25
2001-03-27,10.0,-300.25
2001-03-28,14.0,-286.25
2001-03-29,-8.75,-295.0
2001-05-21,-17.75,-312.75
2001-05-22,-3.0,-315.75
2001-05-23,-15.0,-330.75
2001-05-24,-46.0,-376.75
2001-05-25,-12.0,-388.75
2001-05-29,-43.0,-431.75
2001-05-30,-65.0,-496.75
2001-05-31,-5.0,-501.75
2001-06-01,11.0,-490.75
2001-06-04,-15.0,-505.75
2001-06-05,6.0,-499.75
2001-06-06,-1.0,-500.75
2001-06-07,3.0,-497.75
2001-06-08,72.0,-425.75
2001-06-11,-56.0,-481.75
2001-06-12,37.0,-444.75
2001-06-13,5.0,-439.75
2001-06-14,33.0,-406.75
2001-06-15,-41.0,-447.75
2001-06-18,11.0,-436.75
2001-06-19,10.0,-426.75
2001-06-20,-10.0,-436.75
2001-06-21,2.0,-434.75
2001-06-22,-3.0,-437.75
2001-06-25,14.0,-423.75
2001-06-26,23.0,-400.75
2001-06-27,-42.0,-442.75
2001-06-28,-28.0,-470.75
2001-06-29,13.0,-457.75
2001-07-02,-12.0,-469.75
2001-07-03,-18.0,-487.75
2001-07-05,-25.0,-512.75
2001-07-06,8.0,-504.75
2001-07-09,4.0,-500.75
2001-07-10,-3.0,-503.75
2001-07-11,21.0,-482.75
2001-07-12,-17.0,-499.75
2001-07-13,5.0,-494.75
2001-07-16,-2.0,-496.75
2001-07-17,12.0,-484.75
2001-07-18,22.0,-462.75
2001-07-19,-11.0,-473.75
2001-07-20,3.25,-470.5
2002-04-29,-4.75,-475.25
2002-04-30,-23.0,-498.25
2002-05-01,2.0,-496.25
2002-05-02,-8.0,-504.25
2002-05-03,39.0,-465.25
2002-05-06,-10.0,-475.25
2002-05-07,4.0,-471.25
2002-05-08,-34.0,-505.25
2002-05-09,13.0,-492.25
2002-05-10,15.0,-477.25
2002-05-13,-4.0,-481.25
2002-05-14,-33.0,-514.25
2002-05-15,14.0,-500.25
2002-05-16,11.0,-489.25
2002-05-17,8.0,-481.25
2002-05-20,51.0,-430.25
2002-05-21,1.0,-429.25
2002-05-22,22.0,-407.25
2002-05-23,45.0,-362.25
2002-05-24,-21.0,-383.25
2002-05-28,34.0,-349.25
2002-05-29,14.0,-335.25
2002-05-30,12.0,-323.25
2002-05-31,8.0,-315.25
2002-06-03,2.0,-313.25
2002-06-04,11.0,-302.25
2002-06-05,-67.0,-369.25
2002-06-06,37.0,-332.25
2002-06-07,-4.0,-336.25
2002-06-10,-59.0,-395.25
2002-06-11,10.0,-385.25
2002-06-12,6.0,-379.25
2002-06-13,-26.0,-405.25
2002-06-14,13.0,-392.25
2002-06-17,-17.0,-409.25
2002-06-18,16.0,-393.25
2002-06-19,6.0,-387.25
2002-06-20,34.0,-353.25
2002-06-21,14.0,-339.25
2002-06-24,-4.0,-343.25
2002-06-25,-42.0,-385.25
2002-06-26,3.0,-382.25
2002-06-27,-13.75,-396.0
2002-12-13,14.25,-381.75
2002-12-16,38.0,-343.75
2002-12-17,4.0,-339.75
2002-12-18,47.0,-292.75
2002-12-19,38.0,-254.75
2002-12-20,-55.0,-309.75
2002-12-23,46.0,-263.75
2002-12-24,17.0,-246.75
2002-12-26,21.0,-225.75
2002-12-27,3.0,-222.75
2002-12-30,-56.0,-278.75
2002-12-31,41.0,-237.75
2003-01-02,-17.0,-254.75
2003-01-03,51.0,-203.75
2003-01-06,5.0,-198.75
2003-01-07,-44.0,-242.75
2003-01-08,66.0,-176.75
2003-01-09,-6.0,-182.75
2003-01-10,12.0,-170.75
2003-01-13,2.0,-168.75
2003-01-14,-27.0,-195.75
2003-01-15,-13.0,-208.75
2003-01-16,70.0,-138.75
2003-01-17,-13.0,-151.75
2003-01-21,7.0,-144.75
2003-01-22,24.0,-120.75
2003-01-23,48.0,-72.75
2003-01-24,37.0,-35.75
2003-01-27,10.0,-25.75
2003-01-28,6.0,-19.75
2003-01-29,-37.0,-56.75
2003-01-30,34.0,-22.75
2003-01-31,-6.0,-28.75
2003-02-03,25.0,-3.75
2003-02-04,83.0,79.25
2003-02-05,-27.0,52.25
2003-02-06,-65.0,-12.75
2003-02-07,-2.0,-14.75
2003-02-10,-63.0,-77.75
2003-02-11,-12.0,-89.75
2003-02-12,-100.0,-189.75
2003-02-13,47.0,-142.75
2003-02-14,-56.75,-199.5
2003-09-02,-26.75,-226.25
2003-09-03,7.0,-219.25
2003-09-04,-10.0,-229.25
2003-09-05,47.0,-182.25
2003-09-08,-25.0,-207.25
2003-09-09,66.0,-141.25
2003-09-10,-17.0,-158.25
2003-09-11,-3.0,-161.25
2003-09-12,-39.0,-200.25
2003-09-15,-13.0,-213.25
2003-09-16,-10.0,-223.25
2003-09-17,27.0,-196.25
2003-09-18,4.0,-192.25
2003-09-19,52.0,-140.25
2003-09-22,54.0,-86.25
2003-09-23,-13.0,-99.25
2003-09-24,14.0,-85.25
2003-09-25,-29.0,-114.25
2003-09-26,-37.0,-151.25
2003-09-29,14.0,-137.25
2003-09-30,29.0,-108.25
2003-10-01,-11.0,-119.25
2003-10-02,-13.0,-132.25
2003-10-03,-137.0,-269.25
2003-10-06,33.0,-236.25
2003-10-07,45.0,-191.25
2003-10-08,-18.0,-209.25
2003-10-09,-62.0,-271.25
2003-10-10,43.0,-228.25
2003-10-13,16.0,-212.25
2003-10-14,5.0,-207.25
2003-10-15,-31.0,-238.25
2003-10-16,1.0,-237.25
2003-10-17,-10.0,-247.25
2003-10-20,22.0,-225.25
2003-10-21,76.0,-149.25
2003-10-22,48.0,-101.25
2003-10-23,-18.0,-119.25
2003-10-24,42.0,-77.25
2003-10-27,-10.0,-87.25
2003-10-28,-48.0,-135.25
2003-10-29,36.0,-99.25
2003-10-30,-27.75,-127.0
2003-11-13,-4.75,-131.75
2003-11-14,37.0,-94.75
2003-11-17,-65.0,-159.75
2003-11-18,61.0,-98.75
2003-11-19,-27.0,-125.75
2003-11-20,-12.0,-137.75
2003-11-21,23.0,-114.75
2003-11-24,-45.0,-159.75
2003-11-25,-4.0,-163.75
2003-11-26,57.0,-106.75
2003-12-01,70.0,-36.75
2003-12-02,8.0,-28.75
2003-12-03,2.0,-26.75
2003-12-04,-6.0,-32.75
2003-12-05,31.0,-1.75
2003-12-08,2.0,0.25
2003-12-09,14.0,14.25
2003-12-10,-19.0,-4.75
2003-12-11,-16.0,-20.75
2003-12-12,47.0,26.25
2003-12-15,-2.0,24.25
2003-12-16,-15.0,9.25
2003-12-17,43.0,52.25
2003-12-18,-16.0,36.25
2003-12-19,-12.0,24.25
2003-12-22,14.0,38.25
2003-12-23,3.0,41.25
2003-12-24,12.0,53.25
2003-12-29,25.0,78.25
2003-12-30,19.0,97.25
2003-12-31,-11.0,86.25
2004-01-05,87.0,173.25
2004-01-06,-16.0,157.25
2004-01-07,-9.0,148.25
2004-01-08,21.0,169.25
2004-01-09,24.0,193.25
2004-01-12,-2.0,191.25
2004-01-13,-26.0,165.25
2004-01-14,-20.0,145.25
2004-01-15,-133.0,12.25
2004-01-16,-17.0,-4.75
2004-01-20,59.0,54.25
2004-01-21,-18.75,35.5
2004-04-29,-10.75,24.75
2004-04-30,-4.0,20.75
2004-05-03,0.0,20.75
2004-05-04,-43.0,-22.25
2004-05-05,-20.0,-42.25
2004-05-06,54.0,11.75
2004-05-07,93.0,104.75
2004-05-10,4.0,108.75
2004-05-11,15.0,123.75
2004-05-12,-5.0,118.75
2004-05-13,28.0,146.75
2004-05-14,-22.0,124.75
2004-05-17,-25.0,99.75
2004-05-18,37.0,136.75
2004-05-19,-71.0,65.75
2004-05-20,45.0,110.75
2004-05-21,-64.0,46.75
2004-05-24,-8.0,38.75
2004-05-25,-27.0,11.75
2004-05-26,1.0,12.75
2004-05-27,-66.0,-53.25
2004-05-28,0.0,-53.25
2004-06-01,-5.0,-58.25
2004-06-02,29.0,-29.25
2004-06-03,36.0,6.75
2004-06-04,-28.0,-21.25
2004-06-07,-28.0,-49.25
2004-06-08,27.0,-22.25
2004-06-09,66.0,43.75
2004-06-10,-14.0,29.75
2004-06-14,24.0,53.75
2004-06-15,-45.0,8.75
2004-06-16,35.0,43.75
2004-06-17,-43.0,0.75
2004-06-18,-62.0,-61.25
2004-06-21,12.0,-49.25
2004-06-22,-10.0,-59.25
2004-06-23,0.0,-59.25
2004-06-24,-80.0,-139.25
2004-06-25,3.0,-136.25
2004-06-28,19.0,-117.25
2004-06-29,85.0,-32.25
2004-06-30,-3.75,-36.0
2004-10-01,6.25,-29.75
2004-10-04,-56.0,-85.75
2004-10-05,42.0,-43.75
2004-10-06,2.0,-41.75
2004-10-07,-5.0,-46.75
2004-10-08,50.0,3.25
2004-10-11,-11.0,-7.75
2004-10-12,-68.0,-75.75
2004-10-13,-20.0,-95.75
2004-10-14,49.0,-46.75
2004-10-15,6.0,-40.75
2004-10-18,-25.0,-65.75
2004-10-19,40.0,-25.75
2004-10-20,32.0,6.25
2004-10-21,8.0,14.25
2004-10-22,0.0,14.25
2004-10-25,43.0,57.25
2004-10-26,-23.0,34.25
2004-10-27,-20.0,14.25
2004-10-28,5.0,19.25
2004-10-29,33.0,52.25
2004-11-01,-12.0,40.25
2004-11-02,-74.0,-33.75
2004-11-03,46.0,12.25
2004-11-04,54.0,66.25
2004-11-05,35.0,101.25
2004-11-08,-9.0,92.25
2004-11-09,28.0,120.25
2004-11-10,-17.0,103.25
2004-11-11,9.0,112.25
2004-11-12,29.0,141.25
2004-11-15,-10.0,131.25
2004-11-16,32.0,163.25
2004-11-17,46.0,209.25
2004-11-18,-22.0,187.25
2004-11-19,41.0,228.25
2004-11-22,20.0,248.25
2004-11-23,-11.0,237.25
2004-11-24,14.0,251.25
2004-11-29,65.0,316.25
2004-11-30,-26.0,290.25
2004-12-01,27.0,317.25
2004-12-02,-37.75,279.5
2005-08-12,8.25,287.75
2005-08-15,-38.0,249.75
2005-08-16,39.0,288.75
2005-08-17,-63.0,225.75
2005-08-18,-5.0,220.75
2005-08-19,-25.0,195.75
2005-08-22,8.0,203.75
2005-08-23,13.0,216.75
2005-08-24,-21.0,195.75
2005-08-25,9.0,204.75
2005-08-26,-10.0,194.75
2005-08-29,-7.0,187.75
2005-08-30,-59.0,128.75
2005-08-31,26.0,154.75
2005-09-01,84.0,238.75
2005-09-02,20.0,258.75
2005-09-06,1.0,259.75
2005-09-07,4.0,263.75
2005-09-08,17.0,280.75
2005-09-09,23.0,303.75
2005-09-12,7.0,310.75
2005-09-13,-37.0,273.75
2005-09-14,37.0,310.75
2005-09-15,56.0,366.75
2005-09-16,40.0,406.75
2005-09-19,71.0,477.75
2005-09-20,-4.0,473.75
2005-09-21,26.0,499.75
2005-09-22,-23.0,476.75
2005-09-23,-31.0,445.75
2005-09-26,23.0,468.75
2005-09-27,-33.0,435.75
2005-09-28,69.0,504.75
2005-09-29,27.0,531.75
2005-09-30,-35.0,496.75
2005-10-03,-30.0,466.75
2005-10-04,0.0,466.75
2005-10-05,0.0,466.75
2005-10-06,57.0,523.75
2005-10-07,27.0,550.75
2005-10-10,3.0,553.75
2005-10-11,18.0,571.75
2005-10-12,-33.75,538.0
2005-11-18,-7.75,530.25
2005-11-21,33.0,563.25
2005-11-22,34.0,597.25
2005-11-23,-6.0,591.25
2005-11-28,60.0,651.25
2005-11-29,52.0,703.25
2005-11-30,-48.0,655.25
2005-12-01,76.0,731.25
2005-12-02,7.0,738.25
2005-12-05,56.0,794.25
2005-12-06,12.0,806.25
2005-12-07,40.0,846.25
2005-12-08,49.0,895.25
2005-12-09,75.0,970.25
2005-12-12,13.0,983.25
2005-12-13,-74.0,909.25
2005-12-14,-146.0,763.25
2005-12-15,-29.0,734.25
2005-12-16,-7.0,727.25
2005-12-19,2.0,729.25
2005-12-20,-91.0,638.25
2005-12-21,-17.0,621.25
2005-12-22,97.0,718.25
2005-12-23,2.0,720.25
2005-12-27,49.0,769.25
2005-12-28,62.0,831.25
2005-12-29,12.0,843.25
2005-12-30,22.0,865.25
2006-01-03,128.0,993.25
2006-01-04,31.0,1024.25
2006-01-05,-78.0,946.25
2006-01-06,134.0,1080.25
2006-01-09,93.0,1173.25
2006-01-10,-48.0,1125.25
2006-01-11,44.0,1169.25
2006-01-12,-8.0,1161.25
2006-01-13,77.0,1238.25
2006-01-17,-27.0,1211.25
2006-01-18,-98.0,1113.25
2006-01-19,145.0,1258.25
2006-01-20,-50.0,1208.25
2006-01-23,47.0,1255.25
2006-01-24,-7.75,1247.5
2006-01-31,43.25,1290.75
2006-02-01,-15.0,1275.75
2006-02-02,28.0,1303.75
2006-02-03,-52.0,1251.75
2006-02-06,27.0,1278.75
2006-02-07,-195.0,1083.75
2006-02-08,-10.0,1073.75
2006-02-09,143.0,1216.75
2006-02-10,-146.0,1070.75
2006-02-13,-114.0,956.75
2006-02-14,68.0,1024.75
2006-02-15,-62.0,962.75
2006-02-16,61.0,1023.75
2006-02-17,58.0,1081.75
2006-02-21,20.0,1101.75
2006-02-22,0.0,1101.75
2006-02-23,-57.0,1044.75
2006-02-24,103.0,1147.75
2006-02-27,-42.0,1105.75
2006-02-28,69.0,1174.75
2006-03-01,19.0,1193.75
2006-03-02,46.0,1239.75
2006-03-03,-24.0,1215.75
2006-03-06,-112.0,1103.75
2006-03-07,-23.0,1080.75
2006-03-08,-102.0,978.75
2006-03-09,27.0,1005.75
2006-03-10,-57.0,948.75
2006-03-13,62.0,1010.75
2006-03-14,55.0,1065.75
2006-03-15,14.0,1079.75
2006-03-16,10.0,1089.75
2006-03-17,-3.0,1086.75
2006-03-20,10.0,1096.75
2006-03-21,-29.0,1067.75
2006-03-22,-15.0,1052.75
2006-03-23,-9.0,1043.75
2006-03-24,97.0,1140.75
2006-03-27,69.0,1209.75
2006-03-28,-4.0,1205.75
2006-03-29,63.0,1268.75
2006-03-30,185.0,1453.75
2006-03-31,-52.75,1401.0
2006-04-07,-66.75,1334.25
2006-04-10,91.0,1425.25
2006-04-11,-24.0,1401.25
2006-04-12,19.0,1420.25
2006-04-13,-12.0,1408.25
2006-04-17,187.0,1595.25
2006-04-18,45.0,1640.25
2006-04-19,127.0,1767.25
2006-04-20,-129.0,1638.25
2006-04-21,124.0,1762.25
2006-04-24,-116.0,1646.25
2006-04-25,103.0,1749.25
2006-04-26,78.0,1827.25
2006-04-27,-57.0,1770.25
2006-04-28,182.0,1952.25
2006-05-01,57.0,2009.25
2006-05-02,72.0,2081.25
2006-05-03,11.0,2092.25
2006-05-04,80.0,2172.25
2006-05-05,78.0,2250.25
2006-05-08,-44.0,2206.25
2006-05-09,216.0,2422.25
2006-05-10,42.0,2464.25
2006-05-11,158.0,2622.25
2006-05-12,-97.0,2525.25
2006-05-15,-268.0,2257.25
2006-05-16,79.0,2336.25
2006-05-17,-11.0,2325.25
2006-05-18,-109.0,2216.25
2006-05-19,-239.0,1977.25
2006-05-22,7.0,1984.25
2006-05-23,160.0,2144.25
2006-05-24,-362.0,1782.25
2006-05-25,110.0,1892.25
2006-05-26,25.0,1917.25
2006-05-30,95.0,2012.25
2006-05-31,-115.0,1897.25
2006-06-01,-155.0,1742.25
2006-06-02,75.0,1817.25
2006-06-05,77.0,1894.25
2006-06-06,-140.0,1754.25
2006-06-07,-21.0,1733.25
2006-06-08,-189.75,1543.5
2007-02-01,43.25,1586.75
2007-02-02,-115.0,1471.75
2007-02-05,46.0,1517.75
2007-02-06,26.0,1543.75
2007-02-07,-14.0,1529.75
2007-02-08,55.0,1584.75
2007-02-09,95.0,1679.75
2007-02-12,-50.0,1629.75
2007-02-13,12.0,1641.75
2007-02-14,35.0,1676.75
2007-02-15,-6.0,1670.75
2007-02-16,14.0,1684.75
2007-02-19,15.0,1699.75
2007-02-20,-133.0,1566.75
2007-02-21,230.0,1796.75
2007-02-22,-10.0,1786.75
2007-02-23,37.0,1823.75
2007-02-26,31.0,1854.75
2007-02-27,-26.0,1828.75
2007-02-28,-147.0,1681.75
2007-03-01,-74.0,1607.75
2007-03-02,-210.0,1397.75
2007-03-05,-49.0,1348.75
2007-03-06,70.0,1418.75
2007-03-07,67.0,1485.75
2007-03-08,26.0,1511.75
2007-03-09,-35.0,1476.75
2007-03-12,-17.0,1459.75
2007-03-13,-9.0,1450.75
2007-03-14,-69.0,1381.75
2007-03-15,46.0,1427.75
2007-03-16,68.0,1495.75
2007-03-19,4.0,1499.75
2007-03-20,47.0,1546.75
2007-03-21,10.0,1556.75
2007-03-22,42.0,1598.75
2007-03-23,-69.0,1529.75
2007-03-26,66.0,1595.75
2007-03-27,-14.0,1581.75
2007-03-28,43.0,1624.75
2007-03-29,8.0,1632.75
2007-03-30,14.0,1646.75
2007-04-02,23.25,1670.0
2007-04-17,-23.75,1646.25
2007-04-18,8.0,1654.25
2007-04-19,-50.0,1604.25
2007-04-20,75.0,1679.25
2007-04-23,-16.0,1663.25
2007-04-24,-65.0,1598.25
2007-04-25,-3.0,1595.25
2007-04-26,-94.0,1501.25
2007-04-27,38.0,1539.25
2007-04-30,17.0,1556.25
2007-05-01,-62.0,1494.25
2007-05-02,-22.0,1472.25
2007-05-03,93.0,1565.25
2007-05-04,53.0,1618.25
2007-05-07,7.0,1625.25
2007-05-08,-30.0,1595.25
2007-05-09,-49.0,1546.25
2007-05-10,-155.0,1391.25
2007-05-11,53.0,1444.25
2007-05-14,-22.0,1422.25
2007-05-15,44.0,1466.25
2007-05-16,-130.0,1336.25
2007-05-17,-43.0,1293.25
2007-05-18,48.0,1341.25
2007-05-21,18.0,1359.25
2007-05-22,-39.0,1320.25
2007-05-23,27.0,1347.25
2007-05-24,-93.0,1254.25
2007-05-25,20.0,1274.25
2007-05-29,19.0,1293.25
2007-05-30,21.0,1314.25
2007-05-31,74.0,1388.25
2007-06-01,102.0,1490.25
2007-06-04,-6.0,1484.25
2007-06-05,-12.0,1472.25
2007-06-06,-5.0,1467.25
2007-06-07,-94.0,1373.25
2007-06-08,-149.0,1224.25
2007-06-11,87.0,1311.25
2007-06-12,-59.0,1252.25
2007-06-13,-4.0,1248.25
2007-06-14,32.0,1280.25
2007-06-15,26.25,1306.5
2007-09-07,40.25,1346.75
2007-09-10,25.0,1371.75
2007-09-11,89.0,1460.75
2007-09-12,-4.0,1456.75
2007-09-13,-28.0,1428.75
2007-09-14,-1.0,1427.75
2007-09-17,60.0,1487.75
2007-09-18,-1.0,1486.75
2007-09-19,58.0,1544.75
2007-09-20,104.0,1648.75
2007-09-21,-10.0,1638.75
2007-09-24,4.0,1642.75
2007-09-25,-5.0,1637.75
2007-09-26,-33.0,1604.75
2007-09-27,44.0,1648.75
2007-09-28,101.0,1749.75
2007-10-01,41.0,1790.75
2007-10-02,-178.0,1612.75
2007-10-03,-6.0,1606.75
2007-10-04,81.0,1687.75
2007-10-05,34.0,1721.75
2007-10-08,-85.0,1636.75
2007-10-09,44.0,1680.75
2007-10-10,29.0,1709.75
2007-10-11,107.0,1816.75
2007-10-12,-29.0,1787.75
2007-10-15,84.0,1871.75
2007-10-16,-2.0,1869.75
2007-10-17,3.0,1872.75
2007-10-18,64.0,1936.75
2007-10-19,-3.0,1933.75
2007-10-22,-84.0,1849.75
2007-10-23,31.0,1880.75
2007-10-24,25.0,1905.75
2007-10-25,54.0,1959.75
2007-10-26,165.0,2124.75
2007-10-29,51.0,2175.75
2007-10-30,-48.0,2127.75
2007-10-31,75.0,2202.75
2007-11-01,-16.0,2186.75
2007-11-02,148.0,2334.75
2007-11-05,23.0,2357.75
2007-11-06,124.25,2482.0
2007-11-08,53.25,2535.25
2007-11-09,-28.0,2507.25
2007-11-12,-270.0,2237.25
2007-11-13,-87.0,2150.25
2007-11-14,157.0,2307.25
2007-11-15,-274.0,2033.25
2007-11-16,-3.0,2030.25
2007-11-19,-90.0,1940.25
2007-11-20,134.0,2074.25
2007-11-21,72.0,2146.25
2007-11-22,54.0,2200.25
2007-11-23,207.0,2407.25
2007-11-26,18.0,2425.25
2007-11-27,-125.0,2300.25
2007-11-28,-137.0,2163.25
2007-11-29,20.0,2183.25
2007-11-30,-132.0,2051.25
2007-12-03,56.0,2107.25
2007-12-04,129.0,2236.25
2007-12-05,-39.0,2197.25
2007-12-06,34.0,2231.25
2007-12-07,-69.0,2162.25
2007-12-10,133.0,2295.25
2007-12-11,36.0,2331.25
2007-12-12,17.0,2348.25
2007-12-13,-148.0,2200.25
2007-12-14,-60.0,2140.25
2007-12-17,13.0,2153.25
2007-12-18,81.0,2234.25
2007-12-19,-20.0,2214.25
2007-12-20,-22.0,2192.25
2007-12-21,122.0,2314.25
2007-12-24,11.0,2325.25
2007-12-26,130.0,2455.25
2007-12-27,23.0,2478.25
2007-12-28,109.0,2587.25
2007-12-31,-47.0,2540.25
2008-01-02,220.0,2760.25
2008-01-03,91.0,2851.25
2008-01-04,-34.0,2817.25
2008-01-07,-37.0,2780.25
2008-01-08,183.0,2963.25
2008-01-09,12.25,2975.5
2008-01-14,38.25,3013.75
2008-01-15,-8.0,3005.75
2008-01-16,-206.0,2799.75
2008-01-17,-15.0,2784.75
2008-01-18,12.0,2796.75
2008-01-22,86.0,2882.75
2008-01-23,-72.0,2810.75
2008-01-24,227.0,3037.75
2008-01-25,49.0,3086.75
2008-01-28,164.0,3250.75
2008-01-29,-20.0,3230.75
2008-01-30,12.0,3242.75
2008-01-31,17.0,3259.75
2008-02-01,-145.0,3114.75
2008-02-04,-41.0,3073.75
2008-02-05,-191.0,2882.75
2008-02-06,147.0,3029.75
2008-02-07,50.0,3079.75
2008-02-08,123.0,3202.75
2008-02-11,44.0,3246.75
2008-02-12,-156.0,3090.75
2008-02-13,-9.0,3081.75
2008-02-14,6.0,3087.75
2008-02-15,-47.0,3040.75
2008-02-19,237.0,3277.75
2008-02-20,80.0,3357.75
2008-02-21,114.0,3471.75
2008-02-22,-14.0,3457.75
2008-02-25,-73.0,3384.75
2008-02-26,84.0,3468.75
2008-02-27,121.0,3589.75
2008-02-28,65.0,3654.75
2008-02-29,75.0,3729.75
2008-03-03,92.0,3821.75
2008-03-04,-179.0,3642.75
2008-03-05,222.0,3864.75
2008-03-06,-114.0,3750.75
2008-03-07,-29.0,3721.75
2008-03-10,-24.0,3697.75
2008-03-11,42.0,3739.75
2008-03-12,45.0,3784.75
2008-03-13,133.0,3917.75
2008-03-14,55.25,3973.0
2008-08-12,143.25,4116.25
2008-08-13,-169.0,3947.25
2008-08-14,170.0,4117.25
2008-08-15,224.0,4341.25
2008-08-18,-136.0,4205.25
2008-08-19,-111.0,4094.25
2008-08-20,5.0,4099.25
2008-08-21,-227.0,3872.25
2008-08-22,55.0,3927.25
2008-08-25,78.0,4005.25
2008-08-26,-24.0,3981.25
2008-08-27,-59.0,3922.25
2008-08-28,-32.0,3890.25
2008-08-29,20.0,3910.25
2008-09-02,247.0,4157.25
2008-09-03,23.0,4180.25
2008-09-04,50.0,4230.25
2008-09-05,4.0,4234.25
2008-09-08,3.0,4237.25
2008-09-09,105.0,4342.25
2008-09-10,295.0,4637.25
2008-09-11,170.0,4807.25
2008-09-12,-190.0,4617.25
2008-09-15,-225.0,4392.25
2008-09-16,65.0,4457.25
2008-09-17,-700.0,3757.25
2008-09-18,-465.0,3292.25
2008-09-19,323.0,3615.25
2008-09-22,-443.0,3172.25
2008-09-23,178.0,3350.25
2008-09-24,-38.0,3312.25
2008-09-25,130.0,3442.25
2008-09-26,-65.0,3377.25
2008-09-29,-59.0,3318.25
2008-09-30,136.0,3454.25
2008-10-01,-65.0,3389.25
2008-10-02,430.0,3819.25
2008-10-03,111.0,3930.25
2008-10-06,-330.0,3600.25
2008-10-07,-158.0,3442.25
2008-10-08,-245.0,3197.25
2008-10-09,200.0,3397.25
2008-10-10,273.25,3670.5
2008-10-23,151.25,3821.75
2008-10-24,-156.0,3665.75
2008-10-27,-126.0,3539.75
2008-10-28,24.0,3563.75
2008-10-29,-135.0,3428.75
2008-10-30,155.0,3583.75
2008-10-31,203.0,3786.75
2008-11-03,-86.0,3700.75
2008-11-04,-305.0,3395.75
2008-11-05,149.0,3544.75
2008-11-06,102.0,3646.75
2008-11-07,-20.0,3626.75
2008-11-10,-123.0,3503.75
2008-11-11,137.0,3640.75
2008-11-12,145.0,3785.75
2008-11-13,133.0,3918.75
2008-11-14,-375.0,3543.75
2008-11-17,5.0,3548.75
2008-11-18,93.0,3641.75
2008-11-19,-33.0,3608.75
2008-11-20,-127.0,3481.75
2008-11-21,-431.0,3050.75
2008-11-24,-277.0,2773.75
2008-11-25,10.0,2783.75
2008-11-26,100.0,2883.75
2008-11-28,-105.0,2778.75
2008-12-01,422.0,3200.75
2008-12-02,-65.0,3135.75
2008-12-03,128.0,3263.75
2008-12-04,50.0,3313.75
2008-12-05,133.0,3446.75
2008-12-08,-171.0,3275.75
2008-12-09,-49.0,3226.75
2008-12-10,-346.0,2880.75
2008-12-11,-178.0,2702.75
2008-12-12,61.0,2763.75
2008-12-15,-160.0,2603.75
2008-12-16,-62.0,2541.75
2008-12-17,-258.0,2283.75
2008-12-18,79.0,2362.75
2008-12-19,232.0,2594.75
2008-12-22,-98.0,2496.75
2008-12-23,89.25,2586.0
2009-02-12,96.25,2682.25
2009-02-13,-70.0,2612.25
2009-02-16,253.0,2865.25
2009-02-18,107.0,2972.25
2009-02-19,-17.0,2955.25
2009-02-20,257.0,3212.25
2009-02-23,-72.0,3140.25
2009-02-24,-255.0,2885.25
2009-02-25,-33.0,2852.25
2009-02-26,-236.0,2616.25
2009-02-27,-1.0,2615.25
2009-03-02,-25.0,2590.25
2009-03-03,-264.0,2326.25
2009-03-04,-69.0,2257.25
2009-03-05,211.0,2468.25
2009-03-06,149.0,2617.25
2009-03-09,-247.0,2370.25
2009-03-10,-221.0,2149.25
2009-03-11,148.0,2297.25
2009-03-12,133.0,2430.25
2009-03-13,61.0,2491.25
2009-03-16,-81.0,2410.25
2009-03-17,-52.0,2358.25
2009-03-18,-277.0,2081.25
2009-03-19,697.0,2778.25
2009-03-20,-26.0,2752.25
2009-03-23,-37.0,2715.25
2009-03-24,-287.0,2428.25
2009-03-25,120.0,2548.25
2009-03-26,42.0,2590.25
2009-03-27,-168.0,2422.25
2009-03-30,-55.0,2367.25
2009-03-31,73.0,2440.25
2009-04-01,27.0,2467.25
2009-04-02,-188.0,2279.25
2009-04-03,-116.0,2163.25
2009-04-06,-245.0,1918.25
2009-04-07,105.0,2023.25
2009-04-08,26.0,2049.25
2009-04-09,-26.0,2023.25
2009-04-13,125.0,2148.25
2009-04-14,-38.0,2110.25
2009-04-15,13.25,2123.5
2009-09-04,22.25,2145.75
2009-09-07,31.0,2176.75
2009-09-09,-27.0,2149.75
2009-09-10,-3.0,2146.75
2009-09-11,96.0,2242.75
2009-09-14,-53.0,2189.75
2009-09-15,52.0,2241.75
2009-09-16,139.0,2380.75
2009-09-17,-67.0,2313.75
2009-09-18,-32.0,2281.75
2009-09-21,-54.0,2227.75
2009-09-22,106.0,2333.75
2009-09-23,-11.0,2322.75
2009-09-24,-155.0,2167.75
2009-09-25,-73.0,2094.75
2009-09-28,25.0,2119.75
2009-09-29,3.0,2122.75
2009-09-30,149.0,2271.75
2009-10-01,-86.0,2185.75
2009-10-02,36.0,2221.75
2009-10-05,135.0,2356.75
2009-10-06,219.0,2575.75
2009-10-07,47.0,2622.75
2009-10-08,119.0,2741.75
2009-10-09,-77.0,2664.75
2009-10-12,89.0,2753.75
2009-10-13,75.0,2828.75
2009-10-14,-3.0,2825.75
2009-10-15,-141.0,2684.75
2009-10-16,9.0,2693.75
2009-10-19,66.0,2759.75
2009-10-20,5.0,2764.75
2009-10-21,59.0,2823.75
2009-10-22,-59.0,2764.75
2009-10-23,-22.0,2742.75
2009-10-26,-136.0,2606.75
2009-10-27,-74.0,2532.75
2009-10-28,-49.0,2483.75
2009-10-29,166.0,2649.75
2009-10-30,-67.0,2582.75
2009-11-02,136.0,2718.75
2009-11-03,309.0,3027.75
2009-11-04,22.25,3050.0
2009-11-12,-107.75,2942.25
2009-11-13,101.0,3043.25
2009-11-16,225.0,3268.25
2009-11-17,2.0,3270.25
2009-11-18,18.0,3288.25
2009-11-19,7.0,3295.25
2009-11-20,49.0,3344.25
2009-11-23,179.0,3523.25
2009-11-24,11.0,3534.25
2009-11-25,212.0,3746.25
2009-11-26,-115.0,3631.25
2009-11-30,68.0,3699.25
2009-12-01,179.0,3878.25
2009-12-02,128.0,4006.25
2009-12-03,53.0,4059.25
2009-12-04,-488.0,3571.25
2009-12-07,-55.0,3516.25
2009-12-08,-206.0,3310.25
2009-12-09,-225.0,3085.25
2009-12-10,53.0,3138.25
2009-12-11,-63.0,3075.25
2009-12-14,39.0,3114.25
2009-12-15,-8.0,3106.25
2009-12-16,132.0,3238.25
2009-12-17,-288.0,2950.25
2009-12-18,41.0,2991.25
2009-12-21,-155.0,2836.25
2009-12-22,-93.0,2743.25
2009-12-23,73.0,2816.25
2009-12-24,108.0,2924.25
2009-12-28,31.0,2955.25
2009-12-29,-98.0,2857.25
2009-12-30,-56.0,2801.25
2009-12-31,37.0,2838.25
2010-01-04,221.0,3059.25
2010-01-05,4.0,3063.25
2010-01-06,178.0,3241.25
2010-01-07,-28.0,3213.25
2010-01-08,52.0,3265.25
2010-01-11,125.0,3390.25
2010-01-12,-220.0,3170.25
2010-01-13,74.0,3244.25
2010-01-14,60.25,3304.5
2010-05-04,-138.75,3165.75
2010-05-05,58.0,3223.75
2010-05-06,223.0,3446.75
2010-05-07,131.0,3577.75
2010-05-10,-96.0,3481.75
2010-05-11,195.0,3676.75
2010-05-12,228.0,3904.75
2010-05-13,-139.0,3765.75
2010-05-14,-14.0,3751.75
2010-05-17,3.0,3754.75
2010-05-18,-135.0,3619.75
2010-05-19,-215.0,3404.75
2010-05-20,-45.0,3359.75
2010-05-21,-125.0,3234.75
2010-05-24,179.0,3413.75
2010-05-25,40.0,3453.75
2010-05-26,154.0,3607.75
2010-05-27,10.0,3617.75
2010-05-28,6.0,3623.75
2010-05-31,119.0,3742.75
2010-06-02,-43.0,3699.75
2010-06-03,-126.0,3573.75
2010-06-04,77.0,3650.75
2010-06-07,231.0,3881.75
2010-06-08,48.0,3929.75
2010-06-09,-157.0,3772.75
2010-06-10,-77.0,3695.75
2010-06-11,80.0,3775.75
2010-06-14,-57.0,3718.75
2010-06-15,99.0,3817.75
2010-06-16,-39.0,3778.75
2010-06-17,182.0,3960.75
2010-06-18,96.0,4056.75
2010-06-21,-176.0,3880.75
2010-06-22,1.0,3881.75
2010-06-23,-60.0,3821.75
2010-06-24,111.0,3932.75
2010-06-25,103.0,4035.75
2010-06-28,-176.0,3859.75
2010-06-29,38.0,3897.75
2010-06-30,35.0,3932.75
2010-07-01,-392.0,3540.75
2010-07-02,8.25,3549.0
2010-09-15,-16.75,3532.25
2010-09-16,51.0,3583.25
2010-09-17,37.0,3620.25
2010-09-20,33.0,3653.25
2010-09-21,-65.0,3588.25
2010-09-22,178.0,3766.25
2010-09-23,42.0,3808.25
2010-09-24,18.0,3826.25
2010-09-27,5.0,3831.25
2010-09-28,97.0,3928.25
2010-09-29,20.0,3948.25
2010-09-30,-7.0,3941.25
2010-10-01,82.0,4023.25
2010-10-04,-10.0,4013.25
2010-10-05,235.0,4248.25
2010-10-06,74.0,4322.25
2010-10-07,-127.0,4195.25
2010-10-08,103.0,4298.25
2010-10-11,91.0,4389.25
2010-10-12,-77.0,4312.25
2010-10-13,238.0,4550.25
2010-10-14,71.0,4621.25
2010-10-15,-56.0,4565.25
2010-10-18,1.0,4566.25
2010-10-19,-361.0,4205.25
2010-10-20,82.0,4287.25
2010-10-21,-186.0,4101.25
2010-10-22,-5.0,4096.25
2010-10-25,138.0,4234.25
2010-10-26,-3.0,4231.25
2010-10-27,-160.0,4071.25
2010-10-28,199.0,4270.25
2010-10-29,151.0,4421.25
2010-11-01,-70.0,4351.25
2010-11-02,63.0,4414.25
2010-11-03,-193.0,4221.25
2010-11-04,455.0,4676.25
2010-11-05,146.0,4822.25
2010-11-08,55.0,4877.25
2010-11-09,69.0,4946.25
2010-11-10,-108.0,4838.25
2010-11-11,40.0,4878.25
2010-11-12,-379.75,4498.5
2011-03-03,-202.75,4295.75
2011-03-04,122.0,4417.75
2011-03-07,59.0,4476.75
2011-03-08,-73.0,4403.75
2011-03-09,24.0,4427.75
2011-03-10,-171.0,4256.75
2011-03-11,93.0,4349.75
2011-03-14,31.0,4380.75
2011-03-15,-321.0,4059.75
2011-03-16,33.0,4092.75
2011-03-17,81.0,4173.75
2011-03-18,119.0,4292.75
2011-03-21,103.0,4395.75
2011-03-22,12.0,4407.75
2011-03-23,104.0,4511.75
2011-03-24,-31.0,4480.75
2011-03-25,-87.0,4393.75
2011-03-28,-63.0,4330.75
2011-03-29,-37.0,4293.75
2011-03-30,87.0,4380.75
2011-03-31,150.0,4530.75
2011-04-01,-110.0,4420.75
2011-04-04,41.0,4461.75
2011-04-05,195.0,4656.75
2011-04-06,60.0,4716.75
2011-04-07,8.0,4724.75
2011-04-08,148.0,4872.75
2011-04-11,-60.0,4812.75
2011-04-12,-145.0,4667.75
2011-04-13,20.0,4687.75
2011-04-14,168.0,4855.75
2011-04-15,136.0,4991.75
2011-04-18,69.0,5060.75
2011-04-19,22.0,5082.75
2011-04-20,38.0,5120.75
2011-04-21,49.0,5169.75
2011-04-25,53.0,5222.75
2011-04-26,-56.0,5166.75
2011-04-27,136.0,5302.75
2011-04-28,141.0,5443.75
2011-04-29,252.0,5695.75
2011-05-02,7.0,5702.75
2011-05-03,-168.75,5534.0
2011-07-14,49.25,5583.25
2011-07-15,8.0,5591.25
2011-07-18,123.0,5714.25
2011-07-19,-13.0,5701.25
2011-07-20,-42.0,5659.25
2011-07-21,-99.0,5560.25
2011-07-22,145.0,5705.25
2011-07-25,107.0,5812.25
2011-07-26,46.0,5858.25
2011-07-27,-17.0,5841.25
2011-07-28,11.0,5852.25
2011-07-29,150.0,6002.25
2011-08-01,-95.0,5907.25
2011-08-02,228.0,6135.25
2011-08-03,218.0,6353.25
2011-08-04,-73.0,6280.25
2011-08-05,-72.0,6208.25
2011-08-08,614.0,6822.25
2011-08-09,298.0,7120.25
2011-08-10,413.0,7533.25
2011-08-11,-328.0,7205.25
2011-08-12,-89.0,7116.25
2011-08-15,154.0,7270.25
2011-08-16,270.0,7540.25
2011-08-17,88.0,7628.25
2011-08-18,282.0,7910.25
2011-08-19,302.0,8212.25
2011-08-22,397.0,8609.25
2011-08-23,-306.0,8303.25
2011-08-24,-1040.0,7263.25
2011-08-25,59.0,7322.25
2011-08-26,341.0,7663.25
2011-08-29,-57.0,7606.25
2011-08-30,382.0,7988.25
2011-08-31,19.0,8007.25
2011-09-01,-26.0,7981.25
2011-09-02,478.0,8459.25
2011-09-05,-36.0,8423.25
2011-09-07,-557.0,7866.25
2011-09-08,399.0,8265.25
2011-09-09,20.0,8285.25
2011-09-12,-462.0,7823.25
2011-09-13,166.25,7989.5
2012-09-03,24.25,8013.75
2012-09-05,-20.0,7993.75
2012-09-06,116.0,8109.75
2012-09-07,349.0,8458.75
2012-09-10,-87.0,8371.75
2012-09-11,31.0,8402.75
2012-09-12,-12.0,8390.75
2012-09-13,384.0,8774.75
2012-09-14,6.0,8780.75
2012-09-17,-21.0,8759.75
2012-09-18,6.0,8765.75
2012-09-19,5.0,8770.75
2012-09-20,-15.0,8755.75
2012-09-21,78.0,8833.75
2012-09-24,-134.0,8699.75
2012-09-25,18.0,8717.75
2012-09-26,-128.0,8589.75
2012-09-27,269.0,8858.75
2012-09-28,-66.0,8792.75
2012-10-01,94.0,8886.75
2012-10-02,-77.0,8809.75
2012-10-03,42.0,8851.75
2012-10-04,167.0,9018.75
2012-10-05,-157.0,8861.75
2012-10-08,-51.0,8810.75
2012-10-09,-107.0,8703.75
2012-10-10,1.0,8704.75
2012-10-11,55.0,8759.75
2012-10-12,-109.0,8650.75
2012-10-15,-221.0,8429.75
2012-10-16,87.0,8516.75
2012-10-17,67.0,8583.75
2012-10-18,-83.0,8500.75
2012-10-19,-207.0,8293.75
2012-10-22,23.0,8316.75
2012-10-23,-169.0,8147.75
2012-10-24,-78.0,8069.75
2012-10-25,114.0,8183.75
2012-10-26,-11.0,8172.75
2012-10-29,-32.0,8140.75
2012-10-30,34.0,8174.75
2012-10-31,70.0,8244.75
2012-11-01,-37.75,8207.0
2013-02-18,56.25,8263.25
2013-02-20,262.0,8525.25
2013-02-21,-6.0,8519.25
2013-02-22,58.0,8577.25
2013-02-25,-138.0,8439.25
2013-02-26,-289.0,8150.25
2013-02-27,198.0,8348.25
2013-02-28,176.0,8524.25
2013-03-01,58.0,8582.25
2013-03-04,-1.0,8581.25
2013-03-05,-25.0,8556.25
2013-03-06,0.0,8556.25
2013-03-07,-2.0,8554.25
2013-03-08,-18.0,8536.25
2013-03-11,-11.0,8525.25
2013-03-12,-137.0,8388.25
2013-03-13,33.0,8421.25
2013-03-14,-23.0,8398.25
2013-03-15,-19.0,8379.25
2013-03-18,-120.0,8259.25
2013-03-19,-67.0,8192.25
2013-03-20,38.0,8230.25
2013-03-21,-63.0,8167.25
2013-03-22,77.0,8244.25
2013-03-25,16.0,8260.25
2013-03-26,88.0,8348.25
2013-03-27,-115.0,8233.25
2013-03-28,115.0,8348.25
2013-04-01,-52.0,8296.25
2013-04-02,250.0,8546.25
2013-04-03,224.0,8770.25
2013-04-04,11.0,8781.25
2013-04-05,-235.0,8546.25
2013-04-08,34.0,8580.25
2013-04-09,-142.0,8438.25
2013-04-10,279.0,8717.25
2013-04-11,-61.0,8656.25
2013-04-12,635.0,9291.25
2013-04-15,1403.0,10694.25
2013-04-16,-263.0,10431.25
2013-04-17,47.0,10478.25
2013-04-18,-98.0,10380.25
2013-04-19,-32.75,10347.5
2013-06-21,-145.75,10201.75
2013-06-24,149.0,10350.75
2013-06-25,20.0,10370.75
2013-06-26,453.0,10823.75
2013-06-27,182.0,11005.75
2013-06-28,-121.0,10884.75
2013-07-01,-320.0,10564.75
2013-07-02,123.0,10687.75
2013-07-03,-85.0,10602.75
2013-07-04,392.0,10994.75
2013-07-08,-222.0,10772.75
2013-07-09,-110.0,10662.75
2013-07-10,-15.0,10647.75
2013-07-11,-325.0,10322.75
2013-07-12,23.0,10345.75
2013-07-15,-59.0,10286.75
2013-07-16,-69.0,10217.75
2013-07-17,129.0,10346.75
2013-07-18,-67.0,10279.75
2013-07-19,-87.0,10192.75
2013-07-22,-431.0,9761.75
2013-07-23,13.0,9774.75
2013-07-24,152.0,9926.75
2013-07-25,-93.0,9833.75
2013-07-26,73.0,9906.75
2013-07-29,-69.0,9837.75
2013-07-30,36.0,9873.75
2013-07-31,118.0,9991.75
2013-08-01,18.0,10009.75
2013-08-02,7.0,10016.75
2013-08-05,81.0,10097.75
2013-08-06,199.0,10296.75
2013-08-07,-28.0,10268.75
2013-08-08,-246.0,10022.75
2013-08-09,-23.0,9999.75
2013-08-12,-220.0,9779.75
2013-08-13,137.0,9916.75
2013-08-14,-129.0,9787.75
2013-08-15,-275.0,9512.75
2013-08-16,-101.0,9411.75
2013-08-19,53.0,9464.75
2013-08-20,-69.0,9395.75
2013-08-21,23.25,9419.0
2013-12-03,-14.75,9404.25
2013-12-04,-264.0,9140.25
2013-12-05,153.0,9293.25
2013-12-06,29.0,9322.25
2013-12-09,-52.0,9270.25
2013-12-10,-269.0,9001.25
2013-12-11,39.0,9040.25
2013-12-12,323.0,9363.25
2013-12-13,-97.0,9266.25
2013-12-16,-98.0,9168.25
2013-12-17,143.0,9311.25
2013-12-18,-49.0,9262.25
2013-12-19,414.0,9676.25
2013-12-20,-101.0,9575.25
2013-12-23,67.0,9642.25
2013-12-24,-63.0,9579.25
2013-12-26,-90.0,9489.25
2013-12-27,-17.0,9472.25
2013-12-30,102.0,9574.25
2013-12-31,15.0,9589.25
2014-01-02,-229.0,9360.25
2014-01-03,-134.0,9226.25
2014-01-06,6.0,9232.25
2014-01-07,84.0,9316.25
2014-01-08,41.0,9357.25
2014-01-09,-39.0,9318.25
2014-01-10,-175.0,9143.25
2014-01-13,-42.0,9101.25
2014-01-14,57.0,9158.25
2014-01-15,71.0,9229.25
2014-01-16,-19.0,9210.25
2014-01-17,-117.0,9093.25
2014-01-20,101.0,9194.25
2014-01-22,32.0,9226.25
2014-01-23,-237.0,8989.25
2014-01-24,-20.0,8969.25
2014-01-27,9.0,8978.25
2014-01-28,126.0,9104.25
2014-01-29,-114.0,8990.25
2014-01-30,197.0,9187.25
2014-01-31,27.0,9214.25
2014-02-03,-201.0,9013.25
2014-02-04,85.25,9098.5
2014-03-13,44.25,9142.75
2014-03-14,66.0,9208.75
2014-03-17,-61.0,9147.75
2014-03-18,-139.0,9008.75
2014-03-19,-177.0,8831.75
2014-03-20,-108.0,8723.75
2014-03-21,55.0,8778.75
2014-03-24,-248.0,8530.75
2014-03-25,2.0,8532.75
2014-03-26,-80.0,8452.75
2014-03-27,-87.0,8365.75
2014-03-28,-4.0,8361.75
2014-03-31,-105.0,8256.75
2014-04-01,-38.0,8218.75
2014-04-02,108.0,8326.75
2014-04-03,-62.0,8264.75
2014-04-04,189.0,8453.75
2014-04-07,-52.0,8401.75
2014-04-08,108.0,8509.75
2014-04-09,-32.0,8477.75
2014-04-10,146.0,8623.75
2014-04-11,-15.0,8608.75
2014-04-14,85.0,8693.75
2014-04-15,-272.0,8421.75
2014-04-16,32.0,8453.75
2014-04-17,-96.0,8357.75
2014-04-21,-54.0,8303.75
2014-04-22,-74.0,8229.75
2014-04-23,35.0,8264.75
2014-04-24,60.0,8324.75
2014-04-25,102.0,8426.75
2014-04-28,-18.0,8408.75
2014-04-29,-27.0,8381.75
2014-04-30,-4.0,8377.75
2014-05-01,-125.0,8252.75
2014-05-02,195.0,8447.75
2014-05-05,64.0,8511.75
2014-05-06,-7.0,8504.75
2014-05-07,-197.0,8307.75
2014-05-08,-12.0,8295.75
2014-05-09,-1.0,8294.75
2014-05-12,82.0,8376.75
2014-05-13,-11.75,8365.0
2014-09-12,92.25,8457.25
2014-09-15,-36.0,8421.25
2014-09-16,-16.0,8405.25
2014-09-17,8.0,8413.25
2014-09-18,90.0,8503.25
2014-09-19,103.0,8606.25
2014-09-22,-13.0,8593.25
2014-09-23,-41.0,8552.25
2014-09-24,25.0,8577.25
2014-09-25,-24.0,8553.25
2014-09-26,65.0,8618.25
2014-09-29,-34.0,8584.25
2014-09-30,72.0,8656.25
2014-10-01,-39.0,8617.25
2014-10-02,4.0,8621.25
2014-10-03,222.0,8843.25
2014-10-06,-144.0,8699.25
2014-10-07,-51.0,8648.25
2014-10-08,64.0,8712.25
2014-10-09,-193.0,8519.25
2014-10-10,36.0,8555.25
2014-10-13,-83.0,8472.25
2014-10-14,-43.0,8429.25
2014-10-15,-105.0,8324.25
2014-10-16,36.0,8360.25
2014-10-17,22.0,8382.25
2014-10-20,-57.0,8325.25
2014-10-21,-70.0,8255.25
2014-10-22,62.0,8317.25
2014-10-23,164.0,8481.25
2014-10-24,-27.0,8454.25
2014-10-27,25.0,8479.25
2014-10-28,-1.0,8478.25
2014-10-29,45.0,8523.25
2014-10-30,263.0,8786.25
2014-10-31,270.0,9056.25
2014-11-03,18.0,9074.25
2014-11-04,21.0,9095.25
2014-11-05,220.0,9315.25
2014-11-06,31.0,9346.25
2014-11-07,-272.0,9074.25
2014-11-10,100.0,9174.25
2014-11-11,-33.75,9140.5
2015-07-20,254.25,9394.75
2015-07-21,33.0,9427.75
2015-07-22,120.0,9547.75
2015-07-23,-26.0,9521.75
2015-07-24,86.0,9607.75
2015-07-27,-109.0,9498.75
2015-07-28,2.0,9500.75
2015-07-29,36.0,9536.75
2015-07-30,39.0,9575.75
2015-07-31,-64.0,9511.75
2015-08-03,57.0,9568.75
2015-08-04,-13.0,9555.75
2015-08-05,51.0,9606.75
2015-08-06,-45.0,9561.75
2015-08-07,-40.0,9521.75
2015-08-10,-100.0,9421.75
2015-08-11,-36.0,9385.75
2015-08-12,-159.0,9226.75
2015-08-13,80.0,9306.75
2015-08-14,29.0,9335.75
2015-08-17,-57.0,9278.75
2015-08-18,15.0,9293.75
2015-08-19,-110.0,9183.75
2015-08-20,-253.0,8930.75
2015-08-21,-64.0,8866.75
2015-08-24,60.0,8926.75
2015-08-25,153.0,9079.75
2015-08-26,137.0,9216.75
2015-08-27,20.0,9236.75
2015-08-28,-114.0,9122.75
2015-08-31,15.0,9137.75
2015-09-01,-73.0,9064.75
2015-09-02,62.0,9126.75
2015-09-03,91.0,9217.75
2015-09-04,31.0,9248.75
2015-09-07,4.0,9252.75
2015-09-09,190.0,9442.75
2015-09-10,-73.0,9369.75
2015-09-11,60.0,9429.75
2015-09-14,-44.0,9385.75
2015-09-15,51.0,9436.75
2015-09-16,-164.0,9272.75
2015-09-17,18.25,9291.0
2015-11-18,13.25,9304.25
2015-11-19,-92.0,9212.25
2015-11-20,16.0,9228.25
2015-11-23,95.0,9323.25
2015-11-24,-70.0,9253.25
2015-11-25,38.0,9291.25
2015-11-26,138.0,9429.25
2015-11-30,-91.0,9338.25
2015-12-01,18.0,9356.25
2015-12-02,97.0,9453.25
2015-12-03,-74.0,9379.25
2015-12-04,-229.0,9150.25
2015-12-07,89.0,9239.25
2015-12-08,-1.0,9238.25
2015-12-09,-12.0,9226.25
2015-12-10,45.0,9271.25
2015-12-11,-37.0,9234.25
2015-12-14,123.0,9357.25
2015-12-15,18.0,9375.25
2015-12-16,-152.0,9223.25
2015-12-17,272.0,9495.25
2015-12-18,-154.0,9341.25
2015-12-21,-156.0,9185.25
2015-12-22,65.0,9250.25
2015-12-23,58.0,9308.25
2015-12-24,-76.0,9232.25
2015-12-28,76.0,9308.25
2015-12-29,3.0,9311.25
2015-12-30,82.0,9393.25
2015-12-31,-4.0,9389.25
2016-01-04,-150.0,9239.25
2016-01-05,-32.0,9207.25
2016-01-06,-135.0,9072.25
2016-01-07,-159.0,8913.25
2016-01-08,99.0,9012.25
2016-01-11,17.0,9029.25
2016-01-12,110.0,9139.25
2016-01-13,-19.0,9120.25
2016-01-14,135.0,9255.25
2016-01-15,-171.0,9084.25
2016-01-18,16.0,9100.25
2016-01-20,-171.0,8929.25
2016-01-21,78.25,9007.5
2016-02-09,89.25,9096.75
2016-02-10,-40.0,9056.75
2016-02-11,532.0,9588.75
2016-02-12,-84.0,9504.75
2016-02-15,-312.0,9192.75
2016-02-17,32.0,9224.75
2016-02-18,149.0,9373.75
2016-02-19,45.0,9418.75
2016-02-22,-207.0,9211.75
2016-02-23,125.0,9336.75
2016-02-24,165.0,9501.75
2016-02-25,-3.0,9498.75
2016-02-26,-184.0,9314.75
2016-02-29,140.0,9454.75
2016-03-01,-36.0,9418.75
2016-03-02,110.0,9528.75
2016-03-03,164.0,9692.75
2016-03-04,125.0,9817.75
2016-03-07,-67.0,9750.75
2016-03-08,-11.0,9739.75
2016-03-09,-55.0,9684.75
2016-03-10,154.0,9838.75
2016-03-11,-134.0,9704.75
2016-03-14,-143.0,9561.75
2016-03-15,-141.0,9420.75
2016-03-16,-12.0,9408.75
2016-03-17,352.0,9760.75
2016-03-18,-107.0,9653.75
2016-03-21,-101.0,9552.75
2016-03-22,44.0,9596.75
2016-03-23,-246.0,9350.75
2016-03-24,-24.0,9326.75
2016-03-28,-15.0,9311.75
2016-03-29,157.0,9468.75
2016-03-30,-72.0,9396.75
2016-03-31,70.0,9466.75
2016-04-01,-121.0,9345.75
2016-04-04,-42.0,9303.75
2016-04-05,103.0,9406.75
2016-04-06,-58.0,9348.75
2016-04-07,137.0,9485.75
2016-04-08,63.0,9548.75
2016-04-11,140.25,9689.0
2016-05-02,24.25,9713.25
2016-05-03,-40.0,9673.25
2016-05-04,-174.0,9499.25
2016-05-05,-21.0,9478.25
2016-05-06,217.0,9695.25
2016-05-09,-274.0,9421.25
2016-05-10,-18.0,9403.25
2016-05-11,107.0,9510.25
2016-05-12,-43.0,9467.25
2016-05-13,15.0,9482.25
2016-05-16,15.0,9497.25
2016-05-17,27.0,9524.25
2016-05-18,-25.0,9499.25
2016-05-19,-196.0,9303.25
2016-05-20,-19.0,9284.25
2016-05-23,-14.0,9270.25
2016-05-24,-223.0,9047.25
2016-05-25,-54.0,8993.25
2016-05-26,-34.0,8959.25
2016-05-27,-37.0,8922.25
2016-05-30,8.0,8930.25
2016-06-01,-28.0,8902.25
2016-06-02,-21.0,8881.25
2016-06-03,303.0,9184.25
2016-06-06,45.0,9229.25
2016-06-07,-4.0,9225.25
2016-06-08,153.0,9378.25
2016-06-09,104.0,9482.25
2016-06-10,32.0,9514.25
2016-06-13,110.0,9624.25
2016-06-14,12.0,9636.25
2016-06-15,2.0,9638.25
2016-06-16,101.0,9739.25
2016-06-17,-36.0,9703.25
2016-06-20,-27.0,9676.25
2016-06-21,-196.0,9480.25
2016-06-22,-25.0,9455.25
2016-06-23,-69.0,9386.25
2016-06-24,593.0,9979.25
2016-06-27,23.0,10002.25
2016-06-28,-68.0,9934.25
2016-06-29,90.0,10024.25
2016-06-30,-64.75,9959.5
2016-07-07,-37.75,9921.75
2016-07-08,-37.0,9884.75
2016-07-11,-18.0,9866.75
2016-07-12,-213.0,9653.75
2016-07-13,83.0,9736.75
2016-07-14,-114.0,9622.75
2016-07-15,-48.0,9574.75
2016-07-18,19.0,9593.75
2016-07-19,30.0,9623.75
2016-07-20,-130.0,9493.75
2016-07-21,117.0,9610.75
2016-07-22,-76.0,9534.75
2016-07-25,-39.0,9495.75
2016-07-26,13.0,9508.75
2016-07-27,59.0,9567.75
2016-07-28,145.0,9712.75
2016-07-29,163.0,9875.75
2016-08-01,21.0,9896.75
2016-08-02,130.0,10026.75
2016-08-03,-79.0,9947.75
2016-08-04,27.0,9974.75
2016-08-05,-230.0,9744.75
2016-08-08,-31.0,9713.75
2016-08-09,54.0,9767.75
2016-08-10,52.0,9819.75
2016-08-11,-19.0,9800.75
2016-08-12,-68.0,9732.75
2016-08-15,43.0,9775.75
2016-08-16,94.0,9869.75
2016-08-17,-81.0,9788.75
2016-08-18,84.0,9872.75
2016-08-19,-110.0,9762.75
2016-08-22,-28.0,9734.75
2016-08-23,27.0,9761.75
2016-08-24,-164.0,9597.75
2016-08-25,-51.0,9546.75
2016-08-26,13.0,9559.75
2016-08-29,12.0,9571.75
2016-08-30,-106.0,9465.75
2016-08-31,-51.0,9414.75
2016-09-01,57.0,9471.75
2016-09-02,96.0,9567.75
2016-09-05,271.25,9839.0
2016-11-14,58.25,9897.25
2016-11-15,-28.0,9869.25
2016-11-16,6.0,9875.25
2016-11-17,70.0,9945.25
2016-11-18,82.0,10027.25
2016-11-21,-11.0,10016.25
2016-11-22,-14.0,10002.25
2016-11-23,219.0,10221.25
2016-11-24,109.0,10330.25
2016-11-28,-124.0,10206.25
2016-11-29,0.0,10206.25
2016-11-30,169.0,10375.25
2016-12-01,45.0,10420.25
2016-12-02,-84.0,10336.25
2016-12-05,13.0,10349.25
2016-12-06,64.0,10413.25
2016-12-07,-74.0,10339.25
2016-12-08,51.0,10390.25
2016-12-09,105.0,10495.25
2016-12-12,-39.0,10456.25
2016-12-13,68.0,10524.25
2016-12-14,-47.0,10477.25
2016-12-15,339.0,10816.25
2016-12-16,-76.0,10740.25
2016-12-19,-53.0,10687.25
2016-12-20,91.0,10778.25
2016-12-21,4.0,10782.25
2016-12-22,25.0,10807.25
2016-12-23,-29.0,10778.25
2016-12-27,-52.0,10726.25
2016-12-28,-21.0,10705.25
2016-12-29,-172.0,10533.25
2016-12-30,64.0,10597.25
2017-01-03,-103.0,10494.25
2017-01-04,-33.0,10461.25
2017-01-05,-160.0,10301.25
2017-01-06,79.0,10380.25
2017-01-09,-115.0,10265.25
2017-01-10,-6.0,10259.25
2017-01-11,-111.0,10148.25
2017-01-12,-32.0,10116.25
2017-01-13,36.0,10152.25
2017-01-16,-168.75,9983.5
2017-04-12,7.25,9990.75
2017-04-13,104.0,10094.75
2017-04-17,34.0,10128.75
2017-04-18,22.0,10150.75
2017-04-19,-107.0,10043.75
2017-04-20,4.0,10047.75
2017-04-21,53.0,10100.75
2017-04-24,-116.0,9984.75
2017-04-25,-103.0,9881.75
2017-04-26,-30.0,9851.75
2017-04-27,17.0,9868.75
2017-04-28,24.0,9892.75
2017-05-01,-128.0,9764.75
2017-05-02,15.0,9779.75
2017-05-03,-85.0,9694.75
2017-05-04,-199.0,9495.75
2017-05-05,-17.0,9478.75
2017-05-08,2.0,9480.75
2017-05-09,-110.0,9370.75
2017-05-10,28.0,9398.75
2017-05-11,53.0,9451.75
2017-05-12,35.0,9486.75
2017-05-15,23.0,9509.75
2017-05-16,64.0,9573.75
2017-05-17,223.0,9796.75
2017-05-18,-59.0,9737.75
2017-05-19,8.0,9745.75
2017-05-22,78.0,9823.75
2017-05-23,-59.0,9764.75
2017-05-24,-24.0,9740.75
2017-05-25,33.0,9773.75
2017-05-26,117.0,9890.75
2017-05-29,-24.0,9866.75
2017-05-31,97.0,9963.75
2017-06-01,-53.0,9910.75
2017-06-02,101.0,10011.75
2017-06-05,25.0,10036.75
2017-06-06,148.0,10184.75
2017-06-07,-43.0,10141.75
2017-06-08,-137.0,10004.75
2017-06-09,-81.0,9923.75
2017-06-12,-25.0,9898.75
2017-06-13,-4.75,9894.0
2017-08-29,-17.75,9876.25
2017-08-30,-48.0,9828.25
2017-08-31,81.0,9909.25
2017-09-01,82.0,9991.25
2017-09-04,141.0,10132.25
2017-09-06,-55.0,10077.25
2017-09-07,113.0,10190.25
2017-09-08,9.0,10199.25
2017-09-11,-155.0,10044.25
2017-09-12,-30.0,10014.25
2017-09-13,-47.0,9967.25
2017-09-14,13.0,9980.25
2017-09-15,-41.0,9939.25
2017-09-18,-144.0,9795.25
2017-09-19,-2.0,9793.25
2017-09-20,58.0,9851.25
2017-09-21,-216.0,9635.25
2017-09-22,27.0,9662.25
2017-09-25,140.0,9802.25
2017-09-26,-98.0,9704.25
2017-09-27,-139.0,9565.25
2017-09-28,9.0,9574.25
2017-09-29,-39.0,9535.25
2017-10-02,-90.0,9445.25
2017-10-03,-12.0,9433.25
2017-10-04,22.0,9455.25
2017-10-05,-36.0,9419.25
2017-10-06,17.0,9436.25
2017-10-09,101.0,9537.25
2017-10-10,88.0,9625.25
2017-10-11,-49.0,9576.25
2017-10-12,76.0,9652.25
2017-10-13,81.0,9733.25
2017-10-16,-16.0,9717.25
2017-10-17,-168.0,9549.25
2017-10-18,-32.0,9517.25
2017-10-19,70.0,9587.25
2017-10-20,-95.0,9492.25
2017-10-23,4.0,9496.25
2017-10-24,-26.0,9470.25
2017-10-25,7.0,9477.25
2017-10-26,-94.0,9383.25
2017-10-27,20.25,9403.5
2017-12-13,-24.75,9378.75
2017-12-14,-85.0,9293.75
2017-12-15,-4.0,9289.75
2017-12-18,-80.0,9209.75
2017-12-19,13.0,9222.75
2017-12-20,-54.0,9168.75
2017-12-21,-10.0,9158.75
2017-12-22,-82.0,9076.75
2017-12-26,-87.0,8989.75
2017-12-27,-39.0,8950.75
2017-12-28,-58.0,8892.75
2017-12-29,-121.0,8771.75
2018-01-02,-68.0,8703.75
2018-01-03,-24.0,8679.75
2018-01-04,-31.0,8648.75
2018-01-05,-7.0,8641.75
2018-01-08,19.0,8660.75
2018-01-09,67.0,8727.75
2018-01-10,-56.0,8671.75
2018-01-11,-32.0,8639.75
2018-01-12,-124.0,8515.75
2018-01-15,-22.0,8493.75
2018-01-17,-21.0,8472.75
2018-01-18,120.0,8592.75
2018-01-19,-59.0,8533.75
2018-01-22,12.0,8545.75
2018-01-23,-48.0,8497.75
2018-01-24,-196.0,8301.75
2018-01-25,-66.0,8235.75
2018-01-26,108.0,8343.75
2018-01-29,118.0,8461.75
2018-01-30,3.0,8464.75
2018-01-31,-31.0,8433.75
2018-02-01,-48.0,8385.75
2018-02-02,106.0,8491.75
2018-02-05,8.0,8499.75
2018-02-06,70.0,8569.75
2018-02-07,149.0,8718.75
2018-02-08,-44.0,8674.75
2018-02-09,33.0,8707.75
2018-02-12,-107.0,8600.75
2018-02-13,-40.0,8560.75
2018-02-14,-277.75,8283.0
2018-06-18,8.25,8291.25
2018-06-19,15.0,8306.25
2018-06-20,41.0,8347.25
2018-06-21,40.0,8387.25
2018-06-22,-2.0,8385.25
2018-06-25,18.0,8403.25
2018-06-26,90.0,8493.25
2018-06-27,38.0,8531.25
2018-06-28,51.0,8582.25
2018-06-29,-35.0,8547.25
2018-07-02,128.0,8675.25
2018-07-03,-118.0,8557.25
2018-07-04,-53.0,8504.25
2018-07-06,30.0,8534.25
2018-07-09,-38.0,8496.25
2018-07-10,42.0,8538.25
2018-07-11,110.0,8648.25
2018-07-12,-22.0,8626.25
2018-07-13,54.0,8680.25
2018-07-16,15.0,8695.25
2018-07-17,124.0,8819.25
2018-07-18,-6.0,8813.25
2018-07-19,39.0,8852.25
2018-07-20,-71.0,8781.25
2018-07-23,55.0,8836.25
2018-07-24,1.0,8837.25
2018-07-25,-63.0,8774.25
2018-07-26,61.0,8835.25
2018-07-27,27.0,8862.25
2018-07-30,-85.0,8777.25
2018-07-31,-21.0,8756.25
2018-08-01,60.0,8816.25
2018-08-02,75.0,8891.25
2018-08-03,-31.0,8860.25
2018-08-06,55.0,8915.25
2018-08-07,-6.0,8909.25
2018-08-08,-27.0,8882.25
2018-08-09,11.0,8893.25
2018-08-10,9.0,8902.25
2018-08-13,201.0,9103.25
2018-08-14,-18.0,9085.25
2018-08-15,157.0,9242.25
2018-08-16,8.25,9250.5
2018-12-10,-63.75,9186.75
2018-12-11,-22.0,9164.75
2018-12-12,28.0,9192.75
2018-12-13,-26.0,9166.75
2018-12-14,-60.0,9106.75
2018-12-17,104.0,9210.75
2018-12-18,18.0,9228.75
2018-12-19,28.0,9256.75
2018-12-20,115.0,9371.75
2018-12-21,-98.0,9273.75
2018-12-24,137.0,9410.75
2018-12-26,12.0,9422.75
2018-12-27,81.0,9503.75
2018-12-28,19.0,9522.75
2018-12-31,-17.0,9505.75
2019-01-02,28.0,9533.75
2019-01-03,107.0,9640.75
2019-01-04,-90.0,9550.75
2019-01-07,41.0,9591.75
2019-01-08,-40.0,9551.75
2019-01-09,61.0,9612.75
2019-01-10,-46.0,9566.75
2019-01-11,21.0,9587.75
2019-01-14,18.0,9605.75
2019-01-15,-29.0,9576.75
2019-01-16,54.0,9630.75
2019-01-17,-15.0,9615.75
2019-01-18,-97.0,9518.75
2019-01-21,8.0,9526.75
2019-01-23,6.0,9532.75
2019-01-24,-42.0,9490.75
2019-01-25,183.0,9673.75
2019-01-28,50.0,9723.75
2019-01-29,58.0,9781.75
2019-01-30,66.0,9847.75
2019-01-31,97.0,9944.75
2019-02-01,-31.0,9913.75
2019-02-04,-28.0,9885.75
2019-02-05,-1.0,9884.75
2019-02-06,-48.0,9836.75
2019-02-07,-2.0,9834.75
2019-02-08,43.0,9877.75
2019-02-11,-67.75,9810.0
2019-02-20,38.25,9848.25
2019-02-21,-201.0,9647.25
2019-02-22,50.0,9697.25
2019-02-25,-33.0,9664.25
2019-02-26,-10.0,9654.25
2019-02-27,-73.0,9581.25
2019-02-28,-51.0,9530.25
2019-03-01,-169.0,9361.25
2019-03-04,-117.0,9244.25
2019-03-05,-28.0,9216.25
2019-03-06,29.0,9245.25
2019-03-07,-15.0,9230.25
2019-03-08,132.0,9362.25
2019-03-11,-82.0,9280.25
2019-03-12,70.0,9350.25
2019-03-13,112.0,9462.25
2019-03-14,-142.0,9320.25
2019-03-15,78.0,9398.25
2019-03-18,-14.0,9384.25
2019-03-19,50.0,9434.25
2019-03-20,-48.0,9386.25
2019-03-21,56.0,9442.25
2019-03-22,50.0,9492.25
2019-03-25,103.0,9595.25
2019-03-26,-76.0,9519.25
2019-03-27,-46.0,9473.25
2019-03-28,-151.0,9322.25
2019-03-29,32.0,9354.25
2019-04-01,-43.0,9311.25
2019-04-02,12.0,9323.25
2019-04-03,-1.0,9322.25
2019-04-04,-10.0,9312.25
2019-04-05,13.0,9325.25
2019-04-08,63.0,9388.25
2019-04-09,64.0,9452.25
2019-04-10,56.0,9508.25
2019-04-11,-206.0,9302.25
2019-04-12,19.0,9321.25
2019-04-15,-39.0,9282.25
2019-04-16,-141.0,9141.25
2019-04-17,-4.0,9137.25
2019-04-18,-8.0,9129.25
2019-04-22,14.25,9143.5
2019-06-21,87.25,9230.75
2019-06-24,181.0,9411.75
2019-06-25,5.0,9416.75
2019-06-26,-33.0,9383.75
2019-06-27,-34.0,9349.75
2019-06-28,17.0,9366.75
2019-07-01,-244.0,9122.75
2019-07-02,187.0,9309.75
2019-07-03,129.0,9438.75
2019-07-04,-208.0,9230.75
2019-07-08,-1.0,9229.75
2019-07-09,5.0,9234.75
2019-07-10,120.0,9354.75
2019-07-11,-58.0,9296.75
2019-07-12,55.0,9351.75
2019-07-15,13.0,9364.75
2019-07-16,-23.0,9341.75
2019-07-17,121.0,9462.75
2019-07-18,48.0,9510.75
2019-07-19,-14.0,9496.75
2019-07-22,2.0,9498.75
2019-07-23,-52.0,9446.75
2019-07-24,19.0,9465.75
2019-07-25,-89.0,9376.75
2019-07-26,46.0,9422.75
2019-07-29,11.0,9433.75
2019-07-30,214.0,9647.75
2019-07-31,-40.0,9607.75
2019-08-01,-54.0,9553.75
2019-08-02,251.0,9804.75
2019-08-05,190.0,9994.75
2019-08-06,77.0,10071.75
2019-08-07,354.0,10425.75
2019-08-08,-101.0,10324.75
2019-08-09,-10.0,10314.75
2019-08-12,87.0,10401.75
2019-08-13,-31.0,10370.75
2019-08-14,137.0,10507.75
2019-08-15,34.0,10541.75
2019-08-16,-76.0,10465.75
2019-08-19,-120.0,10345.75
2019-08-20,41.0,10386.75
2019-08-21,-1.75,10385.0
2020-01-07,67.25,10452.25
2020-01-08,-141.0,10311.25
2020-01-09,-59.0,10252.25
2020-01-10,58.0,10310.25
2020-01-13,-95.0,10215.25
2020-01-14,-60.0,10155.25
2020-01-15,94.0,10249.25
2020-01-16,-35.0,10214.25
2020-01-17,98.0,10312.25
2020-01-20,-24.0,10288.25
2020-01-22,-12.0,10276.25
2020-01-23,87.0,10363.25
2020-01-24,65.0,10428.25
2020-01-27,55.0,10483.25
2020-01-28,-76.0,10407.25
2020-01-29,6.0,10413.25
2020-01-30,188.0,10601.25
2020-01-31,-13.0,10588.25
2020-02-03,-55.0,10533.25
2020-02-04,-269.0,10264.25
2020-02-05,73.0,10337.25
2020-02-06,72.0,10409.25
2020-02-07,34.0,10443.25
2020-02-10,61.0,10504.25
2020-02-11,-94.0,10410.25
2020-02-12,15.0,10425.25
2020-02-13,72.0,10497.25
2020-02-14,76.0,10573.25
2020-02-17,172.0,10745.25
2020-02-19,82.0,10827.25
2020-02-20,87.0,10914.25
2020-02-21,283.0,11197.25
2020-02-24,278.0,11475.25
2020-02-25,-266.0,11209.25
2020-02-26,-69.0,11140.25
2020-02-27,-6.0,11134.25
2020-02-28,-758.0,10376.25
2020-03-02,281.0,10657.25
2020-03-03,496.0,11153.25
2020-03-04,-14.0,11139.25
2020-03-05,250.0,11389.25
2020-03-06,44.0,11433.25
2020-03-09,31.25,11464.5
2020-04-13,189.25,11653.75
2020-04-14,75.0,11728.75
2020-04-15,-287.0,11441.75
2020-04-16,-85.0,11356.75
2020-04-17,-329.0,11027.75
2020-04-20,124.0,11151.75
2020-04-21,-234.0,10917.75
2020-04-22,505.0,11422.75
2020-04-23,71.0,11493.75
2020-04-24,-98.0,11395.75
2020-04-27,-118.0,11277.75
2020-04-28,-16.0,11261.75
2020-04-29,-88.0,11173.75
2020-04-30,-192.0,10981.75
2020-05-01,67.0,11048.75
2020-05-04,124.0,11172.75
2020-05-05,-27.0,11145.75
2020-05-06,-221.0,10924.75
2020-05-07,373.0,11297.75
2020-05-08,-119.0,11178.75
2020-05-11,-159.0,11019.75
2020-05-12,88.0,11107.75
2020-05-13,96.0,11203.75
2020-05-14,245.0,11448.75
2020-05-15,154.0,11602.75
2020-05-18,-219.0,11383.75
2020-05-19,112.0,11495.75
2020-05-20,65.0,11560.75
2020-05-21,-302.0,11258.75
2020-05-22,136.0,11394.75
2020-05-25,-299.0,11095.75
2020-05-27,51.0,11146.75
2020-05-28,176.0,11322.75
2020-05-29,234.0,11556.75
2020-06-01,-14.0,11542.75
2020-06-02,-163.0,11379.75
2020-06-03,-292.0,11087.75
2020-06-04,226.0,11313.75
2020-06-05,-444.0,10869.75
2020-06-08,221.0,11090.75
2020-06-09,168.0,11258.75
2020-06-10,-12.0,11246.75
2020-06-11,189.25,11436.0
2020-07-01,-191.75,11244.25
2020-07-02,101.0,11345.25
2020-07-03,35.0,11380.25
2020-07-07,164.0,11544.25
2020-07-08,107.0,11651.25
2020-07-09,-168.0,11483.25
2020-07-10,-19.0,11464.25
2020-07-13,122.0,11586.25
2020-07-14,-7.0,11579.25
2020-07-15,4.0,11583.25
2020-07-16,-135.0,11448.25
2020-07-17,97.0,11545.25
2020-07-20,74.0,11619.25
2020-07-21,265.0,11884.25
2020-07-22,212.0,12096.25
2020-07-23,249.0,12345.25
2020-07-24,75.0,12420.25
2020-07-27,335.0,12755.25
2020-07-28,136.0,12891.25
2020-07-29,88.0,12979.25
2020-07-30,134.0,13113.25
2020-07-31,191.0,13304.25
2020-08-03,4.0,13308.25
2020-08-04,347.0,13655.25
2020-08-05,283.0,13938.25
2020-08-06,201.0,14139.25
2020-08-07,-414.0,13725.25
2020-08-10,117.0,13842.25
2020-08-11,-934.0,12908.25
2020-08-12,27.0,12935.25
2020-08-13,214.0,13149.25
2020-08-14,-206.0,12943.25
2020-08-17,489.0,13432.25
2020-08-18,144.0,13576.25
2020-08-19,-428.0,13148.25
2020-08-20,-238.0,12910.25
2020-08-21,5.0,12915.25
2020-08-24,-78.0,12837.25
2020-08-25,-161.0,12676.25
2020-08-26,294.0,12970.25
2020-08-27,-199.0,12771.25
2020-08-28,423.0,13194.25
2020-08-31,35.25,13229.5
2020-11-30,97.25,13326.75
2020-12-01,-380.0,12946.75
2020-12-02,-113.0,12833.75
2020-12-03,-109.0,12724.75
2020-12-04,11.0,12735.75
2020-12-07,-260.0,12475.75
2020-12-08,-89.0,12386.75
2020-12-09,364.0,12750.75
2020-12-10,11.0,12761.75
2020-12-11,-62.0,12699.75
2020-12-14,115.0,12814.75
2020-12-15,-232.0,12582.75
2020-12-16,-38.0,12544.75
2020-12-17,-313.0,12231.75
2020-12-18,15.0,12246.75
2020-12-21,61.0,12307.75
2020-12-22,125.0,12432.75
2020-12-23,-78.0,12354.75
2020-12-24,-51.0,12303.75
2020-12-28,28.0,12331.75
2020-12-29,-25.0,12306.75
2020-12-30,-105.0,12201.75
2020-12-31,-17.0,12184.75
2021-01-04,-515.0,11669.75
2021-01-05,-78.0,11591.75
2021-01-06,458.0,12049.75
2021-01-07,-50.0,11999.75
2021-01-08,782.0,12781.75
2021-01-11,-154.0,12627.75
2021-01-12,66.0,12693.75
2021-01-13,-107.0,12586.75
2021-01-14,35.0,12621.75
2021-01-15,215.0,12836.75
2021-01-18,-103.0,12733.75
2021-01-20,-2268.0,10465.75
2021-01-21,6.0,10471.75
2021-01-22,97.0,10568.75
2021-01-25,1705.0,12273.75
2021-01-26,43.0,12316.75
2021-01-27,60.0,12376.75
2021-01-28,37.0,12413.75
2021-01-29,-91.0,12322.75
2021-02-01,3542.25,15865.0
2021-02-08,-305.0,15560.0
2021-02-22,-2970.0,12590.0
2021-03-01,1611.25,14201.25
2021-03-02,-106.0,14095.25
2021-03-03,178.0,14273.25
2021-03-04,151.0,14424.25
2021-03-05,22.0,14446.25
2021-03-08,-4850.0,9596.25
2021-03-09,-2204.0,7392.25
2021-03-10,-49.0,7343.25
2021-03-11,-8.0,7335.25
2021-03-12,28.0,7363.25
2021-03-15,1396.0,8759.25
2021-03-16,-17.0,8742.25
2021-03-17,38.0,8780.25
2021-03-18,-54.0,8726.25
2021-03-19,-92.0,8634.25
2021-03-22,3126.0,11760.25
2021-03-23,130.0,11890.25
2021-03-24,-81.0,11809.25
2021-03-25,81.0,11890.25
2021-03-26,-72.0,11818.25
2021-03-29,71.0,11889.25
2021-03-30,262.0,12151.25
2021-03-31,-296.0,11855.25
2021-04-01,-1288.0,10567.25
2021-04-05,2971.0,13538.25
2021-04-06,-142.0,13396.25
2021-04-07,14.0,13410.25
2021-04-08,-166.0,13244.25
2021-04-09,654.0,13898.25
2021-04-12,656.0,14554.25
2021-04-13,271.0,14825.25
2021-04-14,-432.0,14393.25
2021-04-15,-1630.0,12763.25
2021-04-16,-134.0,12629.25
2021-04-19,-1069.0,11560.25
2021-04-20,-943.0,10617.25
2021-04-21,183.0,10800.25
2021-04-22,616.0,11416.25
2021-04-23,77.0,11493.25
2021-04-26,822.0,12315.25
2021-04-27,-137.0,12178.25
2021-04-28,49.0,12227.25
2021-04-29,2864.25,15091.5
2021-05-03,-2120.0,12971.5
2021-05-04,135.0,13106.5
2021-05-05,1250.0,14356.5
2021-05-07,-1050.0,13306.5
2021-05-10,-5405.0,7901.5
2021-05-11,570.0,8471.5
2021-05-12,555.0,9026.5
2021-05-13,-1510.0,7516.5
2021-05-14,-2130.0,5386.5
2021-05-17,-705.0,4681.5
2021-05-19,1235.0,5916.5
2021-05-20,285.0,6201.5
2021-05-21,-145.0,6056.5
2021-05-24,2740.0,8796.5
2021-06-04,-165.0,8631.5
2021-06-07,820.0,9451.5
2021-06-10,-235.0,9216.5
2021-06-14,1610.0,10826.5
2021-06-15,110.0,10936.5
2021-06-16,-1620.0,9316.5
2021-06-17,375.0,9691.5
2021-06-21,785.0,10476.5
2021-06-22,715.0,11191.5
2021-06-28,2380.0,13571.5
2021-07-02,300.0,13871.5
2021-07-07,2245.0,16116.5
2021-07-08,-325.0,15791.5
2021-07-09,-155.0,15636.5
2021-07-12,-415.0,15221.5
2021-07-13,-565.0,14656.5
2021-07-14,-305.0,14351.5
2021-07-15,125.0,14476.5
2021-07-16,370.0,14846.5
2021-07-19,-960.0,13886.5
2021-07-20,415.0,14301.5
2021-07-21,105.0,14406.5
2021-07-22,55.0,14461.5
2021-07-23,-165.0,14296.5
2021-07-26,545.0,14841.5
2021-07-27,175.0,15016.5
2021-07-29,-410.0,14606.5
2021-07-30,-105.0,14501.5
2021-08-02,-1810.0,12691.5
2021-08-09,185.0,12876.5
2021-08-10,40.0,12916.5
2021-08-11,-145.0,12771.5
2021-08-12,110.0,12881.5
2021-08-16,370.0,13251.5
2021-08-19,700.0,13951.5
2021-08-20,345.0,14296.5
2021-08-23,3445.0,17741.5
2021-08-27,45.0,17786.5
2021-08-30,2775.0,20561.5
2021-09-02,245.0,20806.5
2021-09-03,-15.0,20791.5
2021-09-08,-50.0,20741.5
2021-09-10,1175.0,21916.5
2021-09-13,-3770.0,18146.5
2021-09-14,620.0,18766.5
2021-09-15,420.0,19186.5
2021-09-16,45.0,19231.5
2021-09-17,180.0,19411.5
2021-09-20,-3655.0,15756.5
2021-09-23,-240.0,15516.5
2021-09-24,65.0,15581.5
2021-09-27,720.0,16301.5
2021-09-28,720.0,17021.5
2021-10-04,-4240.0,12781.5
2021-10-05,-550.0,12231.5
2021-10-06,240.0,12471.5
2021-10-11,-110.0,12361.5
2021-10-12,35.0,12396.5
2021-10-14,-1500.0,10896.5
2021-10-18,4045.0,14941.5
2021-10-21,560.0,15501.5
2021-10-22,175.0,15676.5
2021-10-25,1890.0,17566.5
2021-10-27,-830.0,16736.5
2021-10-28,-65.0,16671.5
2021-10-29,-35.0,16636.5
2021-11-01,15.0,16651.5
2021-11-02,80.0,16731.5
2021-11-03,260.0,16991.5
2021-11-04,15.0,17006.5
2021-11-08,-585.0,16421.5
2021-11-09,385.0,16806.5
2021-11-10,-1085.0,15721.5
2021-11-11,907.25,16628.75
2021-11-12,501.0,17129.75
2021-11-15,-1819.0,15310.75
2021-11-16,-265.0,15045.75
2021-11-17,161.0,15206.75
2021-11-18,-88.0,15118.75
2021-11-19,-98.0,15020.75
2021-11-22,-2933.0,12087.75
2021-11-23,-195.0,11892.75
2021-11-24,545.0,12437.75
2021-11-25,12.0,12449.75
2021-11-29,2817.0,15266.75
2021-11-30,428.0,15694.75
2021-12-01,2708.0,18402.75
2021-12-02,-441.0,17961.75
2021-12-03,-558.0,17403.75
2021-12-06,2961.0,20364.75
2021-12-07,-3473.0,16891.75
2021-12-08,8.0,16899.75
2021-12-09,577.0,17476.75
2021-12-10,81.0,17557.75
2021-12-13,-2710.0,14847.75
2021-12-14,-160.0,14687.75
2021-12-15,-78.0,14609.75
2021-12-16,-733.0,13876.75
2021-12-17,-508.0,13368.75
2021-12-20,197.0,13565.75
2021-12-21,-709.0,12856.75
2021-12-22,185.0,13041.75
2021-12-23,-365.0,12676.75
2021-12-27,3816.0,16492.75
2021-12-28,-89.0,16403.75
2021-12-29,-51.0,16352.75
2021-12-30,83.0,16435.75
2021-12-31,145.0,16580.75
2022-01-03,1335.0,17915.75
2022-01-04,-1125.0,16790.75
2022-01-05,1370.0,18160.75
2022-01-06,-689.0,17471.75
2022-01-07,557.0,18028.75
2022-01-10,2909.0,20937.75
2022-01-11,297.0,21234.75
2022-01-12,86.25,21321.0
2022-01-13,735.0,22056.0
2022-01-14,1180.0,23236.0
2022-01-21,890.0,24126.0
2022-01-24,3060.0,27186.0
2022-01-25,-3500.0,23686.0
2022-01-26,3560.0,27246.0
2022-01-27,235.0,27481.0
2022-01-31,5910.0,33391.0
2022-02-04,335.0,33726.0
2022-02-07,-2665.0,31061.0
2022-02-11,20.0,31081.0
2022-02-14,1125.0,32206.0
2022-02-17,795.0,33001.0
2022-02-18,-17.75,32983.25
2022-02-21,76.0,33059.25
2022-02-23,175.0,33234.25
2022-02-24,784.0,34018.25
2022-02-25,-387.0,33631.25
2022-02-28,1346.0,34977.25
2022-03-01,781.0,35758.25
2022-03-02,275.0,36033.25
2022-03-03,241.0,36274.25
2022-03-04,-543.0,35731.25
2022-03-07,-8317.0,27414.25
2022-03-08,474.0,27888.25
2022-03-09,-1786.0,26102.25
2022-03-10,122.0,26224.25
2022-03-11,-154.0,26070.25
2022-03-14,-3907.0,22163.25
2022-03-15,869.0,23032.25
2022-03-16,-205.0,22827.25
2022-03-17,185.0,23012.25
2022-03-18,966.0,23978.25
2022-03-21,-1648.0,22330.25
2022-03-22,-120.0,22210.25
2022-03-23,158.0,22368.25
2022-03-24,1339.0,23707.25
2022-03-25,-80.0,23627.25
2022-03-28,4091.0,27718.25
2022-03-29,-276.0,27442.25
2022-03-30,268.0,27710.25
2022-03-31,150.0,27860.25
2022-04-01,-303.0,27557.25
2022-04-04,5043.0,32600.25
2022-04-05,900.0,33500.25
2022-04-06,-44.0,33456.25
2022-04-07,147.0,33603.25
2022-04-08,78.0,33681.25
2022-04-11,-2889.0,30792.25
2022-04-12,2744.0,33536.25
2022-04-13,826.0,34362.25
2022-04-14,52.0,34414.25
2022-04-18,155.0,34569.25
2022-04-19,911.0,35480.25
2022-04-20,-979.0,34501.25
2022-04-21,-235.75,34265.5
2022-04-22,-685.0,33580.5
2022-04-25,5135.0,38715.5
2022-04-26,2440.0,41155.5
2022-04-28,2335.0,43490.5
2022-04-29,965.0,44455.5
2022-05-02,2490.0,46945.5
2022-05-04,2410.0,49355.5
2022-05-05,1905.0,51260.5
2022-05-09,-3965.0,47295.5
2022-05-10,4600.0,51895.5
2022-05-11,500.0,52395.5
2022-05-13,1405.0,53800.5
2022-05-16,-1715.0,52085.5
2022-05-18,215.0,52300.5
2022-05-20,-1735.0,50565.5
2022-05-23,1895.0,52460.5
2022-05-25,360.0,52820.5
2022-05-26,-1030.0,51790.5
2022-05-27,745.0,52535.5
2022-06-02,30.0,52565.5
2022-06-06,-2675.0,49890.5
2022-06-07,485.0,50375.5
2022-06-13,-3640.0,46735.5
2022-06-16,-1390.0,45345.5
2022-06-17,360.0,45705.5
2022-06-21,-75.0,45630.5
2022-06-22,-1405.0,44225.5
2022-06-24,-35.0,44190.5
2022-06-27,-2790.0,41400.5
2022-06-28,80.0,41480.5
2022-07-05,680.0,42160.5
2022-07-06,590.25,42750.75
2022-07-07,83.0,42833.75
2022-07-08,-486.0,42347.75
2022-07-11,-3069.0,39278.75
2022-07-12,1539.0,40817.75
2022-07-13,-1087.0,39730.75
2022-07-14,647.0,40377.75
2022-07-15,22.0,40399.75
2022-07-18,-4806.0,35593.75
2022-07-19,85.0,35678.75
2022-07-20,945.0,36623.75
2022-07-21,13.0,36636.75
2022-07-22,-980.0,35656.75
2022-07-25,-2282.0,33374.75
2022-07-26,104.0,33478.75
2022-07-27,-309.0,33169.75
2022-07-28,-356.0,32813.75
2022-07-29,479.0,33292.75
2022-08-01,991.0,34283.75
2022-08-02,-20.0,34263.75
2022-08-03,-2.0,34261.75
2022-08-04,-305.0,33956.75
2022-08-05,157.0,34113.75
2022-08-08,-2130.0,31983.75
2022-08-09,-71.0,31912.75
2022-08-10,176.0,32088.75
2022-08-11,50.0,32138.75
2022-08-12,292.0,32430.75
2022-08-15,3539.0,35969.75
2022-08-16,84.0,36053.75
2022-08-17,130.0,36183.75
2022-08-18,55.0,36238.75
2022-08-19,-357.0,35881.75
2022-08-22,-3925.0,31956.75
2022-08-23,-128.0,31828.75
2022-08-24,-3.0,31825.75
2022-08-25,-99.0,31726.75
2022-08-26,636.0,32362.75
2022-08-29,1266.0,33628.75
2022-08-30,-876.0,32752.75
2022-08-31,-704.0,32048.75
2022-09-01,169.0,32217.75
2022-09-02,-299.75,31918.0
2022-09-06,-240.0,31678.0
2022-09-07,580.0,32258.0
2022-09-09,315.0,32573.0
2022-09-12,1775.0,34348.0
2022-09-13,1205.0,35553.0
2022-09-16,-99.75,35453.25
2022-09-19,5298.0,40751.25
2022-09-20,71.0,40822.25
2022-09-21,-4691.0,36131.25
2022-09-22,-54.0,36077.25
2022-09-23,-1455.0,34622.25
2022-09-26,182.0,34804.25
2022-09-27,542.0,35346.25
2022-09-28,507.0,35853.25
2022-09-29,-1081.0,34772.25
2022-09-30,-34.0,34738.25
2022-10-03,3885.0,38623.25
2022-10-04,-3795.0,34828.25
2022-10-05,517.0,35345.25
2022-10-06,0.0,35345.25
2022-10-07,855.0,36200.25
2022-10-10,-1629.0,34571.25
2022-10-11,-108.0,34463.25
2022-10-12,85.0,34548.25
2022-10-13,-315.0,34233.25
2022-10-14,461.0,34694.25
2022-10-17,1484.0,36178.25
2022-10-18,3137.0,39315.25
2022-10-19,216.0,39531.25
2022-10-20,-26.0,39505.25
2022-10-21,1005.0,40510.25
2022-10-24,2782.0,43292.25
2022-10-25,776.0,44068.25
2022-10-26,-112.0,43956.25
2022-10-27,-524.0,43432.25
2022-10-28,348.0,43780.25
2022-10-31,-349.0,43431.25
2022-11-01,460.0,43891.25
2022-11-02,2582.0,46473.25
2022-11-03,191.0,46664.25
2022-11-04,-177.0,46487.25
2022-11-07,1641.0,48128.25
2022-11-08,-355.0,47773.25
2022-11-09,-677.0,47096.25
2022-11-10,-1085.0,46011.25
2022-11-11,-957.0,45054.25
2022-11-14,400.0,45454.25
2022-11-15,899.25,46353.5
2022-11-17,-930.0,45423.5
2022-11-18,-835.0,44588.5
2022-11-21,-1355.0,43233.5
2022-11-23,110.0,43343.5
2022-11-28,-2070.0,41273.5
2022-11-29,-110.0,41163.5
2022-11-30,1555.0,42718.5
2022-12-02,425.0,43143.5
2022-12-05,-2775.0,40368.5
2022-12-06,485.0,40853.5
2022-12-13,3780.0,44633.5
2022-12-14,-140.75,44492.75
2022-12-15,-564.0,43928.75
2022-12-16,-686.0,43242.75
2022-12-19,-4000.0,39242.75
2022-12-20,277.0,39519.75
2022-12-21,-340.0,39179.75
2022-12-22,-1336.0,37843.75
2022-12-23,89.0,37932.75
2022-12-27,-166.0,37766.75
2022-12-28,462.0,38228.75
2022-12-29,417.0,38645.75
2022-12-30,2.0,38647.75
2023-01-03,34.0,38681.75
2023-01-04,129.0,38810.75
2023-01-05,-184.0,38626.75
2023-01-06,111.0,38737.75
2023-01-09,261.0,38998.75
2023-01-10,-188.0,38810.75
2023-01-11,414.0,39224.75
2023-01-12,199.0,39423.75
2023-01-13,824.0,40247.75
2023-01-16,-118.0,40129.75
2023-01-18,81.0,40210.75
2023-01-19,169.0,40379.75
2023-01-20,583.0,40962.75
2023-01-23,4294.0,45256.75
2023-01-24,68.0,45324.75
2023-01-25,182.0,45506.75
2023-01-26,1869.0,47375.75
2023-01-27,294.0,47669.75
2023-01-30,-1117.0,46552.75
2023-01-31,-624.0,45928.75
2023-02-01,1675.0,47603.75
2023-02-02,-2485.0,45118.75
2023-02-03,-542.0,44576.75
2023-02-06,-41.0,44535.75
2023-02-07,973.0,45508.75
2023-02-08,679.0,46187.75
2023-02-09,2548.0,48735.75
2023-02-10,-40.0,48695.75
2023-02-13,3025.0,51720.75
2023-02-14,129.0,51849.75
2023-02-15,-162.75,51687.0
2023-02-16,-2790.0,48897.0
2023-02-21,305.0,49202.0
2023-02-23,2825.0,52027.0
2023-02-27,-1335.0,50692.0
2023-03-01,65.0,50757.0
2023-03-02,325.0,51082.0
2023-03-03,10.0,51092.0
2023-03-06,-695.0,50397.0
2023-03-07,-205.0,50192.0
2023-03-09,1520.0,51712.0
2023-03-10,325.0,52037.0
2023-03-13,3200.0,55237.0
2023-03-15,15.0,55252.0
2023-03-16,725.0,55977.0
2023-03-17,-720.0,55257.0
2023-03-20,910.0,56167.0
2023-03-23,-2850.0,53317.0
2023-03-27,-2040.0,51277.0
2023-03-28,-95.0,51182.0
2023-03-31,990.0,52172.0
2023-04-03,990.0,53162.0
2023-04-04,0.0,53162.0
2023-04-05,327.25,53489.25
2023-04-06,-42.0,53447.25
2023-04-10,1189.0,54636.25
2023-04-11,152.0,54788.25
2023-04-12,1024.0,55812.25
2023-04-13,509.0,56321.25
2023-04-14,-395.0,55926.25
2023-04-17,112.0,56038.25
2023-04-18,-153.0,55885.25
2023-04-19,-264.0,55621.25
2023-04-20,118.0,55739.25
2023-04-21,-286.0,55453.25
2023-04-24,-452.0,55001.25
2023-04-25,-23.0,54978.25
2023-04-26,-240.0,54738.25
2023-04-27,-850.0,53888.25
2023-04-28,16.0,53904.25
2023-05-01,-59.0,53845.25
2023-05-02,366.0,54211.25
2023-05-03,137.0,54348.25
2023-05-04,187.0,54535.25
2023-05-05,-2999.0,51536.25
2023-05-08,629.0,52165.25
2023-05-09,97.0,52262.25
2023-05-10,852.0,53114.25
2023-05-11,-166.0,52948.25
2023-05-12,-332.0,52616.25
2023-05-15,799.0,53415.25
2023-05-16,-312.0,53103.25
2023-05-17,79.0,53182.25
2023-05-18,334.0,53516.25
2023-05-19,218.0,53734.25
2023-05-22,386.0,54120.25
2023-05-23,-12.0,54108.25
2023-05-24,-99.0,54009.25
2023-05-25,306.0,54315.25
2023-05-26,141.0,54456.25
2023-05-29,328.0,54784.25
2023-05-30,1330.0,56114.25
2023-05-31,50.0,56164.25
2023-06-01,-326.0,55838.25
2023-06-02,-259.0,55579.25
2023-06-05,632.0,56211.25
2023-06-06,70.25,56281.5
2023-06-07,315.0,56596.5
2023-06-08,65.0,56661.5
2023-06-12,3490.0,60151.5
2023-06-15,-425.0,59726.5
2023-06-16,340.0,60066.5
2023-06-22,-625.0,59441.5
2023-06-26,-2490.0,56951.5
2023-06-27,535.0,57486.5
2023-06-28,-415.0,57071.5
2023-06-30,-1550.0,55521.5
2023-07-05,185.0,55706.5
2023-07-07,-975.0,54731.5
2023-07-10,-265.0,54466.5
2023-07-12,-590.0,53876.5
2023-07-13,30.0,53906.5
2023-07-17,3320.0,57226.5
2023-07-18,70.0,57296.5
2023-07-20,1060.0,58356.5
2023-07-21,430.0,58786.5
2023-07-24,-645.0,58141.5
2023-07-25,220.0,58361.5
2023-07-27,765.0,59126.5
2023-07-28,-2155.0,56971.5
2023-07-31,-960.0,56011.5
2023-08-02,1090.0,57101.5
2023-08-03,-720.0,56381.5
2023-08-04,-105.0,56276.5
2023-08-07,410.0,56686.5
2023-08-09,445.0,57131.5
2023-08-10,-615.0,56516.5
2023-08-14,3845.0,60361.5
2023-08-17,275.0,60636.5
2023-08-18,115.0,60751.5
2023-08-21,4050.0,64801.5
2023-08-22,35.0,64836.5
2023-08-23,405.0,65241.5
2023-08-24,6590.0,71831.5
2023-08-25,325.0,72156.5
2023-08-28,-575.0,71581.5
2023-08-29,425.0,72006.5
2023-08-30,-310.0,71696.5
2023-09-01,-470.0,71226.5
2023-09-05,-720.0,70506.5
2023-09-06,230.0,70736.5
2023-09-07,-100.0,70636.5
2023-09-11,1240.0,71876.5
2023-09-12,145.0,72021.5
2023-09-15,-505.0,71516.5
2023-09-18,640.0,72156.5
2023-09-20,865.0,73021.5
2023-09-25,1390.0,74411.5
2023-09-26,595.0,75006.5
2023-09-28,1460.25,76466.75
2023-09-29,710.0,77176.75
2023-10-02,1539.0,78715.75
2023-10-03,687.0,79402.75
2023-10-04,967.0,80369.75
2023-10-05,30.0,80399.75
2023-10-06,141.0,80540.75
2023-10-09,3094.0,83634.75
2023-10-10,-110.0,83524.75
2023-10-11,-120.0,83404.75
2023-10-12,-412.0,82992.75
2023-10-13,-140.0,82852.75
2023-10-16,2982.0,85834.75
2023-10-17,-14.0,85820.75
2023-10-18,-326.0,85494.75
2023-10-19,-217.0,85277.75
2023-10-20,51.0,85328.75
2023-10-23,1656.0,86984.75
2023-10-24,17.0,87001.75
2023-10-25,-333.0,86668.75
2023-10-26,995.0,87663.75
2023-10-27,-671.0,86992.75
2023-10-30,1369.0,88361.75
2023-10-31,113.0,88474.75
2023-11-01,1458.0,89932.75
2023-11-02,-720.0,89212.75
2023-11-03,-422.0,88790.75
2023-11-06,-29.0,88761.75
2023-11-07,336.0,89097.75
2023-11-08,157.0,89254.75
2023-11-09,-105.0,89149.75
2023-11-10,721.0,89870.75
2023-11-13,480.0,90350.75
2023-11-14,-858.0,89492.75
2023-11-15,22.0,89514.75
2023-11-16,-230.0,89284.75
2023-11-17,26.0,89310.75
2023-11-20,4304.0,93614.75
2023-11-21,-213.0,93401.75
2023-11-22,88.0,93489.75
2023-11-23,-102.0,93387.75
2023-11-27,596.0,93983.75
2023-11-28,-277.75,93706.0
2023-11-29,830.0,94536.0
2023-11-30,721.25,95257.25
2023-12-01,310.0,95567.25
2023-12-04,-505.0,95062.25
2023-12-05,-139.0,94923.25
2023-12-06,2821.0,97744.25
2023-12-07,-1075.0,96669.25
2023-12-08,-439.0,96230.25
2023-12-11,2577.0,98807.25
2023-12-12,280.0,99087.25
2023-12-13,-1074.0,98013.25
2023-12-14,531.0,98544.25
2023-12-15,-92.0,98452.25
2023-12-18,2303.0,100755.25
2023-12-19,116.0,100871.25
2023-12-20,906.0,101777.25
2023-12-21,946.0,102723.25
2023-12-22,178.0,102901.25
2023-12-26,7.0,102908.25
2023-12-27,233.0,103141.25
2023-12-28,-96.0,103045.25
2023-12-29,-117.0,102928.25
2024-01-02,191.0,103119.25
2024-01-03,-306.0,102813.25
2024-01-04,72.0,102885.25
2024-01-05,-2.0,102883.25
2024-01-08,5137.0,108020.25
2024-01-09,-65.0,107955.25
2024-01-10,-937.0,107018.25
2024-01-11,-86.0,106932.25
2024-01-12,324.0,107256.25
2024-01-15,-214.0,107042.25
2024-01-17,-237.0,106805.25
2024-01-18,-764.0,106041.25
2024-01-19,72.0,106113.25
2024-01-22,-1346.0,104767.25
2024-01-23,36.0,104803.25
2024-01-24,-973.0,103830.25
2024-01-25,153.0,103983.25
2024-01-26,-5.0,103978.25
2024-01-29,4541.0,108519.25
2024-01-30,50.0,108569.25
2024-01-31,165.0,108734.25
2024-02-01,100.25,108834.5
2024-02-02,10.0,108844.5
2024-02-05,-350.0,108494.5
2024-02-06,10.0,108504.5
2024-02-07,45.0,108549.5
2024-02-09,-295.0,108254.5
2024-02-12,-1675.0,106579.5
2024-02-16,0.0,106579.5
2024-02-20,-305.0,106274.5
2024-02-21,-375.0,105899.5
2024-02-22,-35.0,105864.5
2024-02-23,820.0,106684.5
2024-02-26,-485.0,106199.5
2024-03-01,-460.0,105739.5
2024-03-04,-865.0,104874.5
2024-03-05,285.0,105159.5
2024-03-06,765.0,105924.5
2024-03-07,-1661.75,104262.75
2024-03-08,1993.0,106255.75
2024-03-11,241.0,106496.75
2024-03-12,-10.0,106486.75
2024-03-13,147.0,106633.75
2024-03-14,917.0,107550.75
2024-03-15,-60.0,107490.75
2024-03-18,-1627.0,105863.75
2024-03-19,-741.0,105122.75
2024-03-20,1203.0,106325.75
2024-03-21,857.0,107182.75
2024-03-22,-247.0,106935.75
2024-03-25,1289.0,108224.75
2024-03-26,8.0,108232.75
2024-03-27,0.0,108232.75
2024-03-28,257.0,108489.75
2024-04-01,-243.0,108246.75
2024-04-02,247.0,108493.75
2024-04-03,-988.0,107505.75
2024-04-04,2975.0,110480.75
2024-04-05,609.0,111089.75
2024-04-08,-709.0,110380.75
2024-04-09,-1451.0,108929.75
2024-04-10,-140.0,108789.75
2024-04-11,643.0,109432.75
2024-04-12,-141.0,109291.75
2024-04-15,-5406.0,103885.75
2024-04-16,248.0,104133.75
2024-04-17,596.0,104729.75
2024-04-18,-494.0,104235.75
2024-04-19,-357.0,103878.75
2024-04-22,96.0,103974.75
2024-04-23,-498.0,103476.75
2024-04-24,-1192.0,102284.75
2024-04-25,1436.0,103720.75
2024-04-26,467.0,104187.75
2024-04-29,-1265.0,102922.75
2024-04-30,-793.0,102129.75
2024-05-01,-794.0,101335.75
2024-05-02,-14.0,101321.75
2024-05-03,560.0,101881.75
2024-05-06,1791.0,103672.75
2024-05-07,-71.75,103601.0
2024-05-08,230.0,103831.0
2024-05-13,-635.0,103196.0
2024-05-14,160.0,103356.0
2024-05-15,220.0,103576.0
2024-05-20,2965.0,106541.0
2024-05-21,75.0,106616.0
2024-05-22,-245.0,106371.0
2024-05-23,3035.0,109406.0
2024-05-24,-165.0,109241.0
2024-05-29,400.0,109641.0
2024-05-30,680.0,110321.0
2024-05-31,-1205.0,109116.0
2024-06-03,-925.0,108191.0
2024-06-04,-865.0,107326.0
2024-06-05,-1485.0,105841.0
2024-06-10,2915.0,108756.0
2024-06-11,-360.0,108396.0
2024-06-12,-3120.0,105276.0
2024-06-13,1505.0,106781.0
2024-06-14,110.0,106891.0
2024-06-17,5970.0,112861.0
2024-06-20,-330.0,112531.0
2024-06-24,-2565.0,109966.0
2024-06-25,610.0,110576.0
2024-07-01,1095.0,111671.0
2024-07-02,25.0,111696.0
2024-07-05,225.0,111921.0
2024-07-08,65.0,111986.0
2024-07-10,-120.0,111866.0
2024-07-11,565.0,112431.0
2024-07-12,-710.0,111721.0
2024-07-15,-965.0,110756.0
2024-07-17,-714.75,110041.25
2024-07-18,365.0,110406.25
2024-07-19,-1583.0,108823.25
2024-07-22,1196.0,110019.25
2024-07-23,126.0,110145.25
2024-07-24,634.0,110779.25
2024-07-25,-622.0,110157.25
2024-07-26,275.0,110432.25
2024-07-29,-637.0,109795.25
2024-07-30,1006.0,110801.25
2024-07-31,-3544.0,107257.25
2024-08-01,-1747.0,105510.25
2024-08-02,-1070.0,104440.25
2024-08-05,9026.0,113466.25
2024-08-06,-1158.0,112308.25
2024-08-07,-2257.0,110051.25
2024-08-08,-666.0,109385.25
2024-08-09,101.0,109486.25
2024-08-12,-404.0,109082.25
2024-08-13,-417.0,108665.25
2024-08-14,-281.0,108384.25
2024-08-15,97.0,108481.25
2024-08-16,454.0,108935.25
2024-08-19,3830.0,112765.25
2024-08-20,93.0,112858.25
2024-08-21,-31.0,112827.25
2024-08-22,332.0,113159.25
2024-08-23,296.0,113455.25
2024-08-26,-3531.0,109924.25
2024-08-27,-213.0,109711.25
2024-08-28,-666.0,109045.25
2024-08-29,225.0,109270.25
2024-08-30,-327.0,108943.25
2024-09-02,-46.0,108897.25
2024-09-03,240.0,109137.25
2024-09-04,30.0,109167.25
2024-09-05,171.0,109338.25
2024-09-06,-850.0,108488.25
2024-09-09,626.0,109114.25
2024-09-10,104.0,109218.25
2024-09-11,1488.0,110706.25
2024-09-12,287.0,110993.25
2024-09-13,301.0,111294.25
2024-09-16,90.25,111384.5
2024-09-17,-280.0,111104.5
2024-09-19,-175.0,110929.5
2024-09-23,-313.75,110615.75
2024-09-24,245.0,110860.75
2024-09-25,77.0,110937.75
2024-09-26,5812.0,116749.75
2024-09-27,-153.0,116596.75
2024-09-30,28.0,116624.75
2024-10-01,589.0,117213.75
2024-10-02,-206.0,117007.75
2024-10-03,95.0,117102.75
2024-10-04,1921.0,119023.75
2024-10-07,-3998.0,115025.75
2024-10-08,-11.0,115014.75
2024-10-09,-94.0,114920.75
2024-10-10,133.0,115053.75
2024-10-11,675.0,115728.75
2024-10-14,1828.0,117556.75
2024-10-15,898.0,118454.75
2024-10-16,124.0,118578.75
2024-10-17,4627.0,123205.75
2024-10-18,225.0,123430.75
2024-10-21,804.0,124234.75
2024-10-22,754.0,124988.75
2024-10-23,-569.0,124419.75
2024-10-24,1320.0,125739.75
2024-10-25,57.0,125796.75
2024-10-28,-2367.0,123429.75
2024-10-29,1167.0,124596.75
2024-10-30,197.0,124793.75
2024-10-31,-1140.0,123653.75
2024-11-01,-211.0,123442.75
2024-11-04,-445.0,122997.75
2024-11-05,795.0,123792.75
2024-11-06,-984.0,122808.75
2024-11-07,325.0,123133.75
2024-11-08,-110.0,123023.75
2024-11-11,-2936.0,120087.75
2024-11-12,-114.0,119973.75
2024-11-13,-198.0,119775.75
2024-11-14,-136.0,119639.75
2024-11-15,-483.0,119156.75
2024-11-18,2065.0,121221.75
2024-11-19,364.0,121585.75
2024-11-20,-799.75,120786.0
2024-11-25,-660.0,120126.0
2024-11-27,105.0,120231.0
2024-12-02,3930.0,124161.0
2024-12-03,-5.0,124156.0
2024-12-04,175.0,124331.0
2024-12-06,230.0,124561.0
2024-12-09,-2755.0,121806.0
2024-12-10,785.0,122591.0
2024-12-11,-1975.0,120616.0
2024-12-13,2090.0,122706.0
2024-12-18,3735.0,126441.0
2024-12-19,1835.0,128276.0
2024-12-20,-1025.0,127251.0
2024-12-23,2270.0,129521.0
2024-12-27,1050.0,130571.0
2024-12-30,1410.0,131981.0
2024-12-31,-1045.0,130936.0
2025-01-02,-1790.0,129146.0
2025-01-03,-155.0,128991.0
2025-01-06,-225.0,128766.0
2025-01-07,1800.0,130566.0
2025-01-13,2280.0,132846.0
2025-01-14,545.0,133391.0
2025-01-15,-950.0,132441.0
2025-01-17,1125.0,133566.0
2025-01-22,-485.0,133081.0
2025-01-24,45.0,133126.0
2025-01-27,2090.0,135216.0
2025-01-28,-20.0,135196.0
2025-01-31,-170.75,135025.25
2025-02-03,4121.0,139146.25
2025-02-04,-63.0,139083.25
2025-02-05,807.0,139890.25
2025-02-06,-163.0,139727.25
2025-02-07,674.0,140401.25
2025-02-10,2343.0,142744.25
2025-02-11,-18.0,142726.25
2025-02-12,-359.0,142367.25
2025-02-13,757.0,143124.25
2025-02-14,-447.0,142677.25
2025-02-17,483.0,143160.25
2025-02-19,-129.0,143031.25
2025-02-20,200.0,143231.25
2025-02-21,-369.0,142862.25
2025-02-24,-4035.0,138827.25
2025-02-25,-1049.0,137778.25
2025-02-26,-962.0,136816.25
2025-02-27,2433.0,139249.25
2025-02-28,691.0,139940.25
2025-03-03,-9274.0,130666.25
2025-03-04,1180.0,131846.25
2025-03-05,699.0,132545.25
2025-03-06,-1159.0,131386.25
2025-03-07,530.0,131916.25
2025-03-10,-11752.0,120164.25
2025-03-11,-1575.0,118589.25
2025-03-12,4534.0,123123.25
2025-03-13,2330.0,125453.25
2025-03-14,-2.0,125451.25
2025-03-17,3920.0,129371.25
2025-03-18,347.0,129718.25
2025-03-19,-1461.0,128257.25
2025-03-20,26.0,128283.25
2025-03-21,-624.0,127659.25
2025-03-24,372.0,128031.25
2025-03-25,103.0,128134.25
2025-03-26,-214.0,127920.25
2025-03-27,385.0,128305.25
2025-03-28,913.0,129218.25
2025-03-31,6100.0,135318.25
2025-04-01,-43.0,135275.25
2025-04-02,1740.25,137015.5
2025-04-04,-2215.0,134800.5
2025-04-07,9170.0,143970.5
2025-04-08,4300.0,148270.5
2025-04-09,7225.0,155495.5
2025-04-10,2370.0,157865.5
2025-04-11,1690.0,159555.5
2025-04-14,-3703.75,155851.75
2025-04-15,141.0,155992.75
2025-04-16,2695.0,158687.75
2025-04-17,-180.0,158507.75
2025-04-21,-6286.0,152221.75
2025-04-22,-59.0,152162.75
2025-04-23,-3463.0,148699.75
2025-04-24,-555.0,148144.75
2025-04-25,-502.0,147642.75
2025-04-28,28.0,147670.75
2025-04-29,-141.0,147529.75
2025-04-30,-145.0,147384.75
2025-05-01,-3014.0,144370.75
2025-05-02,211.0,144581.75
2025-05-05,2895.0,147476.75
2025-05-06,890.0,148366.75
2025-05-07,-309.0,148057.75
2025-05-08,-859.0,147198.75
2025-05-09,380.0,147578.75
2025-05-12,825.0,148403.75
2025-05-13,48.0,148451.75
2025-05-14,-595.0,147856.75
2025-05-15,383.0,148239.75
2025-05-16,-394.0,147845.75
2025-05-19,4583.0,152428.75
2025-05-20,511.0,152939.75
2025-05-21,289.0,153228.75
2025-05-22,200.0,153428.75
2025-05-23,198.0,153626.75
2025-05-26,-654.0,152972.75
2025-05-27,-95.0,152877.75
2025-05-28,-55.0,152822.75
2025-05-29,3350.0,156172.75
2025-05-30,-285.0,155887.75
2025-06-02,5398.0,161285.75
2025-06-03,-191.0,161094.75
2025-06-04,221.0,161315.75
2025-06-05,1934.0,163249.75
2025-06-06,-770.0,162479.75
2025-06-09,923.0,163402.75
2025-06-10,185.0,163587.75
2025-06-11,148.0,163735.75
2025-06-12,562.0,164297.75
2025-06-13,502.25,164800.0
2025-06-16,2845.0,167645.0
2025-06-20,4935.0,172580.0
2025-06-23,3805.0,176385.0
2025-06-24,-795.0,175590.0
2025-06-26,50.0,175640.0
2025-06-30,285.0,175925.0
2025-07-02,-115.0,175810.0
2025-07-07,-1870.0,173940.0
2025-07-14,1450.0,175390.0
2025-07-15,1830.0,177220.0
2025-07-17,105.0,177325.0
2025-07-18,-185.0,177140.0
2025-07-21,1440.0,178580.0
2025-07-22,200.0,178780.0
2025-07-25,-90.0,178690.0
2025-07-28,-125.0,178565.0
2025-07-29,355.0,178920.0
2025-07-30,205.0,179125.0
2025-07-31,4930.0,184055.0
2025-08-01,-185.0,183870.0
2025-08-04,1100.0,184970.0
2025-08-05,-535.0,184435.0
2025-08-06,285.0,184720.0
2025-08-07,1440.0,186160.0
2025-08-08,-110.0,186050.0
2025-08-11,-1345.0,184705.0
2025-08-12,290.0,184995.0
2025-08-13,-100.0,184895.0
2025-08-15,50.0,184945.0
2025-08-18,495.0,185440.0
2025-08-19,-60.0,185380.0
2025-08-20,-1515.0,183865.0
2025-08-22,-260.0,183605.0
2025-08-25,955.0,184560.0
2025-08-28,-250.0,184310.0
2025-08-29,-125.0,184185.0
2025-09-02,840.0,185025.0
2025-09-03,353.25,185378.25
2025-09-04,-153.0,185225.25
2025-09-05,6411.0,191636.25
2025-09-08,261.0,191897.25
2025-09-09,48.0,191945.25
2025-09-10,1018.0,192963.25
2025-09-11,-84.0,192879.25
2025-09-12,-497.0,192382.25
2025-09-15,2401.0,194783.25
2025-09-16,61.0,194844.25
2025-09-17,-2848.0,191996.25
2025-09-18,-1590.0,190406.25
2025-09-19,275.0,190681.25
2025-09-22,4218.0,194899.25
2025-09-23,156.0,195055.25
2025-09-24,-161.0,194894.25
2025-09-25,30.0,194924.25
2025-09-26,379.0,195303.25
2025-09-29,-113.0,195190.25
2025-09-30,180.0,195370.25
2025-10-01,243.0,195613.25
2025-10-02,2511.0,198124.25
2025-10-03,498.0,198622.25
2025-10-06,1794.0,200416.25
2025-10-07,596.0,201012.25
2025-10-08,1471.0,202483.25
2025-10-09,-1599.0,200884.25
2025-10-10,1433.0,202317.25
2025-10-13,4871.0,207188.25
2025-10-14,269.0,207457.25
2025-10-15,-1753.0,205704.25
2025-10-16,2305.0,208009.25
2025-10-17,-373.0,207636.25
2025-10-20,5186.0,212822.25
2025-10-21,-2503.0,210319.25
2025-10-22,-1497.0,208822.25
2025-10-23,782.0,209604.25
2025-10-24,-78.0,209526.25
2025-10-27,354.0,209880.25
2025-10-28,214.0,210094.25
2025-10-29,176.0,210270.25
2025-10-30,1327.0,211597.25
2025-10-31,-1290.75,210306.5
2025-11-03,300.0,210606.5
2025-11-04,-325.0,210281.5
2025-11-05,-600.0,209681.5
2025-11-06,1005.0,210686.5
2025-11-10,4335.0,215021.5
2025-11-12,-590.0,214431.5
2025-11-13,-470.0,213961.5
2025-11-14,-1815.0,212146.5
2025-11-17,-4890.0,207256.5
2025-11-20,3005.0,210261.5
2025-11-21,-1345.0,208916.5
2025-11-24,8930.0,217846.5
2025-12-01,3110.0,220956.5
2025-12-08,-3845.0,217111.5
2025-12-10,-10.0,217101.5
2025-12-12,660.0,217761.5
2025-12-15,-5630.0,212131.5
2025-12-17,390.0,212521.5
2025-12-18,-1835.0,210686.5
2025-12-19,260.0,210946.5
2025-12-22,340.0,211286.5
2025-12-23,232.25,211518.75
2025-12-24,-29.0,211489.75
2025-12-26,499.0,211988.75
2025-12-29,-1221.0,210767.75
2025-12-30,427.0,211194.75
2025-12-31,718.0,211912.75
2026-01-02,5265.0,217177.75
2026-01-05,-146.0,217031.75
2026-01-06,456.0,217487.75
2026-01-07,-1246.0,216241.75
2026-01-08,-898.0,215343.75
2026-01-09,692.0,216035.75
2026-01-12,4988.0,221023.75
2026-01-13,564.0,221587.75
2026-01-14,-929.0,220658.75
2026-01-15,1425.0,222083.75
2026-01-16,-258.0,221825.75
2026-01-19,1704.0,223529.75
2026-01-21,-2393.0,221136.75
2026-01-22,2884.0,224020.75
2026-01-23,-147.0,223873.75
2026-01-26,3618.0,227491.75
2026-01-27,1.0,227492.75
2026-01-28,2210.0,229702.75
2026-01-29,412.0,230114.75
2026-01-30,-4812.0,225302.75
2026-02-02,5155.0,230457.75
2026-02-03,2404.0,232861.75
2026-02-04,1178.0,234039.75
2026-02-05,-613.0,233426.75
2026-02-06,1853.0,235279.75
2026-02-09,6301.0,241580.75
2026-02-10,-484.0,241096.75
2026-02-11,675.0,241771.75
2026-02-12,364.0,242135.75
2026-02-13,979.0,243114.75
2026-02-16,-1404.0,241710.75
2026-02-18,1036.0,242746.75
2026-02-19,-121.0,242625.75
2026-02-20,790.0,243415.75
2026-02-23,-3963.0,239452.75
2026-02-24,-958.0,238494.75
2026-02-25,447.25,238942.0
2026-02-26,645.0,239587.0
2026-03-02,4865.0,244452.0
2026-03-03,-85.0,244367.0
2026-03-04,-770.0,243597.0
2026-03-09,16420.0,260017.0
2026-03-12,-355.0,259662.0
2026-03-13,1395.0,261057.0
2026-03-16,30.0,261087.0
2026-03-18,430.0,261517.0
2026-03-20,695.0,262212.0
2026-03-23,-2355.0,259857.0
2026-03-26,825.0,260682.0
2026-03-27,190.0,260872.0
2026-03-30,-6760.0,254112.0
2026-03-31,470.0,254582.0
2026-04-02,100.0,254682.0
2026-04-06,1400.0,256082.0
2026-04-08,4395.0,260477.0
2026-04-13,4920.0,265397.0
2026-04-14,1405.0,266802.0
2026-04-15,625.0,267427.0
2026-04-20,-1800.0,265627.0
2026-04-22,-1705.0,263922.0
2026-04-23,-1095.0,262827.0
2026-04-24,-1625.0,261202.0
2026-04-27,340.0,261542.0
2026-05-01,1450.0,262992.0
2026-05-04,-1710.0,261282.0
2026-05-05,-2025.0,259257.0
2026-05-06,-2275.0,256982.0
2026-05-08,420.0,257402.0
2026-05-11,1330.0,258732.0
2026-05-12,-1785.0,256947.0
2026-05-13,1020.0,257967.0
2026-05-14,-260.0,257707.0
2026-05-18,-7110.0,250597.0
2026-05-20,780.0,251377.0
2026-05-28,205.0,251582.0
2026-06-01,4525.0,256107.0
2026-06-04,720.0,256827.0
2026-06-05,540.0,257367.0
2026-06-08,-4850.0,252517.0
2026-06-09,11920.0,264437.0
2026-06-10,1060.0,265497.0
2026-06-11,3130.0,268627.0
2026-06-15,3825.0,272452.0
2026-06-25,-287.75,272164.25
2026-06-26,-487.0,271677.25
2026-06-29,574.0,272251.25
2026-06-30,4.0,272255.25
2026-07-01,-439.0,271816.25
2026-07-02,-433.0,271383.25
2026-07-03,-418.0,270965.25
2026-07-07,101.0,271066.25
2026-07-08,750.0,271816.25
2026-07-09,-584.0,271232.25
2026-07-10,271.0,271503.25
2026-07-13,1080.0,272583.25
2026-07-14,-640.0,271943.25
2026-07-15,179.0,272122.25
2026-07-16,597.0,272719.25
2026-07-17,-267.0,272452.25
2026-07-20,29.0,272481.25
2026-07-21,-605.0,271876.25
2026-07-22,-675.75,271200.5
