date,pnl
1995-04-03,-4.75
1995-04-04,2.0
1995-04-05,21.0
1995-04-06,-7.0
1995-04-07,-8.0
1995-04-10,-31.0
1995-04-11,4.0
1995-04-12,-3.0
1995-04-13,-3.0
1995-04-17,41.0
1995-04-18,13.0
1995-04-19,-4.0
1995-04-20,-27.0
1995-04-21,-20.0
1995-04-24,4.0
1995-04-25,-8.0
1995-04-26,-43.0
1995-04-27,19.0
1995-04-28,-14.0
1995-05-01,13.0
1995-05-02,8.0
1995-05-03,8.0
1995-05-04,16.0
1995-05-05,-6.0
1995-05-08,-15.0
1995-05-09,-63.0
1995-05-10,-1.0
1995-05-11,-1.0
1995-05-12,-1.0
1995-05-15,13.0
1995-05-16,-1.0
1995-05-17,-13.0
1995-05-18,0.0
1995-05-19,-11.0
1995-05-22,-3.0
1995-05-23,10.0
1995-05-24,9.0
1995-05-25,12.0
1995-05-26,7.0
1995-05-30,13.0
1995-05-31,-3.0
1995-06-01,7.0
1995-06-02,-14.75
1995-11-27,-4.75
1995-11-28,-30.0
1995-11-29,-13.0
1995-11-30,6.0
1995-12-01,12.0
1995-12-04,1.0
1995-12-05,-14.0
1995-12-06,-16.0
1995-12-07,-2.0
1995-12-08,-9.0
1995-12-11,14.0
1995-12-12,2.0
1995-12-13,19.0
1995-12-14,6.0
1995-12-15,-3.0
1995-12-18,-10.0
1995-12-19,2.0
1995-12-20,-12.0
1995-12-21,9.0
1995-12-22,5.0
1995-12-26,-4.0
1995-12-27,9.0
1995-12-28,-1.0
1995-12-29,-3.0
1996-01-02,-38.0
1996-01-03,-43.0
1996-01-04,8.0
1996-01-05,-11.0
1996-01-08,0.0
1996-01-09,-4.0
1996-01-10,-33.0
1996-01-11,9.0
1996-01-12,26.0
1996-01-15,6.0
1996-01-16,-27.0
1996-01-17,-12.0
1996-01-18,24.0
1996-01-19,-23.0
1996-01-22,-36.0
1996-01-23,-1.0
1996-01-24,1.0
1996-01-25,-32.0
1996-01-26,7.25
1996-02-02,19.25
1996-02-05,-18.0
1996-02-06,-13.0
1996-02-07,-32.0
1996-02-08,1.0
1996-02-09,-37.0
1996-02-12,-45.0
1996-02-13,18.0
1996-02-14,14.0
1996-02-15,-8.0
1996-02-16,18.0
1996-02-20,-64.0
1996-02-21,29.0
1996-02-22,-25.0
1996-02-23,-16.0
1996-02-26,7.0
1996-02-27,-10.0
1996-02-28,25.0
1996-02-29,-9.0
1996-03-01,-10.0
1996-03-04,-50.0
1996-03-05,-6.0
1996-03-06,-2.0
1996-03-07,20.0
1996-03-08,18.0
1996-03-11,-15.0
1996-03-12,8.0
1996-03-13,2.0
1996-03-14,-12.0
1996-03-15,4.0
1996-03-18,-6.0
1996-03-19,-3.0
1996-03-20,5.0
1996-03-21,22.0
1996-03-22,2.0
1996-03-25,1.0
1996-03-26,15.0
1996-03-27,-1.0
1996-03-28,-7.0
1996-03-29,-13.0
1996-04-01,-7.0
1996-04-02,-11.0
1996-04-03,0.25
1996-06-06,0.25
1996-06-07,8.0
1996-06-10,-9.0
1996-06-11,16.0
1996-06-12,1.0
1996-06-13,3.0
1996-06-14,-6.0
1996-06-17,-2.0
1996-06-18,-4.0
1996-06-19,12.0
1996-06-20,2.0
1996-06-21,-5.0
1996-06-24,1.0
1996-06-25,11.0
1996-06-26,9.0
1996-06-27,11.0
1996-06-28,20.0
1996-07-01,-11.0
1996-07-02,-6.0
1996-07-03,8.0
1996-07-08,4.0
1996-07-09,-14.0
1996-07-10,1.0
1996-07-11,-12.0
1996-07-12,2.0
1996-07-15,-13.0
1996-07-16,15.0
1996-07-17,0.0
1996-07-18,-4.0
1996-07-19,-7.0
1996-07-22,-2.0
1996-07-23,0.0
1996-07-24,-8.0
1996-07-25,6.0
1996-07-26,0.0
1996-07-29,7.0
1996-07-30,-53.0
1996-07-31,-28.0
1996-08-01,10.0
1996-08-02,-11.0
1996-08-05,-18.0
1996-08-06,6.0
1996-08-07,1.25
1996-10-01,-3.75
1996-10-02,-13.0
1996-10-03,-4.0
1996-10-04,1.0
1996-10-07,0.0
1996-10-08,-8.0
1996-10-09,-1.0
1996-10-10,-10.0
1996-10-11,11.0
1996-10-14,-4.0
1996-10-15,5.0
1996-10-16,3.0
1996-10-17,4.0
1996-10-18,5.0
1996-10-21,-18.0
1996-10-22,-22.0
1996-10-23,2.0
1996-10-24,10.0
1996-10-25,3.0
1996-10-28,0.0
1996-10-29,30.0
1996-10-30,3.0
1996-10-31,22.0
1996-11-01,-1.0
1996-11-04,-4.0
1996-11-05,0.0
1996-11-06,9.0
1996-11-07,-9.0
1996-11-08,-9.0
1996-11-11,-23.0
1996-11-12,-6.0
1996-11-13,-8.0
1996-11-14,24.0
1996-11-15,7.0
1996-11-18,14.0
1996-11-19,13.0
1996-11-20,-6.0
1996-11-21,25.0
1996-11-22,2.0
1996-11-25,18.0
1996-11-26,-2.0
1996-11-27,17.0
1996-12-02,19.25
1996-12-04,-21.75
1996-12-05,-5.0
1996-12-06,22.0
1996-12-09,11.0
1996-12-10,-8.0
1996-12-11,-1.0
1996-12-12,-2.0
1996-12-13,4.0
1996-12-16,5.0
1996-12-17,-6.0
1996-12-18,-8.0
1996-12-19,2.0
1996-12-20,6.0
1996-12-23,-1.0
1996-12-24,0.0
1996-12-26,-5.0
1996-12-27,0.0
1996-12-30,-1.0
1996-12-31,20.0
1997-01-02,26.0
1997-01-03,46.0
1997-01-06,33.0
1997-01-07,-10.0
1997-01-08,29.0
1997-01-09,-20.0
1997-01-10,-14.0
1997-01-13,5.0
1997-01-14,50.0
1997-01-15,15.0
1997-01-16,-18.0
1997-01-17,-14.0
1997-01-20,18.0
1997-01-21,8.0
1997-01-22,21.0
1997-01-23,-8.0
1997-01-24,-9.0
1997-01-27,-39.0
1997-01-28,33.0
1997-01-29,22.0
1997-01-30,43.0
1997-01-31,15.0
1997-02-03,-25.0
1997-02-04,19.25
1997-06-30,4.25
1997-07-01,2.0
1997-07-02,28.0
1997-07-03,71.0
1997-07-07,62.0
1997-07-08,-20.0
1997-07-09,21.0
1997-07-10,-19.0
1997-07-11,-14.0
1997-07-14,14.0
1997-07-15,18.0
1997-07-16,3.0
1997-07-17,-60.0
1997-07-18,-49.0
1997-07-21,34.0
1997-07-22,2.0
1997-07-23,22.0
1997-07-24,0.0
1997-07-25,-27.0
1997-07-28,-30.0
1997-07-29,37.0
1997-07-30,-48.0
1997-07-31,20.0
1997-08-01,-3.0
1997-08-04,8.0
1997-08-05,35.0
1997-08-06,21.0
1997-08-07,-33.0
1997-08-08,-46.0
1997-08-11,-21.0
1997-08-12,17.0
1997-08-13,1.0
1997-08-14,27.0
1997-08-15,-15.0
1997-08-18,48.0
1997-08-19,-18.0
1997-08-20,18.0
1997-08-21,-19.0
1997-08-22,-31.0
1997-08-25,17.0
1997-08-26,-10.0
1997-08-27,2.0
1997-08-28,15.25
1997-10-27,-28.75
1997-10-28,-42.0
1997-10-29,21.0
1997-10-30,-28.0
1997-10-31,51.0
1997-11-03,-23.0
1997-11-04,-4.0
1997-11-05,3.0
1997-11-06,13.0
1997-11-07,20.0
1997-11-10,1.0
1997-11-11,5.0
1997-11-12,22.0
1997-11-13,-4.0
1997-11-14,45.0
1997-11-17,-4.0
1997-11-18,-29.0
1997-11-19,26.0
1997-11-20,12.0
1997-11-21,-21.0
1997-11-24,20.0
1997-11-25,34.0
1997-11-26,36.0
1997-12-01,12.0
1997-12-02,-2.0
1997-12-03,14.0
1997-12-04,60.0
1997-12-05,-20.0
1997-12-08,5.0
1997-12-09,51.0
1997-12-10,-37.0
1997-12-11,26.0
1997-12-12,12.0
1997-12-15,-16.0
1997-12-16,10.0
1997-12-17,-57.0
1997-12-18,19.0
1997-12-19,-19.0
1997-12-22,-16.0
1997-12-23,-28.0
1997-12-24,-24.0
1997-12-26,17.0
1997-12-29,35.25
1998-01-06,0.25
1998-01-07,-24.0
1998-01-08,29.0
1998-01-09,27.0
1998-01-12,2.0
1998-01-13,-49.0
1998-01-14,14.0
1998-01-15,-40.0
1998-01-16,-47.0
1998-01-20,-2.0
1998-01-21,-20.0
1998-01-22,20.0
1998-01-23,-90.0
1998-01-26,32.0
1998-01-27,-36.0
1998-01-28,-53.0
1998-01-29,11.0
1998-01-30,3.0
1998-02-02,-4.0
1998-02-03,78.0
1998-02-04,-40.0
1998-02-05,5.0
1998-02-06,7.0
1998-02-09,-16.0
1998-02-10,-7.0
1998-02-11,5.0
1998-02-12,14.0
1998-02-13,-12.0
1998-02-17,21.0
1998-02-18,4.0
1998-02-19,-13.0
1998-02-20,17.0
1998-02-23,40.0
1998-02-24,20.0
1998-02-25,-4.0
1998-02-26,-23.0
1998-02-27,-47.0
1998-03-02,-4.0
1998-03-03,20.0
1998-03-04,17.0
1998-03-05,27.0
1998-03-06,-11.0
1998-03-09,0.25
1998-08-28,18.25
1998-08-31,-10.0
1998-09-01,-33.0
1998-09-02,-12.0
1998-09-03,-49.0
1998-09-04,-18.0
1998-09-08,9.0
1998-09-09,18.0
1998-09-10,-64.0
1998-09-11,-30.0
1998-09-14,34.0
1998-09-15,4.0
1998-09-16,24.0
1998-09-17,-33.0
1998-09-18,-3.0
1998-09-21,26.0
1998-09-22,11.0
1998-09-23,-20.0
1998-09-24,-39.0
1998-09-25,2.0
1998-09-28,-18.0
1998-09-29,11.0
1998-09-30,-21.0
1998-10-01,-31.0
1998-10-02,-7.0
1998-10-05,38.0
1998-10-06,7.0
1998-10-07,-46.0
1998-10-08,9.0
1998-10-09,35.0
1998-10-12,3.0
1998-10-13,-3.0
1998-10-14,7.0
1998-10-15,-14.0
1998-10-16,-25.0
1998-10-19,39.0
1998-10-20,0.0
1998-10-21,10.0
1998-10-22,32.0
1998-10-23,-6.0
1998-10-26,6.0
1998-10-27,-12.0
1998-10-28,2.25
1999-03-29,-7.75
1999-03-30,-10.0
1999-03-31,-6.0
1999-04-01,-1.0
1999-04-05,17.0
1999-04-06,-15.0
1999-04-07,-5.0
1999-04-08,-4.0
1999-04-09,-7.0
1999-04-12,-11.0
1999-04-13,-11.0
1999-04-14,24.0
1999-04-15,-21.0
1999-04-16,-3.0
1999-04-19,-7.0
1999-04-20,4.0
1999-04-21,4.0
1999-04-22,3.0
1999-04-23,3.0
1999-04-26,23.0
1999-04-27,-9.0
1999-04-28,-6.0
1999-04-29,-32.0
1999-04-30,-5.0
1999-05-03,2.0
1999-05-04,7.0
1999-05-05,-16.0
1999-05-06,-22.0
1999-05-07,70.0
1999-05-10,53.0
1999-05-11,-4.0
1999-05-12,10.0
1999-05-13,-3.0
1999-05-14,19.0
1999-05-17,14.0
1999-05-18,6.0
1999-05-19,7.0
1999-05-20,-12.0
1999-05-21,14.0
1999-05-24,4.0
1999-05-25,21.0
1999-05-26,13.0
1999-05-27,-11.75
1999-06-09,26.25
1999-06-10,10.0
1999-06-11,-22.0
1999-06-14,3.0
1999-06-15,10.0
1999-06-16,11.0
1999-06-17,-1.0
1999-06-18,-9.0
1999-06-21,6.0
1999-06-22,4.0
1999-06-23,-19.0
1999-06-24,-6.0
1999-06-25,16.0
1999-06-28,-12.0
1999-06-29,0.0
1999-06-30,-16.0
1999-07-01,-8.0
1999-07-02,-2.0
1999-07-06,68.0
1999-07-07,-2.0
1999-07-08,3.0
1999-07-09,-4.0
1999-07-12,16.0
1999-07-13,-2.0
1999-07-14,17.0
1999-07-15,2.0
1999-07-16,3.0
1999-07-19,6.0
1999-07-20,-2.0
1999-07-21,-22.0
1999-07-22,-4.0
1999-07-23,13.0
1999-07-26,7.0
1999-07-27,2.0
1999-07-28,0.0
1999-07-29,-52.0
1999-07-30,9.0
1999-08-02,10.0
1999-08-03,-7.0
1999-08-04,-1.0
1999-08-05,6.0
1999-08-06,-6.0
1999-08-09,-8.75
1999-09-29,-92.75
1999-09-30,-25.0
1999-10-01,58.0
1999-10-04,127.0
1999-10-05,80.0
1999-10-06,0.0
1999-10-07,-17.0
1999-10-08,-26.0
1999-10-11,-14.0
1999-10-12,-21.0
1999-10-13,36.0
1999-10-14,-76.0
1999-10-15,22.0
1999-10-18,-47.0
1999-10-19,-22.0
1999-10-20,-22.0
1999-10-21,-18.0
1999-10-22,-22.0
1999-10-25,-28.0
1999-10-26,-101.0
1999-10-27,38.0
1999-10-28,62.0
1999-10-29,-1.0
1999-11-01,-88.0
1999-11-02,9.0
1999-11-03,9.0
1999-11-04,4.0
1999-11-05,-27.0
1999-11-08,1.0
1999-11-09,20.0
1999-11-10,60.0
1999-11-11,-42.0
1999-11-12,-28.0
1999-11-15,4.0
1999-11-16,28.0
1999-11-17,4.0
1999-11-18,-6.0
1999-11-19,6.0
1999-11-22,-1.0
1999-11-23,31.0
1999-11-24,7.0
1999-11-29,-59.0
1999-11-30,-6.75
2000-03-30,-2.75
2000-03-31,-23.0
2000-04-03,10.0
2000-04-04,-62.0
2000-04-05,28.0
2000-04-06,11.0
2000-04-07,2.0
2000-04-10,-15.0
2000-04-11,3.0
2000-04-12,2.0
2000-04-13,3.0
2000-04-14,-14.0
2000-04-17,4.0
2000-04-18,12.0
2000-04-19,5.0
2000-04-20,10.0
2000-04-24,3.0
2000-04-25,14.0
2000-04-26,27.0
2000-04-27,-13.0
2000-04-28,37.0
2000-05-01,-1.0
2000-05-02,-22.0
2000-05-03,-21.0
2000-05-04,-21.0
2000-05-05,11.0
2000-05-08,25.0
2000-05-09,-6.0
2000-05-10,-5.0
2000-05-11,22.0
2000-05-12,-4.0
2000-05-15,5.0
2000-05-16,2.0
2000-05-17,24.0
2000-05-18,1.0
2000-05-19,-9.0
2000-05-22,-16.0
2000-05-23,15.0
2000-05-24,9.0
2000-05-25,31.0
2000-05-26,-15.0
2000-05-30,-33.0
2000-05-31,5.25
2000-10-26,14.25
2000-10-27,7.0
2000-10-30,1.0
2000-10-31,-6.0
2000-11-01,10.0
2000-11-02,-5.0
2000-11-03,-2.0
2000-11-06,1.0
2000-11-07,6.0
2000-11-08,-7.0
2000-11-09,-8.0
2000-11-10,14.0
2000-11-13,2.0
2000-11-14,-1.0
2000-11-15,-2.0
2000-11-16,-7.0
2000-11-17,1.0
2000-11-20,-6.0
2000-11-21,7.0
2000-11-22,-6.0
2000-11-27,-36.0
2000-11-28,5.0
2000-11-29,2.0
2000-11-30,-37.0
2000-12-01,14.0
2000-12-04,-19.0
2000-12-05,5.0
2000-12-06,-40.0
2000-12-07,12.0
2000-12-08,10.0
2000-12-11,20.0
2000-12-12,-1.0
2000-12-13,20.0
2000-12-14,-3.0
2000-12-15,-14.0
2000-12-18,9.0
2000-12-19,0.0
2000-12-20,-27.0
2000-12-21,-10.0
2000-12-22,2.0
2000-12-26,-4.0
2000-12-27,-10.0
2000-12-28,30.25
2001-01-29,-0.75
2001-01-30,-52.0
2001-01-31,0.0
2001-02-01,-27.0
2001-02-02,14.0
2001-02-05,19.0
2001-02-06,20.0
2001-02-07,5.0
2001-02-08,27.0
2001-02-09,2.0
2001-02-12,-7.0
2001-02-13,5.0
2001-02-14,10.0
2001-02-15,43.0
2001-02-16,-29.0
2001-02-20,22.0
2001-02-21,-18.0
2001-02-22,-4.0
2001-02-23,-23.0
2001-02-26,-47.0
2001-02-27,-16.0
2001-02-28,6.0
2001-03-01,16.0
2001-03-02,31.0
2001-03-05,-4.0
2001-03-06,26.0
2001-03-07,-15.0
2001-03-08,-37.0
2001-03-09,-54.0
2001-03-12,-8.0
2001-03-13,48.0
2001-03-14,46.0
2001-03-15,26.0
2001-03-16,19.0
2001-03-19,-17.0
2001-03-20,-7.0
2001-03-21,-14.0
2001-03-22,8.0
2001-03-23,-3.0
2001-03-26,-4.0
2001-03-27,10.0
2001-03-28,14.0
2001-03-29,-8.75
2001-05-21,-17.75
2001-05-22,-3.0
2001-05-23,-15.0
2001-05-24,-46.0
2001-05-25,-12.0
2001-05-29,-43.0
2001-05-30,-65.0
2001-05-31,-5.0
2001-06-01,11.0
2001-06-04,-15.0
2001-06-05,6.0
2001-06-06,-1.0
2001-06-07,3.0
2001-06-08,72.0
2001-06-11,-56.0
2001-06-12,37.0
2001-06-13,5.0
2001-06-14,33.0
2001-06-15,-41.0
2001-06-18,11.0
2001-06-19,10.0
2001-06-20,-10.0
2001-06-21,2.0
2001-06-22,-3.0
2001-06-25,14.0
2001-06-26,23.0
2001-06-27,-42.0
2001-06-28,-28.0
2001-06-29,13.0
2001-07-02,-12.0
2001-07-03,-18.0
2001-07-05,-25.0
2001-07-06,8.0
2001-07-09,4.0
2001-07-10,-3.0
2001-07-11,21.0
2001-07-12,-17.0
2001-07-13,5.0
2001-07-16,-2.0
2001-07-17,12.0
2001-07-18,22.0
2001-07-19,-11.0
2001-07-20,3.25
2002-04-29,-4.75
2002-04-30,-23.0
2002-05-01,2.0
2002-05-02,-8.0
2002-05-03,39.0
2002-05-06,-10.0
2002-05-07,4.0
2002-05-08,-34.0
2002-05-09,13.0
2002-05-10,15.0
2002-05-13,-4.0
2002-05-14,-33.0
2002-05-15,14.0
2002-05-16,11.0
2002-05-17,8.0
2002-05-20,51.0
2002-05-21,1.0
2002-05-22,22.0
2002-05-23,45.0
2002-05-24,-21.0
2002-05-28,34.0
2002-05-29,14.0
2002-05-30,12.0
2002-05-31,8.0
2002-06-03,2.0
2002-06-04,11.0
2002-06-05,-67.0
2002-06-06,37.0
2002-06-07,-4.0
2002-06-10,-59.0
2002-06-11,10.0
2002-06-12,6.0
2002-06-13,-26.0
2002-06-14,13.0
2002-06-17,-17.0
2002-06-18,16.0
2002-06-19,6.0
2002-06-20,34.0
2002-06-21,14.0
2002-06-24,-4.0
2002-06-25,-42.0
2002-06-26,3.0
2002-06-27,-13.75
2002-12-13,14.25
2002-12-16,38.0
2002-12-17,4.0
2002-12-18,47.0
2002-12-19,38.0
2002-12-20,-55.0
2002-12-23,46.0
2002-12-24,17.0
2002-12-26,21.0
2002-12-27,3.0
2002-12-30,-56.0
2002-12-31,41.0
2003-01-02,-17.0
2003-01-03,51.0
2003-01-06,5.0
2003-01-07,-44.0
2003-01-08,66.0
2003-01-09,-6.0
2003-01-10,12.0
2003-01-13,2.0
2003-01-14,-27.0
2003-01-15,-13.0
2003-01-16,70.0
2003-01-17,-13.0
2003-01-21,7.0
2003-01-22,24.0
2003-01-23,48.0
2003-01-24,37.0
2003-01-27,10.0
2003-01-28,6.0
2003-01-29,-37.0
2003-01-30,34.0
2003-01-31,-6.0
2003-02-03,25.0
2003-02-04,83.0
2003-02-05,-27.0
2003-02-06,-65.0
2003-02-07,-2.0
2003-02-10,-63.0
2003-02-11,-12.0
2003-02-12,-100.0
2003-02-13,47.0
2003-02-14,-56.75
2003-09-02,-26.75
2003-09-03,7.0
2003-09-04,-10.0
2003-09-05,47.0
2003-09-08,-25.0
2003-09-09,66.0
2003-09-10,-17.0
2003-09-11,-3.0
2003-09-12,-39.0
2003-09-15,-13.0
2003-09-16,-10.0
2003-09-17,27.0
2003-09-18,4.0
2003-09-19,52.0
2003-09-22,54.0
2003-09-23,-13.0
2003-09-24,14.0
2003-09-25,-29.0
2003-09-26,-37.0
2003-09-29,14.0
2003-09-30,29.0
2003-10-01,-11.0
2003-10-02,-13.0
2003-10-03,-137.0
2003-10-06,33.0
2003-10-07,45.0
2003-10-08,-18.0
2003-10-09,-62.0
2003-10-10,43.0
2003-10-13,16.0
2003-10-14,5.0
2003-10-15,-31.0
2003-10-16,1.0
2003-10-17,-10.0
2003-10-20,22.0
2003-10-21,76.0
2003-10-22,48.0
2003-10-23,-18.0
2003-10-24,42.0
2003-10-27,-10.0
2003-10-28,-48.0
2003-10-29,36.0
2003-10-30,-27.75
2003-11-13,-4.75
2003-11-14,37.0
2003-11-17,-65.0
2003-11-18,61.0
2003-11-19,-27.0
2003-11-20,-12.0
2003-11-21,23.0
2003-11-24,-45.0
2003-11-25,-4.0
2003-11-26,57.0
2003-12-01,70.0
2003-12-02,8.0
2003-12-03,2.0
2003-12-04,-6.0
2003-12-05,31.0
2003-12-08,2.0
2003-12-09,14.0
2003-12-10,-19.0
2003-12-11,-16.0
2003-12-12,47.0
2003-12-15,-2.0
2003-12-16,-15.0
2003-12-17,43.0
2003-12-18,-16.0
2003-12-19,-12.0
2003-12-22,14.0
2003-12-23,3.0
2003-12-24,12.0
2003-12-29,25.0
2003-12-30,19.0
2003-12-31,-11.0
2004-01-05,87.0
2004-01-06,-16.0
2004-01-07,-9.0
2004-01-08,21.0
2004-01-09,24.0
2004-01-12,-2.0
2004-01-13,-26.0
2004-01-14,-20.0
2004-01-15,-133.0
2004-01-16,-17.0
2004-01-20,59.0
2004-01-21,-18.75
2004-04-29,-10.75
2004-04-30,-4.0
2004-05-03,0.0
2004-05-04,-43.0
2004-05-05,-20.0
2004-05-06,54.0
2004-05-07,93.0
2004-05-10,4.0
2004-05-11,15.0
2004-05-12,-5.0
2004-05-13,28.0
2004-05-14,-22.0
2004-05-17,-25.0
2004-05-18,37.0
2004-05-19,-71.0
2004-05-20,45.0
2004-05-21,-64.0
2004-05-24,-8.0
2004-05-25,-27.0
2004-05-26,1.0
2004-05-27,-66.0
2004-05-28,0.0
2004-06-01,-5.0
2004-06-02,29.0
2004-06-03,36.0
2004-06-04,-28.0
2004-06-07,-28.0
2004-06-08,27.0
2004-06-09,66.0
2004-06-10,-14.0
2004-06-14,24.0
2004-06-15,-45.0
2004-06-16,35.0
2004-06-17,-43.0
2004-06-18,-62.0
2004-06-21,12.0
2004-06-22,-10.0
2004-06-23,0.0
2004-06-24,-80.0
2004-06-25,3.0
2004-06-28,19.0
2004-06-29,85.0
2004-06-30,-3.75
2004-10-01,6.25
2004-10-04,-56.0
2004-10-05,42.0
2004-10-06,2.0
2004-10-07,-5.0
2004-10-08,50.0
2004-10-11,-11.0
2004-10-12,-68.0
2004-10-13,-20.0
2004-10-14,49.0
2004-10-15,6.0
2004-10-18,-25.0
2004-10-19,40.0
2004-10-20,32.0
2004-10-21,8.0
2004-10-22,0.0
2004-10-25,43.0
2004-10-26,-23.0
2004-10-27,-20.0
2004-10-28,5.0
2004-10-29,33.0
2004-11-01,-12.0
2004-11-02,-74.0
2004-11-03,46.0
2004-11-04,54.0
2004-11-05,35.0
2004-11-08,-9.0
2004-11-09,28.0
2004-11-10,-17.0
2004-11-11,9.0
2004-11-12,29.0
2004-11-15,-10.0
2004-11-16,32.0
2004-11-17,46.0
2004-11-18,-22.0
2004-11-19,41.0
2004-11-22,20.0
2004-11-23,-11.0
2004-11-24,14.0
2004-11-29,65.0
2004-11-30,-26.0
2004-12-01,27.0
2004-12-02,-37.75
2005-08-12,8.25
2005-08-15,-38.0
2005-08-16,39.0
2005-08-17,-63.0
2005-08-18,-5.0
2005-08-19,-25.0
2005-08-22,8.0
2005-08-23,13.0
2005-08-24,-21.0
2005-08-25,9.0
2005-08-26,-10.0
2005-08-29,-7.0
2005-08-30,-59.0
2005-08-31,26.0
2005-09-01,84.0
2005-09-02,20.0
2005-09-06,1.0
2005-09-07,4.0
2005-09-08,17.0
2005-09-09,23.0
2005-09-12,7.0
2005-09-13,-37.0
2005-09-14,37.0
2005-09-15,56.0
2005-09-16,40.0
2005-09-19,71.0
2005-09-20,-4.0
2005-09-21,26.0
2005-09-22,-23.0
2005-09-23,-31.0
2005-09-26,23.0
2005-09-27,-33.0
2005-09-28,69.0
2005-09-29,27.0
2005-09-30,-35.0
2005-10-03,-30.0
2005-10-04,0.0
2005-10-05,0.0
2005-10-06,57.0
2005-10-07,27.0
2005-10-10,3.0
2005-10-11,18.0
2005-10-12,-33.75
2005-11-18,-7.75
2005-11-21,33.0
2005-11-22,34.0
2005-11-23,-6.0
2005-11-28,60.0
2005-11-29,52.0
2005-11-30,-48.0
2005-12-01,76.0
2005-12-02,7.0
2005-12-05,56.0
2005-12-06,12.0
2005-12-07,40.0
2005-12-08,49.0
2005-12-09,75.0
2005-12-12,13.0
2005-12-13,-74.0
2005-12-14,-146.0
2005-12-15,-29.0
2005-12-16,-7.0
2005-12-19,2.0
2005-12-20,-91.0
2005-12-21,-17.0
2005-12-22,97.0
2005-12-23,2.0
2005-12-27,49.0
2005-12-28,62.0
2005-12-29,12.0
2005-12-30,22.0
2006-01-03,128.0
2006-01-04,31.0
2006-01-05,-78.0
2006-01-06,134.0
2006-01-09,93.0
2006-01-10,-48.0
2006-01-11,44.0
2006-01-12,-8.0
2006-01-13,77.0
2006-01-17,-27.0
2006-01-18,-98.0
2006-01-19,145.0
2006-01-20,-50.0
2006-01-23,47.0
2006-01-24,-7.75
2006-01-31,43.25
2006-02-01,-15.0
2006-02-02,28.0
2006-02-03,-52.0
2006-02-06,27.0
2006-02-07,-195.0
2006-02-08,-10.0
2006-02-09,143.0
2006-02-10,-146.0
2006-02-13,-114.0
2006-02-14,68.0
2006-02-15,-62.0
2006-02-16,61.0
2006-02-17,58.0
2006-02-21,20.0
2006-02-22,0.0
2006-02-23,-57.0
2006-02-24,103.0
2006-02-27,-42.0
2006-02-28,69.0
2006-03-01,19.0
2006-03-02,46.0
2006-03-03,-24.0
2006-03-06,-112.0
2006-03-07,-23.0
2006-03-08,-102.0
2006-03-09,27.0
2006-03-10,-57.0
2006-03-13,62.0
2006-03-14,55.0
2006-03-15,14.0
2006-03-16,10.0
2006-03-17,-3.0
2006-03-20,10.0
2006-03-21,-29.0
2006-03-22,-15.0
2006-03-23,-9.0
2006-03-24,97.0
2006-03-27,69.0
2006-03-28,-4.0
2006-03-29,63.0
2006-03-30,185.0
2006-03-31,-52.75
2006-04-07,-66.75
2006-04-10,91.0
2006-04-11,-24.0
2006-04-12,19.0
2006-04-13,-12.0
2006-04-17,187.0
2006-04-18,45.0
2006-04-19,127.0
2006-04-20,-129.0
2006-04-21,124.0
2006-04-24,-116.0
2006-04-25,103.0
2006-04-26,78.0
2006-04-27,-57.0
2006-04-28,182.0
2006-05-01,57.0
2006-05-02,72.0
2006-05-03,11.0
2006-05-04,80.0
2006-05-05,78.0
2006-05-08,-44.0
2006-05-09,216.0
2006-05-10,42.0
2006-05-11,158.0
2006-05-12,-97.0
2006-05-15,-268.0
2006-05-16,79.0
2006-05-17,-11.0
2006-05-18,-109.0
2006-05-19,-239.0
2006-05-22,7.0
2006-05-23,160.0
2006-05-24,-362.0
2006-05-25,110.0
2006-05-26,25.0
2006-05-30,95.0
2006-05-31,-115.0
2006-06-01,-155.0
2006-06-02,75.0
2006-06-05,77.0
2006-06-06,-140.0
2006-06-07,-21.0
2006-06-08,-189.75
2007-02-01,43.25
2007-02-02,-115.0
2007-02-05,46.0
2007-02-06,26.0
2007-02-07,-14.0
2007-02-08,55.0
2007-02-09,95.0
2007-02-12,-50.0
2007-02-13,12.0
2007-02-14,35.0
2007-02-15,-6.0
2007-02-16,14.0
2007-02-19,15.0
2007-02-20,-133.0
2007-02-21,230.0
2007-02-22,-10.0
2007-02-23,37.0
2007-02-26,31.0
2007-02-27,-26.0
2007-02-28,-147.0
2007-03-01,-74.0
2007-03-02,-210.0
2007-03-05,-49.0
2007-03-06,70.0
2007-03-07,67.0
2007-03-08,26.0
2007-03-09,-35.0
2007-03-12,-17.0
2007-03-13,-9.0
2007-03-14,-69.0
2007-03-15,46.0
2007-03-16,68.0
2007-03-19,4.0
2007-03-20,47.0
2007-03-21,10.0
2007-03-22,42.0
2007-03-23,-69.0
2007-03-26,66.0
2007-03-27,-14.0
2007-03-28,43.0
2007-03-29,8.0
2007-03-30,14.0
2007-04-02,23.25
2007-04-17,-23.75
2007-04-18,8.0
2007-04-19,-50.0
2007-04-20,75.0
2007-04-23,-16.0
2007-04-24,-65.0
2007-04-25,-3.0
2007-04-26,-94.0
2007-04-27,38.0
2007-04-30,17.0
2007-05-01,-62.0
2007-05-02,-22.0
2007-05-03,93.0
2007-05-04,53.0
2007-05-07,7.0
2007-05-08,-30.0
2007-05-09,-49.0
2007-05-10,-155.0
2007-05-11,53.0
2007-05-14,-22.0
2007-05-15,44.0
2007-05-16,-130.0
2007-05-17,-43.0
2007-05-18,48.0
2007-05-21,18.0
2007-05-22,-39.0
2007-05-23,27.0
2007-05-24,-93.0
2007-05-25,20.0
2007-05-29,19.0
2007-05-30,21.0
2007-05-31,74.0
2007-06-01,102.0
2007-06-04,-6.0
2007-06-05,-12.0
2007-06-06,-5.0
2007-06-07,-94.0
2007-06-08,-149.0
2007-06-11,87.0
2007-06-12,-59.0
2007-06-13,-4.0
2007-06-14,32.0
2007-06-15,26.25
2007-09-07,40.25
2007-09-10,25.0
2007-09-11,89.0
2007-09-12,-4.0
2007-09-13,-28.0
2007-09-14,-1.0
2007-09-17,60.0
2007-09-18,-1.0
2007-09-19,58.0
2007-09-20,104.0
2007-09-21,-10.0
2007-09-24,4.0
2007-09-25,-5.0
2007-09-26,-33.0
2007-09-27,44.0
2007-09-28,101.0
2007-10-01,41.0
2007-10-02,-178.0
2007-10-03,-6.0
2007-10-04,81.0
2007-10-05,34.0
2007-10-08,-85.0
2007-10-09,44.0
2007-10-10,29.0
2007-10-11,107.0
2007-10-12,-29.0
2007-10-15,84.0
2007-10-16,-2.0
2007-10-17,3.0
2007-10-18,64.0
2007-10-19,-3.0
2007-10-22,-84.0
2007-10-23,31.0
2007-10-24,25.0
2007-10-25,54.0
2007-10-26,165.0
2007-10-29,51.0
2007-10-30,-48.0
2007-10-31,75.0
2007-11-01,-16.0
2007-11-02,148.0
2007-11-05,23.0
2007-11-06,124.25
2007-11-08,53.25
2007-11-09,-28.0
2007-11-12,-270.0
2007-11-13,-87.0
2007-11-14,157.0
2007-11-15,-274.0
2007-11-16,-3.0
2007-11-19,-90.0
2007-11-20,134.0
2007-11-21,72.0
2007-11-22,54.0
2007-11-23,207.0
2007-11-26,18.0
2007-11-27,-125.0
2007-11-28,-137.0
2007-11-29,20.0
2007-11-30,-132.0
2007-12-03,56.0
2007-12-04,129.0
2007-12-05,-39.0
2007-12-06,34.0
2007-12-07,-69.0
2007-12-10,133.0
2007-12-11,36.0
2007-12-12,17.0
2007-12-13,-148.0
2007-12-14,-60.0
2007-12-17,13.0
2007-12-18,81.0
2007-12-19,-20.0
2007-12-20,-22.0
2007-12-21,122.0
2007-12-24,11.0
2007-12-26,130.0
2007-12-27,23.0
2007-12-28,109.0
2007-12-31,-47.0
2008-01-02,220.0
2008-01-03,91.0
2008-01-04,-34.0
2008-01-07,-37.0
2008-01-08,183.0
2008-01-09,12.25
2008-01-14,38.25
2008-01-15,-8.0
2008-01-16,-206.0
2008-01-17,-15.0
2008-01-18,12.0
2008-01-22,86.0
2008-01-23,-72.0
2008-01-24,227.0
2008-01-25,49.0
2008-01-28,164.0
2008-01-29,-20.0
2008-01-30,12.0
2008-01-31,17.0
2008-02-01,-145.0
2008-02-04,-41.0
2008-02-05,-191.0
2008-02-06,147.0
2008-02-07,50.0
2008-02-08,123.0
2008-02-11,44.0
2008-02-12,-156.0
2008-02-13,-9.0
2008-02-14,6.0
2008-02-15,-47.0
2008-02-19,237.0
2008-02-20,80.0
2008-02-21,114.0
2008-02-22,-14.0
2008-02-25,-73.0
2008-02-26,84.0
2008-02-27,121.0
2008-02-28,65.0
2008-02-29,75.0
2008-03-03,92.0
2008-03-04,-179.0
2008-03-05,222.0
2008-03-06,-114.0
2008-03-07,-29.0
2008-03-10,-24.0
2008-03-11,42.0
2008-03-12,45.0
2008-03-13,133.0
2008-03-14,55.25
2008-08-12,143.25
2008-08-13,-169.0
2008-08-14,170.0
2008-08-15,224.0
2008-08-18,-136.0
2008-08-19,-111.0
2008-08-20,5.0
2008-08-21,-227.0
2008-08-22,55.0
2008-08-25,78.0
2008-08-26,-24.0
2008-08-27,-59.0
2008-08-28,-32.0
2008-08-29,20.0
2008-09-02,247.0
2008-09-03,23.0
2008-09-04,50.0
2008-09-05,4.0
2008-09-08,3.0
2008-09-09,105.0
2008-09-10,295.0
2008-09-11,170.0
2008-09-12,-190.0
2008-09-15,-225.0
2008-09-16,65.0
2008-09-17,-700.0
2008-09-18,-465.0
2008-09-19,323.0
2008-09-22,-443.0
2008-09-23,178.0
2008-09-24,-38.0
2008-09-25,130.0
2008-09-26,-65.0
2008-09-29,-59.0
2008-09-30,136.0
2008-10-01,-65.0
2008-10-02,430.0
2008-10-03,111.0
2008-10-06,-330.0
2008-10-07,-158.0
2008-10-08,-245.0
2008-10-09,200.0
2008-10-10,273.25
2008-10-23,151.25
2008-10-24,-156.0
2008-10-27,-126.0
2008-10-28,24.0
2008-10-29,-135.0
2008-10-30,155.0
2008-10-31,203.0
2008-11-03,-86.0
2008-11-04,-305.0
2008-11-05,149.0
2008-11-06,102.0
2008-11-07,-20.0
2008-11-10,-123.0
2008-11-11,137.0
2008-11-12,145.0
2008-11-13,133.0
2008-11-14,-375.0
2008-11-17,5.0
2008-11-18,93.0
2008-11-19,-33.0
2008-11-20,-127.0
2008-11-21,-431.0
2008-11-24,-277.0
2008-11-25,10.0
2008-11-26,100.0
2008-11-28,-105.0
2008-12-01,422.0
2008-12-02,-65.0
2008-12-03,128.0
2008-12-04,50.0
2008-12-05,133.0
2008-12-08,-171.0
2008-12-09,-49.0
2008-12-10,-346.0
2008-12-11,-178.0
2008-12-12,61.0
2008-12-15,-160.0
2008-12-16,-62.0
2008-12-17,-258.0
2008-12-18,79.0
2008-12-19,232.0
2008-12-22,-98.0
2008-12-23,89.25
2009-02-12,96.25
2009-02-13,-70.0
2009-02-16,253.0
2009-02-18,107.0
2009-02-19,-17.0
2009-02-20,257.0
2009-02-23,-72.0
2009-02-24,-255.0
2009-02-25,-33.0
2009-02-26,-236.0
2009-02-27,-1.0
2009-03-02,-25.0
2009-03-03,-264.0
2009-03-04,-69.0
2009-03-05,211.0
2009-03-06,149.0
2009-03-09,-247.0
2009-03-10,-221.0
2009-03-11,148.0
2009-03-12,133.0
2009-03-13,61.0
2009-03-16,-81.0
2009-03-17,-52.0
2009-03-18,-277.0
2009-03-19,697.0
2009-03-20,-26.0
2009-03-23,-37.0
2009-03-24,-287.0
2009-03-25,120.0
2009-03-26,42.0
2009-03-27,-168.0
2009-03-30,-55.0
2009-03-31,73.0
2009-04-01,27.0
2009-04-02,-188.0
2009-04-03,-116.0
2009-04-06,-245.0
2009-04-07,105.0
2009-04-08,26.0
2009-04-09,-26.0
2009-04-13,125.0
2009-04-14,-38.0
2009-04-15,13.25
2009-09-04,22.25
2009-09-07,31.0
2009-09-09,-27.0
2009-09-10,-3.0
2009-09-11,96.0
2009-09-14,-53.0
2009-09-15,52.0
2009-09-16,139.0
2009-09-17,-67.0
2009-09-18,-32.0
2009-09-21,-54.0
2009-09-22,106.0
2009-09-23,-11.0
2009-09-24,-155.0
2009-09-25,-73.0
2009-09-28,25.0
2009-09-29,3.0
2009-09-30,149.0
2009-10-01,-86.0
2009-10-02,36.0
2009-10-05,135.0
2009-10-06,219.0
2009-10-07,47.0
2009-10-08,119.0
2009-10-09,-77.0
2009-10-12,89.0
2009-10-13,75.0
2009-10-14,-3.0
2009-10-15,-141.0
2009-10-16,9.0
2009-10-19,66.0
2009-10-20,5.0
2009-10-21,59.0
2009-10-22,-59.0
2009-10-23,-22.0
2009-10-26,-136.0
2009-10-27,-74.0
2009-10-28,-49.0
2009-10-29,166.0
2009-10-30,-67.0
2009-11-02,136.0
2009-11-03,309.0
2009-11-04,22.25
2009-11-12,-107.75
2009-11-13,101.0
2009-11-16,225.0
2009-11-17,2.0
2009-11-18,18.0
2009-11-19,7.0
2009-11-20,49.0
2009-11-23,179.0
2009-11-24,11.0
2009-11-25,212.0
2009-11-26,-115.0
2009-11-30,68.0
2009-12-01,179.0
2009-12-02,128.0
2009-12-03,53.0
2009-12-04,-488.0
2009-12-07,-55.0
2009-12-08,-206.0
2009-12-09,-225.0
2009-12-10,53.0
2009-12-11,-63.0
2009-12-14,39.0
2009-12-15,-8.0
2009-12-16,132.0
2009-12-17,-288.0
2009-12-18,41.0
2009-12-21,-155.0
2009-12-22,-93.0
2009-12-23,73.0
2009-12-24,108.0
2009-12-28,31.0
2009-12-29,-98.0
2009-12-30,-56.0
2009-12-31,37.0
2010-01-04,221.0
2010-01-05,4.0
2010-01-06,178.0
2010-01-07,-28.0
2010-01-08,52.0
2010-01-11,125.0
2010-01-12,-220.0
2010-01-13,74.0
2010-01-14,60.25
2010-05-04,-138.75
2010-05-05,58.0
2010-05-06,223.0
2010-05-07,131.0
2010-05-10,-96.0
2010-05-11,195.0
2010-05-12,228.0
2010-05-13,-139.0
2010-05-14,-14.0
2010-05-17,3.0
2010-05-18,-135.0
2010-05-19,-215.0
2010-05-20,-45.0
2010-05-21,-125.0
2010-05-24,179.0
2010-05-25,40.0
2010-05-26,154.0
2010-05-27,10.0
2010-05-28,6.0
2010-05-31,119.0
2010-06-02,-43.0
2010-06-03,-126.0
2010-06-04,77.0
2010-06-07,231.0
2010-06-08,48.0
2010-06-09,-157.0
2010-06-10,-77.0
2010-06-11,80.0
2010-06-14,-57.0
2010-06-15,99.0
2010-06-16,-39.0
2010-06-17,182.0
2010-06-18,96.0
2010-06-21,-176.0
2010-06-22,1.0
2010-06-23,-60.0
2010-06-24,111.0
2010-06-25,103.0
2010-06-28,-176.0
2010-06-29,38.0
2010-06-30,35.0
2010-07-01,-392.0
2010-07-02,8.25
2010-09-15,-16.75
2010-09-16,51.0
2010-09-17,37.0
2010-09-20,33.0
2010-09-21,-65.0
2010-09-22,178.0
2010-09-23,42.0
2010-09-24,18.0
2010-09-27,5.0
2010-09-28,97.0
2010-09-29,20.0
2010-09-30,-7.0
2010-10-01,82.0
2010-10-04,-10.0
2010-10-05,235.0
2010-10-06,74.0
2010-10-07,-127.0
2010-10-08,103.0
2010-10-11,91.0
2010-10-12,-77.0
2010-10-13,238.0
2010-10-14,71.0
2010-10-15,-56.0
2010-10-18,1.0
2010-10-19,-361.0
2010-10-20,82.0
2010-10-21,-186.0
2010-10-22,-5.0
2010-10-25,138.0
2010-10-26,-3.0
2010-10-27,-160.0
2010-10-28,199.0
2010-10-29,151.0
2010-11-01,-70.0
2010-11-02,63.0
2010-11-03,-193.0
2010-11-04,455.0
2010-11-05,146.0
2010-11-08,55.0
2010-11-09,69.0
2010-11-10,-108.0
2010-11-11,40.0
2010-11-12,-379.75
2011-03-03,-202.75
2011-03-04,122.0
2011-03-07,59.0
2011-03-08,-73.0
2011-03-09,24.0
2011-03-10,-171.0
2011-03-11,93.0
2011-03-14,31.0
2011-03-15,-321.0
2011-03-16,33.0
2011-03-17,81.0
2011-03-18,119.0
2011-03-21,103.0
2011-03-22,12.0
2011-03-23,104.0
2011-03-24,-31.0
2011-03-25,-87.0
2011-03-28,-63.0
2011-03-29,-37.0
2011-03-30,87.0
2011-03-31,150.0
2011-04-01,-110.0
2011-04-04,41.0
2011-04-05,195.0
2011-04-06,60.0
2011-04-07,8.0
2011-04-08,148.0
2011-04-11,-60.0
2011-04-12,-145.0
2011-04-13,20.0
2011-04-14,168.0
2011-04-15,136.0
2011-04-18,69.0
2011-04-19,22.0
2011-04-20,38.0
2011-04-21,49.0
2011-04-25,53.0
2011-04-26,-56.0
2011-04-27,136.0
2011-04-28,141.0
2011-04-29,252.0
2011-05-02,7.0
2011-05-03,-168.75
2011-07-14,49.25
2011-07-15,8.0
2011-07-18,123.0
2011-07-19,-13.0
2011-07-20,-42.0
2011-07-21,-99.0
2011-07-22,145.0
2011-07-25,107.0
2011-07-26,46.0
2011-07-27,-17.0
2011-07-28,11.0
2011-07-29,150.0
2011-08-01,-95.0
2011-08-02,228.0
2011-08-03,218.0
2011-08-04,-73.0
2011-08-05,-72.0
2011-08-08,614.0
2011-08-09,298.0
2011-08-10,413.0
2011-08-11,-328.0
2011-08-12,-89.0
2011-08-15,154.0
2011-08-16,270.0
2011-08-17,88.0
2011-08-18,282.0
2011-08-19,302.0
2011-08-22,397.0
2011-08-23,-306.0
2011-08-24,-1040.0
2011-08-25,59.0
2011-08-26,341.0
2011-08-29,-57.0
2011-08-30,382.0
2011-08-31,19.0
2011-09-01,-26.0
2011-09-02,478.0
2011-09-05,-36.0
2011-09-07,-557.0
2011-09-08,399.0
2011-09-09,20.0
2011-09-12,-462.0
2011-09-13,166.25
2012-09-03,24.25
2012-09-05,-20.0
2012-09-06,116.0
2012-09-07,349.0
2012-09-10,-87.0
2012-09-11,31.0
2012-09-12,-12.0
2012-09-13,384.0
2012-09-14,6.0
2012-09-17,-21.0
2012-09-18,6.0
2012-09-19,5.0
2012-09-20,-15.0
2012-09-21,78.0
2012-09-24,-134.0
2012-09-25,18.0
2012-09-26,-128.0
2012-09-27,269.0
2012-09-28,-66.0
2012-10-01,94.0
2012-10-02,-77.0
2012-10-03,42.0
2012-10-04,167.0
2012-10-05,-157.0
2012-10-08,-51.0
2012-10-09,-107.0
2012-10-10,1.0
2012-10-11,55.0
2012-10-12,-109.0
2012-10-15,-221.0
2012-10-16,87.0
2012-10-17,67.0
2012-10-18,-83.0
2012-10-19,-207.0
2012-10-22,23.0
2012-10-23,-169.0
2012-10-24,-78.0
2012-10-25,114.0
2012-10-26,-11.0
2012-10-29,-32.0
2012-10-30,34.0
2012-10-31,70.0
2012-11-01,-37.75
2013-02-18,56.25
2013-02-20,262.0
2013-02-21,-6.0
2013-02-22,58.0
2013-02-25,-138.0
2013-02-26,-289.0
2013-02-27,198.0
2013-02-28,176.0
2013-03-01,58.0
2013-03-04,-1.0
2013-03-05,-25.0
2013-03-06,0.0
2013-03-07,-2.0
2013-03-08,-18.0
2013-03-11,-11.0
2013-03-12,-137.0
2013-03-13,33.0
2013-03-14,-23.0
2013-03-15,-19.0
2013-03-18,-120.0
2013-03-19,-67.0
2013-03-20,38.0
2013-03-21,-63.0
2013-03-22,77.0
2013-03-25,16.0
2013-03-26,88.0
2013-03-27,-115.0
2013-03-28,115.0
2013-04-01,-52.0
2013-04-02,250.0
2013-04-03,224.0
2013-04-04,11.0
2013-04-05,-235.0
2013-04-08,34.0
2013-04-09,-142.0
2013-04-10,279.0
2013-04-11,-61.0
2013-04-12,635.0
2013-04-15,1403.0
2013-04-16,-263.0
2013-04-17,47.0
2013-04-18,-98.0
2013-04-19,-32.75
2013-06-21,-145.75
2013-06-24,149.0
2013-06-25,20.0
2013-06-26,453.0
2013-06-27,182.0
2013-06-28,-121.0
2013-07-01,-320.0
2013-07-02,123.0
2013-07-03,-85.0
2013-07-04,392.0
2013-07-08,-222.0
2013-07-09,-110.0
2013-07-10,-15.0
2013-07-11,-325.0
2013-07-12,23.0
2013-07-15,-59.0
2013-07-16,-69.0
2013-07-17,129.0
2013-07-18,-67.0
2013-07-19,-87.0
2013-07-22,-431.0
2013-07-23,13.0
2013-07-24,152.0
2013-07-25,-93.0
2013-07-26,73.0
2013-07-29,-69.0
2013-07-30,36.0
2013-07-31,118.0
2013-08-01,18.0
2013-08-02,7.0
2013-08-05,81.0
2013-08-06,199.0
2013-08-07,-28.0
2013-08-08,-246.0
2013-08-09,-23.0
2013-08-12,-220.0
2013-08-13,137.0
2013-08-14,-129.0
2013-08-15,-275.0
2013-08-16,-101.0
2013-08-19,53.0
2013-08-20,-69.0
2013-08-21,23.25
2013-12-03,-14.75
2013-12-04,-264.0
2013-12-05,153.0
2013-12-06,29.0
2013-12-09,-52.0
2013-12-10,-269.0
2013-12-11,39.0
2013-12-12,323.0
2013-12-13,-97.0
2013-12-16,-98.0
2013-12-17,143.0
2013-12-18,-49.0
2013-12-19,414.0
2013-12-20,-101.0
2013-12-23,67.0
2013-12-24,-63.0
2013-12-26,-90.0
2013-12-27,-17.0
2013-12-30,102.0
2013-12-31,15.0
2014-01-02,-229.0
2014-01-03,-134.0
2014-01-06,6.0
2014-01-07,84.0
2014-01-08,41.0
2014-01-09,-39.0
2014-01-10,-175.0
2014-01-13,-42.0
2014-01-14,57.0
2014-01-15,71.0
2014-01-16,-19.0
2014-01-17,-117.0
2014-01-20,101.0
2014-01-22,32.0
2014-01-23,-237.0
2014-01-24,-20.0
2014-01-27,9.0
2014-01-28,126.0
2014-01-29,-114.0
2014-01-30,197.0
2014-01-31,27.0
2014-02-03,-201.0
2014-02-04,85.25
2014-03-13,44.25
2014-03-14,66.0
2014-03-17,-61.0
2014-03-18,-139.0
2014-03-19,-177.0
2014-03-20,-108.0
2014-03-21,55.0
2014-03-24,-248.0
2014-03-25,2.0
2014-03-26,-80.0
2014-03-27,-87.0
2014-03-28,-4.0
2014-03-31,-105.0
2014-04-01,-38.0
2014-04-02,108.0
2014-04-03,-62.0
2014-04-04,189.0
2014-04-07,-52.0
2014-04-08,108.0
2014-04-09,-32.0
2014-04-10,146.0
2014-04-11,-15.0
2014-04-14,85.0
2014-04-15,-272.0
2014-04-16,32.0
2014-04-17,-96.0
2014-04-21,-54.0
2014-04-22,-74.0
2014-04-23,35.0
2014-04-24,60.0
2014-04-25,102.0
2014-04-28,-18.0
2014-04-29,-27.0
2014-04-30,-4.0
2014-05-01,-125.0
2014-05-02,195.0
2014-05-05,64.0
2014-05-06,-7.0
2014-05-07,-197.0
2014-05-08,-12.0
2014-05-09,-1.0
2014-05-12,82.0
2014-05-13,-11.75
2014-09-12,92.25
2014-09-15,-36.0
2014-09-16,-16.0
2014-09-17,8.0
2014-09-18,90.0
2014-09-19,103.0
2014-09-22,-13.0
2014-09-23,-41.0
2014-09-24,25.0
2014-09-25,-24.0
2014-09-26,65.0
2014-09-29,-34.0
2014-09-30,72.0
2014-10-01,-39.0
2014-10-02,4.0
2014-10-03,222.0
2014-10-06,-144.0
2014-10-07,-51.0
2014-10-08,64.0
2014-10-09,-193.0
2014-10-10,36.0
2014-10-13,-83.0
2014-10-14,-43.0
2014-10-15,-105.0
2014-10-16,36.0
2014-10-17,22.0
2014-10-20,-57.0
2014-10-21,-70.0
2014-10-22,62.0
2014-10-23,164.0
2014-10-24,-27.0
2014-10-27,25.0
2014-10-28,-1.0
2014-10-29,45.0
2014-10-30,263.0
2014-10-31,270.0
2014-11-03,18.0
2014-11-04,21.0
2014-11-05,220.0
2014-11-06,31.0
2014-11-07,-272.0
2014-11-10,100.0
2014-11-11,-33.75
2015-07-20,254.25
2015-07-21,33.0
2015-07-22,120.0
2015-07-23,-26.0
2015-07-24,86.0
2015-07-27,-109.0
2015-07-28,2.0
2015-07-29,36.0
2015-07-30,39.0
2015-07-31,-64.0
2015-08-03,57.0
2015-08-04,-13.0
2015-08-05,51.0
2015-08-06,-45.0
2015-08-07,-40.0
2015-08-10,-100.0
2015-08-11,-36.0
2015-08-12,-159.0
2015-08-13,80.0
2015-08-14,29.0
2015-08-17,-57.0
2015-08-18,15.0
2015-08-19,-110.0
2015-08-20,-253.0
2015-08-21,-64.0
2015-08-24,60.0
2015-08-25,153.0
2015-08-26,137.0
2015-08-27,20.0
2015-08-28,-114.0
2015-08-31,15.0
2015-09-01,-73.0
2015-09-02,62.0
2015-09-03,91.0
2015-09-04,31.0
2015-09-07,4.0
2015-09-09,190.0
2015-09-10,-73.0
2015-09-11,60.0
2015-09-14,-44.0
2015-09-15,51.0
2015-09-16,-164.0
2015-09-17,18.25
2015-11-18,13.25
2015-11-19,-92.0
2015-11-20,16.0
2015-11-23,95.0
2015-11-24,-70.0
2015-11-25,38.0
2015-11-26,138.0
2015-11-30,-91.0
2015-12-01,18.0
2015-12-02,97.0
2015-12-03,-74.0
2015-12-04,-229.0
2015-12-07,89.0
2015-12-08,-1.0
2015-12-09,-12.0
2015-12-10,45.0
2015-12-11,-37.0
2015-12-14,123.0
2015-12-15,18.0
2015-12-16,-152.0
2015-12-17,272.0
2015-12-18,-154.0
2015-12-21,-156.0
2015-12-22,65.0
2015-12-23,58.0
2015-12-24,-76.0
2015-12-28,76.0
2015-12-29,3.0
2015-12-30,82.0
2015-12-31,-4.0
2016-01-04,-150.0
2016-01-05,-32.0
2016-01-06,-135.0
2016-01-07,-159.0
2016-01-08,99.0
2016-01-11,17.0
2016-01-12,110.0
2016-01-13,-19.0
2016-01-14,135.0
2016-01-15,-171.0
2016-01-18,16.0
2016-01-20,-171.0
2016-01-21,78.25
2016-02-09,89.25
2016-02-10,-40.0
2016-02-11,532.0
2016-02-12,-84.0
2016-02-15,-312.0
2016-02-17,32.0
2016-02-18,149.0
2016-02-19,45.0
2016-02-22,-207.0
2016-02-23,125.0
2016-02-24,165.0
2016-02-25,-3.0
2016-02-26,-184.0
2016-02-29,140.0
2016-03-01,-36.0
2016-03-02,110.0
2016-03-03,164.0
2016-03-04,125.0
2016-03-07,-67.0
2016-03-08,-11.0
2016-03-09,-55.0
2016-03-10,154.0
2016-03-11,-134.0
2016-03-14,-143.0
2016-03-15,-141.0
2016-03-16,-12.0
2016-03-17,352.0
2016-03-18,-107.0
2016-03-21,-101.0
2016-03-22,44.0
2016-03-23,-246.0
2016-03-24,-24.0
2016-03-28,-15.0
2016-03-29,157.0
2016-03-30,-72.0
2016-03-31,70.0
2016-04-01,-121.0
2016-04-04,-42.0
2016-04-05,103.0
2016-04-06,-58.0
2016-04-07,137.0
2016-04-08,63.0
2016-04-11,140.25
2016-05-02,24.25
2016-05-03,-40.0
2016-05-04,-174.0
2016-05-05,-21.0
2016-05-06,217.0
2016-05-09,-274.0
2016-05-10,-18.0
2016-05-11,107.0
2016-05-12,-43.0
2016-05-13,15.0
2016-05-16,15.0
2016-05-17,27.0
2016-05-18,-25.0
2016-05-19,-196.0
2016-05-20,-19.0
2016-05-23,-14.0
2016-05-24,-223.0
2016-05-25,-54.0
2016-05-26,-34.0
2016-05-27,-37.0
2016-05-30,8.0
2016-06-01,-28.0
2016-06-02,-21.0
2016-06-03,303.0
2016-06-06,45.0
2016-06-07,-4.0
2016-06-08,153.0
2016-06-09,104.0
2016-06-10,32.0
2016-06-13,110.0
2016-06-14,12.0
2016-06-15,2.0
2016-06-16,101.0
2016-06-17,-36.0
2016-06-20,-27.0
2016-06-21,-196.0
2016-06-22,-25.0
2016-06-23,-69.0
2016-06-24,593.0
2016-06-27,23.0
2016-06-28,-68.0
2016-06-29,90.0
2016-06-30,-64.75
2016-07-07,-37.75
2016-07-08,-37.0
2016-07-11,-18.0
2016-07-12,-213.0
2016-07-13,83.0
2016-07-14,-114.0
2016-07-15,-48.0
2016-07-18,19.0
2016-07-19,30.0
2016-07-20,-130.0
2016-07-21,117.0
2016-07-22,-76.0
2016-07-25,-39.0
2016-07-26,13.0
2016-07-27,59.0
2016-07-28,145.0
2016-07-29,163.0
2016-08-01,21.0
2016-08-02,130.0
2016-08-03,-79.0
2016-08-04,27.0
2016-08-05,-230.0
2016-08-08,-31.0
2016-08-09,54.0
2016-08-10,52.0
2016-08-11,-19.0
2016-08-12,-68.0
2016-08-15,43.0
2016-08-16,94.0
2016-08-17,-81.0
2016-08-18,84.0
2016-08-19,-110.0
2016-08-22,-28.0
2016-08-23,27.0
2016-08-24,-164.0
2016-08-25,-51.0
2016-08-26,13.0
2016-08-29,12.0
2016-08-30,-106.0
2016-08-31,-51.0
2016-09-01,57.0
2016-09-02,96.0
2016-09-05,271.25
2016-11-14,58.25
2016-11-15,-28.0
2016-11-16,6.0
2016-11-17,70.0
2016-11-18,82.0
2016-11-21,-11.0
2016-11-22,-14.0
2016-11-23,219.0
2016-11-24,109.0
2016-11-28,-124.0
2016-11-29,0.0
2016-11-30,169.0
2016-12-01,45.0
2016-12-02,-84.0
2016-12-05,13.0
2016-12-06,64.0
2016-12-07,-74.0
2016-12-08,51.0
2016-12-09,105.0
2016-12-12,-39.0
2016-12-13,68.0
2016-12-14,-47.0
2016-12-15,339.0
2016-12-16,-76.0
2016-12-19,-53.0
2016-12-20,91.0
2016-12-21,4.0
2016-12-22,25.0
2016-12-23,-29.0
2016-12-27,-52.0
2016-12-28,-21.0
2016-12-29,-172.0
2016-12-30,64.0
2017-01-03,-103.0
2017-01-04,-33.0
2017-01-05,-160.0
2017-01-06,79.0
2017-01-09,-115.0
2017-01-10,-6.0
2017-01-11,-111.0
2017-01-12,-32.0
2017-01-13,36.0
2017-01-16,-168.75
2017-04-12,7.25
2017-04-13,104.0
2017-04-17,34.0
2017-04-18,22.0
2017-04-19,-107.0
2017-04-20,4.0
2017-04-21,53.0
2017-04-24,-116.0
2017-04-25,-103.0
2017-04-26,-30.0
2017-04-27,17.0
2017-04-28,24.0
2017-05-01,-128.0
2017-05-02,15.0
2017-05-03,-85.0
2017-05-04,-199.0
2017-05-05,-17.0
2017-05-08,2.0
2017-05-09,-110.0
2017-05-10,28.0
2017-05-11,53.0
2017-05-12,35.0
2017-05-15,23.0
2017-05-16,64.0
2017-05-17,223.0
2017-05-18,-59.0
2017-05-19,8.0
2017-05-22,78.0
2017-05-23,-59.0
2017-05-24,-24.0
2017-05-25,33.0
2017-05-26,117.0
2017-05-29,-24.0
2017-05-31,97.0
2017-06-01,-53.0
2017-06-02,101.0
2017-06-05,25.0
2017-06-06,148.0
2017-06-07,-43.0
2017-06-08,-137.0
2017-06-09,-81.0
2017-06-12,-25.0
2017-06-13,-4.75
2017-08-29,-17.75
2017-08-30,-48.0
2017-08-31,81.0
2017-09-01,82.0
2017-09-04,141.0
2017-09-06,-55.0
2017-09-07,113.0
2017-09-08,9.0
2017-09-11,-155.0
2017-09-12,-30.0
2017-09-13,-47.0
2017-09-14,13.0
2017-09-15,-41.0
2017-09-18,-144.0
2017-09-19,-2.0
2017-09-20,58.0
2017-09-21,-216.0
2017-09-22,27.0
2017-09-25,140.0
2017-09-26,-98.0
2017-09-27,-139.0
2017-09-28,9.0
2017-09-29,-39.0
2017-10-02,-90.0
2017-10-03,-12.0
2017-10-04,22.0
2017-10-05,-36.0
2017-10-06,17.0
2017-10-09,101.0
2017-10-10,88.0
2017-10-11,-49.0
2017-10-12,76.0
2017-10-13,81.0
2017-10-16,-16.0
2017-10-17,-168.0
2017-10-18,-32.0
2017-10-19,70.0
2017-10-20,-95.0
2017-10-23,4.0
2017-10-24,-26.0
2017-10-25,7.0
2017-10-26,-94.0
2017-10-27,20.25
2017-12-13,-24.75
2017-12-14,-85.0
2017-12-15,-4.0
2017-12-18,-80.0
2017-12-19,13.0
2017-12-20,-54.0
2017-12-21,-10.0
2017-12-22,-82.0
2017-12-26,-87.0
2017-12-27,-39.0
2017-12-28,-58.0
2017-12-29,-121.0
2018-01-02,-68.0
2018-01-03,-24.0
2018-01-04,-31.0
2018-01-05,-7.0
2018-01-08,19.0
2018-01-09,67.0
2018-01-10,-56.0
2018-01-11,-32.0
2018-01-12,-124.0
2018-01-15,-22.0
2018-01-17,-21.0
2018-01-18,120.0
2018-01-19,-59.0
2018-01-22,12.0
2018-01-23,-48.0
2018-01-24,-196.0
2018-01-25,-66.0
2018-01-26,108.0
2018-01-29,118.0
2018-01-30,3.0
2018-01-31,-31.0
2018-02-01,-48.0
2018-02-02,106.0
2018-02-05,8.0
2018-02-06,70.0
2018-02-07,149.0
2018-02-08,-44.0
2018-02-09,33.0
2018-02-12,-107.0
2018-02-13,-40.0
2018-02-14,-277.75
2018-06-18,8.25
2018-06-19,15.0
2018-06-20,41.0
2018-06-21,40.0
2018-06-22,-2.0
2018-06-25,18.0
2018-06-26,90.0
2018-06-27,38.0
2018-06-28,51.0
2018-06-29,-35.0
2018-07-02,128.0
2018-07-03,-118.0
2018-07-04,-53.0
2018-07-06,30.0
2018-07-09,-38.0
2018-07-10,42.0
2018-07-11,110.0
2018-07-12,-22.0
2018-07-13,54.0
2018-07-16,15.0
2018-07-17,124.0
2018-07-18,-6.0
2018-07-19,39.0
2018-07-20,-71.0
2018-07-23,55.0
2018-07-24,1.0
2018-07-25,-63.0
2018-07-26,61.0
2018-07-27,27.0
2018-07-30,-85.0
2018-07-31,-21.0
2018-08-01,60.0
2018-08-02,75.0
2018-08-03,-31.0
2018-08-06,55.0
2018-08-07,-6.0
2018-08-08,-27.0
2018-08-09,11.0
2018-08-10,9.0
2018-08-13,201.0
2018-08-14,-18.0
2018-08-15,157.0
2018-08-16,8.25
2018-12-10,-63.75
2018-12-11,-22.0
2018-12-12,28.0
2018-12-13,-26.0
2018-12-14,-60.0
2018-12-17,104.0
2018-12-18,18.0
2018-12-19,28.0
2018-12-20,115.0
2018-12-21,-98.0
2018-12-24,137.0
2018-12-26,12.0
2018-12-27,81.0
2018-12-28,19.0
2018-12-31,-17.0
2019-01-02,28.0
2019-01-03,107.0
2019-01-04,-90.0
2019-01-07,41.0
2019-01-08,-40.0
2019-01-09,61.0
2019-01-10,-46.0
2019-01-11,21.0
2019-01-14,18.0
2019-01-15,-29.0
2019-01-16,54.0
2019-01-17,-15.0
2019-01-18,-97.0
2019-01-21,8.0
2019-01-23,6.0
2019-01-24,-42.0
2019-01-25,183.0
2019-01-28,50.0
2019-01-29,58.0
2019-01-30,66.0
2019-01-31,97.0
2019-02-01,-31.0
2019-02-04,-28.0
2019-02-05,-1.0
2019-02-06,-48.0
2019-02-07,-2.0
2019-02-08,43.0
2019-02-11,-67.75
2019-02-20,38.25
2019-02-21,-201.0
2019-02-22,50.0
2019-02-25,-33.0
2019-02-26,-10.0
2019-02-27,-73.0
2019-02-28,-51.0
2019-03-01,-169.0
2019-03-04,-117.0
2019-03-05,-28.0
2019-03-06,29.0
2019-03-07,-15.0
2019-03-08,132.0
2019-03-11,-82.0
2019-03-12,70.0
2019-03-13,112.0
2019-03-14,-142.0
2019-03-15,78.0
2019-03-18,-14.0
2019-03-19,50.0
2019-03-20,-48.0
2019-03-21,56.0
2019-03-22,50.0
2019-03-25,103.0
2019-03-26,-76.0
2019-03-27,-46.0
2019-03-28,-151.0
2019-03-29,32.0
2019-04-01,-43.0
2019-04-02,12.0
2019-04-03,-1.0
2019-04-04,-10.0
2019-04-05,13.0
2019-04-08,63.0
2019-04-09,64.0
2019-04-10,56.0
2019-04-11,-206.0
2019-04-12,19.0
2019-04-15,-39.0
2019-04-16,-141.0
2019-04-17,-4.0
2019-04-18,-8.0
2019-04-22,14.25
2019-06-21,87.25
2019-06-24,181.0
2019-06-25,5.0
2019-06-26,-33.0
2019-06-27,-34.0
2019-06-28,17.0
2019-07-01,-244.0
2019-07-02,187.0
2019-07-03,129.0
2019-07-04,-208.0
2019-07-08,-1.0
2019-07-09,5.0
2019-07-10,120.0
2019-07-11,-58.0
2019-07-12,55.0
2019-07-15,13.0
2019-07-16,-23.0
2019-07-17,121.0
2019-07-18,48.0
2019-07-19,-14.0
2019-07-22,2.0
2019-07-23,-52.0
2019-07-24,19.0
2019-07-25,-89.0
2019-07-26,46.0
2019-07-29,11.0
2019-07-30,214.0
2019-07-31,-40.0
2019-08-01,-54.0
2019-08-02,251.0
2019-08-05,190.0
2019-08-06,77.0
2019-08-07,354.0
2019-08-08,-101.0
2019-08-09,-10.0
2019-08-12,87.0
2019-08-13,-31.0
2019-08-14,137.0
2019-08-15,34.0
2019-08-16,-76.0
2019-08-19,-120.0
2019-08-20,41.0
2019-08-21,-1.75
2020-01-07,67.25
2020-01-08,-141.0
2020-01-09,-59.0
2020-01-10,58.0
2020-01-13,-95.0
2020-01-14,-60.0
2020-01-15,94.0
2020-01-16,-35.0
2020-01-17,98.0
2020-01-20,-24.0
2020-01-22,-12.0
2020-01-23,87.0
2020-01-24,65.0
2020-01-27,55.0
2020-01-28,-76.0
2020-01-29,6.0
2020-01-30,188.0
2020-01-31,-13.0
2020-02-03,-55.0
2020-02-04,-269.0
2020-02-05,73.0
2020-02-06,72.0
2020-02-07,34.0
2020-02-10,61.0
2020-02-11,-94.0
2020-02-12,15.0
2020-02-13,72.0
2020-02-14,76.0
2020-02-17,172.0
2020-02-19,82.0
2020-02-20,87.0
2020-02-21,283.0
2020-02-24,278.0
2020-02-25,-266.0
2020-02-26,-69.0
2020-02-27,-6.0
2020-02-28,-758.0
2020-03-02,281.0
2020-03-03,496.0
2020-03-04,-14.0
2020-03-05,250.0
2020-03-06,44.0
2020-03-09,31.25
2020-04-13,189.25
2020-04-14,75.0
2020-04-15,-287.0
2020-04-16,-85.0
2020-04-17,-329.0
2020-04-20,124.0
2020-04-21,-234.0
2020-04-22,505.0
2020-04-23,71.0
2020-04-24,-98.0
2020-04-27,-118.0
2020-04-28,-16.0
2020-04-29,-88.0
2020-04-30,-192.0
2020-05-01,67.0
2020-05-04,124.0
2020-05-05,-27.0
2020-05-06,-221.0
2020-05-07,373.0
2020-05-08,-119.0
2020-05-11,-159.0
2020-05-12,88.0
2020-05-13,96.0
2020-05-14,245.0
2020-05-15,154.0
2020-05-18,-219.0
2020-05-19,112.0
2020-05-20,65.0
2020-05-21,-302.0
2020-05-22,136.0
2020-05-25,-299.0
2020-05-27,51.0
2020-05-28,176.0
2020-05-29,234.0
2020-06-01,-14.0
2020-06-02,-163.0
2020-06-03,-292.0
2020-06-04,226.0
2020-06-05,-444.0
2020-06-08,221.0
2020-06-09,168.0
2020-06-10,-12.0
2020-06-11,189.25
2020-07-01,-191.75
2020-07-02,101.0
2020-07-03,35.0
2020-07-07,164.0
2020-07-08,107.0
2020-07-09,-168.0
2020-07-10,-19.0
2020-07-13,122.0
2020-07-14,-7.0
2020-07-15,4.0
2020-07-16,-135.0
2020-07-17,97.0
2020-07-20,74.0
2020-07-21,265.0
2020-07-22,212.0
2020-07-23,249.0
2020-07-24,75.0
2020-07-27,335.0
2020-07-28,136.0
2020-07-29,88.0
2020-07-30,134.0
2020-07-31,191.0
2020-08-03,4.0
2020-08-04,347.0
2020-08-05,283.0
2020-08-06,201.0
2020-08-07,-414.0
2020-08-10,117.0
2020-08-11,-934.0
2020-08-12,27.0
2020-08-13,214.0
2020-08-14,-206.0
2020-08-17,489.0
2020-08-18,144.0
2020-08-19,-428.0
2020-08-20,-238.0
2020-08-21,5.0
2020-08-24,-78.0
2020-08-25,-161.0
2020-08-26,294.0
2020-08-27,-199.0
2020-08-28,423.0
2020-08-31,35.25
2020-11-30,97.25
2020-12-01,-380.0
2020-12-02,-113.0
2020-12-03,-109.0
2020-12-04,11.0
2020-12-07,-260.0
2020-12-08,-89.0
2020-12-09,364.0
2020-12-10,11.0
2020-12-11,-62.0
2020-12-14,115.0
2020-12-15,-232.0
2020-12-16,-38.0
2020-12-17,-313.0
2020-12-18,15.0
2020-12-21,61.0
2020-12-22,125.0
2020-12-23,-78.0
2020-12-24,-51.0
2020-12-28,28.0
2020-12-29,-25.0
2020-12-30,-105.0
2020-12-31,-17.0
2021-01-04,-515.0
2021-01-05,-78.0
2021-01-06,458.0
2021-01-07,-50.0
2021-01-08,782.0
2021-01-11,-154.0
2021-01-12,66.0
2021-01-13,-107.0
2021-01-14,35.0
2021-01-15,215.0
2021-01-18,-103.0
2021-01-20,-263.0
2021-01-21,6.0
2021-01-22,97.0
2021-01-25,10.0
2021-01-26,43.0
2021-01-27,60.0
2021-01-28,37.0
2021-01-29,-91.0
2021-02-01,-137.75
2021-03-01,96.25
2021-03-02,-106.0
2021-03-03,178.0
2021-03-04,151.0
2021-03-05,22.0
2021-03-08,205.0
2021-03-09,-389.0
2021-03-10,-49.0
2021-03-11,-8.0
2021-03-12,28.0
2021-03-15,-94.0
2021-03-16,-17.0
2021-03-17,38.0
2021-03-18,-54.0
2021-03-19,-92.0
2021-03-22,36.0
2021-03-23,130.0
2021-03-24,-81.0
2021-03-25,81.0
2021-03-26,-72.0
2021-03-29,201.0
2021-03-30,262.0
2021-03-31,-296.0
2021-04-01,-128.0
2021-04-05,-4.0
2021-04-06,-142.0
2021-04-07,14.0
2021-04-08,-166.0
2021-04-09,134.0
2021-04-12,121.0
2021-04-13,-149.0
2021-04-14,113.0
2021-04-15,-305.0
2021-04-16,-134.0
2021-04-19,96.0
2021-04-20,-78.0
2021-04-21,-147.0
2021-04-22,111.0
2021-04-23,42.0
2021-04-26,-23.0
2021-04-27,13.0
2021-04-28,49.0
2021-04-29,54.25
2021-11-11,122.25
2021-11-12,46.0
2021-11-15,-19.0
2021-11-16,-125.0
2021-11-17,161.0
2021-11-18,-88.0
2021-11-19,-98.0
2021-11-22,-453.0
2021-11-23,-225.0
2021-11-24,5.0
2021-11-25,12.0
2021-11-29,-3.0
2021-11-30,-87.0
2021-12-01,78.0
2021-12-02,-216.0
2021-12-03,212.0
2021-12-06,-44.0
2021-12-07,52.0
2021-12-08,8.0
2021-12-09,-88.0
2021-12-10,81.0
2021-12-13,35.0
2021-12-14,-160.0
2021-12-15,-78.0
2021-12-16,337.0
2021-12-17,67.0
2021-12-20,-103.0
2021-12-21,-59.0
2021-12-22,135.0
2021-12-23,95.0
2021-12-27,-29.0
2021-12-28,21.0
2021-12-29,-51.0
2021-12-30,83.0
2021-12-31,145.0
2022-01-03,-285.0
2022-01-04,145.0
2022-01-05,105.0
2022-01-06,-359.0
2022-01-07,82.0
2022-01-10,14.0
2022-01-11,197.0
2022-01-12,86.25
2022-02-18,-17.75
2022-02-21,76.0
2022-02-23,30.0
2022-02-24,159.0
2022-02-25,-387.0
2022-02-28,131.0
2022-03-01,431.0
2022-03-02,-215.0
2022-03-03,136.0
2022-03-04,307.0
2022-03-07,293.0
2022-03-08,474.0
2022-03-09,-551.0
2022-03-10,122.0
2022-03-11,-154.0
2022-03-14,-242.0
2022-03-15,-311.0
2022-03-16,-205.0
2022-03-17,340.0
2022-03-18,-139.0
2022-03-21,2.0
2022-03-22,-80.0
2022-03-23,158.0
2022-03-24,249.0
2022-03-25,-80.0
2022-03-28,-144.0
2022-03-29,-276.0
2022-03-30,268.0
2022-03-31,150.0
2022-04-01,-303.0
2022-04-04,103.0
2022-04-05,-65.0
2022-04-06,-44.0
2022-04-07,147.0
2022-04-08,78.0
2022-04-11,26.0
2022-04-12,279.0
2022-04-13,86.0
2022-04-14,-98.0
2022-04-18,115.0
2022-04-19,-274.0
2022-04-20,-34.0
2022-04-21,-75.75
2022-07-06,275.25
2022-07-07,-32.0
2022-07-08,-26.0
2022-07-11,106.0
2022-07-12,69.0
2022-07-13,-107.0
2022-07-14,297.0
2022-07-15,22.0
2022-07-18,-66.0
2022-07-19,-5.0
2022-07-20,105.0
2022-07-21,-132.0
2022-07-22,-140.0
2022-07-25,83.0
2022-07-26,14.0
2022-07-27,-14.0
2022-07-28,-501.0
2022-07-29,-126.0
2022-08-01,-59.0
2022-08-02,-20.0
2022-08-03,133.0
2022-08-04,-305.0
2022-08-05,157.0
2022-08-08,-140.0
2022-08-09,-71.0
2022-08-10,-14.0
2022-08-11,65.0
2022-08-12,-83.0
2022-08-15,174.0
2022-08-16,84.0
2022-08-17,130.0
2022-08-18,55.0
2022-08-19,83.0
2022-08-22,145.0
2022-08-23,-128.0
2022-08-24,-3.0
2022-08-25,-99.0
2022-08-26,216.0
2022-08-29,1.0
2022-08-30,134.0
2022-08-31,101.0
2022-09-01,169.0
2022-09-02,-134.75
2022-09-16,-99.75
2022-09-19,53.0
2022-09-20,71.0
2022-09-21,-46.0
2022-09-22,-54.0
2022-09-23,255.0
2022-09-26,222.0
2022-09-27,-28.0
2022-09-28,-338.0
2022-09-29,14.0
2022-09-30,-34.0
2022-10-03,-300.0
2022-10-04,-285.0
2022-10-05,97.0
2022-10-06,0.0
2022-10-07,115.0
2022-10-10,341.0
2022-10-11,-108.0
2022-10-12,85.0
2022-10-13,5.0
2022-10-14,281.0
2022-10-17,-151.0
2022-10-18,82.0
2022-10-19,216.0
2022-10-20,-26.0
2022-10-21,-195.0
2022-10-24,22.0
2022-10-25,-39.0
2022-10-26,-112.0
2022-10-27,36.0
2022-10-28,208.0
2022-10-31,41.0
2022-11-01,-90.0
2022-11-02,-3.0
2022-11-03,191.0
2022-11-04,-457.0
2022-11-07,-39.0
2022-11-08,-355.0
2022-11-09,23.0
2022-11-10,-400.0
2022-11-11,-157.0
2022-11-14,-75.0
2022-11-15,-0.75
2022-12-14,-40.75
2022-12-15,-309.0
2022-12-16,124.0
2022-12-19,-25.0
2022-12-20,277.0
2022-12-21,0.0
2022-12-22,-301.0
2022-12-23,89.0
2022-12-27,189.0
2022-12-28,-73.0
2022-12-29,102.0
2022-12-30,2.0
2023-01-03,199.0
2023-01-04,129.0
2023-01-05,-184.0
2023-01-06,291.0
2023-01-09,81.0
2023-01-10,-13.0
2023-01-11,24.0
2023-01-12,199.0
2023-01-13,229.0
2023-01-16,-118.0
2023-01-18,-29.0
2023-01-19,169.0
2023-01-20,43.0
2023-01-23,4.0
2023-01-24,68.0
2023-01-25,72.0
2023-01-26,-126.0
2023-01-27,-6.0
2023-01-30,98.0
2023-01-31,61.0
2023-02-01,-25.0
2023-02-02,-120.0
2023-02-03,-542.0
2023-02-06,29.0
2023-02-07,53.0
2023-02-08,59.0
2023-02-09,-122.0
2023-02-10,-40.0
2023-02-13,-110.0
2023-02-14,19.0
2023-02-15,-202.75
2023-04-05,-27.75
2023-04-06,-92.0
2023-04-10,-226.0
2023-04-11,152.0
2023-04-12,59.0
2023-04-13,304.0
2023-04-14,-395.0
2023-04-17,-88.0
2023-04-18,127.0
2023-04-19,-124.0
2023-04-20,118.0
2023-04-21,-286.0
2023-04-24,93.0
2023-04-25,47.0
2023-04-26,-85.0
2023-04-27,30.0
2023-04-28,1.0
2023-05-01,-69.0
2023-05-02,311.0
2023-05-03,137.0
2023-05-04,187.0
2023-05-05,-309.0
2023-05-08,84.0
2023-05-09,97.0
2023-05-10,-58.0
2023-05-11,-166.0
2023-05-12,-7.0
2023-05-15,29.0
2023-05-16,-297.0
2023-05-17,-81.0
2023-05-18,-251.0
2023-05-19,218.0
2023-05-22,-44.0
2023-05-23,-27.0
2023-05-24,-99.0
2023-05-25,-209.0
2023-05-26,6.0
2023-05-29,328.0
2023-05-31,50.0
2023-06-01,134.0
2023-06-02,-259.0
2023-06-05,47.0
2023-06-06,70.25
2023-09-28,145.25
2023-09-29,125.0
2023-10-02,189.0
2023-10-03,57.0
2023-10-04,67.0
2023-10-05,30.0
2023-10-06,-134.0
2023-10-09,-191.0
2023-10-10,-110.0
2023-10-11,-120.0
2023-10-12,43.0
2023-10-13,-585.0
2023-10-16,72.0
2023-10-17,-14.0
2023-10-18,-326.0
2023-10-19,-122.0
2023-10-20,-139.0
2023-10-23,66.0
2023-10-24,17.0
2023-10-25,-88.0
2023-10-26,-25.0
2023-10-27,-11.0
2023-10-30,-71.0
2023-10-31,113.0
2023-11-01,68.0
2023-11-02,-60.0
2023-11-03,-57.0
2023-11-06,106.0
2023-11-07,151.0
2023-11-08,157.0
2023-11-09,-120.0
2023-11-10,321.0
2023-11-13,-125.0
2023-11-14,-163.0
2023-11-15,22.0
2023-11-16,-230.0
2023-11-17,26.0
2023-11-20,44.0
2023-11-21,-213.0
2023-11-22,88.0
2023-11-23,-102.0
2023-11-27,-94.0
2023-11-28,-277.75
2023-11-30,-83.75
2023-12-01,325.0
2023-12-04,-475.0
2023-12-05,-59.0
2023-12-06,116.0
2023-12-07,-15.0
2023-12-08,-319.0
2023-12-11,-208.0
2023-12-12,-5.0
2023-12-13,41.0
2023-12-14,476.0
2023-12-15,-92.0
2023-12-18,48.0
2023-12-19,116.0
2023-12-20,-44.0
2023-12-21,36.0
2023-12-22,178.0
2023-12-26,7.0
2023-12-27,233.0
2023-12-28,-96.0
2023-12-29,-117.0
2024-01-02,16.0
2024-01-03,-306.0
2024-01-04,72.0
2024-01-05,-2.0
2024-01-08,-163.0
2024-01-09,-5.0
2024-01-10,-52.0
2024-01-11,-86.0
2024-01-12,324.0
2024-01-15,-214.0
2024-01-17,-237.0
2024-01-18,151.0
2024-01-19,77.0
2024-01-22,-71.0
2024-01-23,36.0
2024-01-24,-98.0
2024-01-25,18.0
2024-01-26,-5.0
2024-01-29,81.0
2024-01-30,255.0
2024-01-31,165.0
2024-02-01,35.25
2024-03-07,83.25
2024-03-08,203.0
2024-03-11,31.0
2024-03-12,-225.0
2024-03-13,147.0
2024-03-14,-133.0
2024-03-15,-60.0
2024-03-18,28.0
2024-03-19,-46.0
2024-03-20,13.0
2024-03-21,237.0
2024-03-22,-247.0
2024-03-25,164.0
2024-03-26,8.0
2024-03-27,355.0
2024-03-28,257.0
2024-04-01,187.0
2024-04-02,247.0
2024-04-03,332.0
2024-04-04,-65.0
2024-04-05,369.0
2024-04-08,56.0
2024-04-09,114.0
2024-04-10,-140.0
2024-04-11,243.0
2024-04-12,14.0
2024-04-15,89.0
2024-04-16,248.0
2024-04-17,-194.0
2024-04-18,96.0
2024-04-19,158.0
2024-04-22,-674.0
2024-04-23,-43.0
2024-04-24,-37.0
2024-04-25,41.0
2024-04-26,47.0
2024-04-29,105.0
2024-04-30,-548.0
2024-05-01,81.0
2024-05-02,-14.0
2024-05-03,-10.0
2024-05-06,226.0
2024-05-07,-71.75
2024-07-17,-134.75
2024-07-18,-35.0
2024-07-19,-573.0
2024-07-22,-44.0
2024-07-23,126.0
2024-07-24,84.0
2024-07-25,-622.0
2024-07-26,275.0
2024-07-29,-32.0
2024-07-30,741.0
2024-07-31,211.0
2024-08-01,78.0
2024-08-02,-110.0
2024-08-05,-254.0
2024-08-06,-128.0
2024-08-07,8.0
2024-08-08,309.0
2024-08-09,101.0
2024-08-12,306.0
2024-08-13,38.0
2024-08-14,-281.0
2024-08-15,127.0
2024-08-16,454.0
2024-08-19,35.0
2024-08-20,93.0
2024-08-21,-31.0
2024-08-22,-308.0
2024-08-23,296.0
2024-08-26,89.0
2024-08-27,-23.0
2024-08-28,-151.0
2024-08-29,225.0
2024-08-30,-327.0
2024-09-02,-46.0
2024-09-04,30.0
2024-09-05,171.0
2024-09-06,-185.0
2024-09-09,81.0
2024-09-10,104.0
2024-09-11,-7.0
2024-09-12,382.0
2024-09-13,301.0
2024-09-16,-19.75
2024-09-23,61.25
2024-09-24,245.0
2024-09-25,77.0
2024-09-26,102.0
2024-09-27,-268.0
2024-09-30,-87.0
2024-10-01,309.0
2024-10-02,-206.0
2024-10-03,95.0
2024-10-04,-114.0
2024-10-07,-18.0
2024-10-08,-306.0
2024-10-09,-94.0
2024-10-10,133.0
2024-10-11,370.0
2024-10-14,-107.0
2024-10-15,133.0
2024-10-16,124.0
2024-10-17,162.0
2024-10-18,225.0
2024-10-21,89.0
2024-10-22,209.0
2024-10-23,-304.0
2024-10-24,195.0
2024-10-25,57.0
2024-10-28,13.0
2024-10-29,252.0
2024-10-30,197.0
2024-10-31,-515.0
2024-11-01,-1.0
2024-11-04,-30.0
2024-11-05,35.0
2024-11-06,-734.0
2024-11-07,295.0
2024-11-08,-110.0
2024-11-11,-771.0
2024-11-12,-114.0
2024-11-13,-198.0
2024-11-14,-136.0
2024-11-15,-28.0
2024-11-18,445.0
2024-11-19,164.0
2024-11-20,205.25
2025-01-31,-170.75
2025-02-03,221.0
2025-02-04,187.0
2025-02-05,172.0
2025-02-06,-163.0
2025-02-07,109.0
2025-02-10,468.0
2025-02-11,-18.0
2025-02-12,-39.0
2025-02-13,167.0
2025-02-14,-447.0
2025-02-17,483.0
2025-02-19,-129.0
2025-02-20,200.0
2025-02-21,-29.0
2025-02-24,100.0
2025-02-25,-444.0
2025-02-26,118.0
2025-02-27,-347.0
2025-02-28,-474.0
2025-03-03,526.0
2025-03-04,195.0
2025-03-05,54.0
2025-03-06,6.0
2025-03-07,-125.0
2025-03-10,-147.0
2025-03-11,215.0
2025-03-12,259.0
2025-03-13,445.0
2025-03-14,98.0
2025-03-17,50.0
2025-03-18,347.0
2025-03-19,4.0
2025-03-20,26.0
2025-03-21,-224.0
2025-03-24,-58.0
2025-03-25,103.0
2025-03-26,-34.0
2025-03-27,385.0
2025-03-28,533.0
2025-03-31,360.0
2025-04-01,-43.0
2025-04-02,200.25
2025-04-14,-198.75
2025-04-15,141.0
2025-04-16,1060.0
2025-04-17,-180.0
2025-04-21,969.0
2025-04-22,-59.0
2025-04-23,-1253.0
2025-04-24,545.0
2025-04-25,-502.0
2025-04-28,493.0
2025-04-29,-141.0
2025-04-30,-145.0
2025-05-01,-969.0
2025-05-02,211.0
2025-05-05,790.0
2025-05-06,1005.0
2025-05-07,-309.0
2025-05-08,-859.0
2025-05-09,380.0
2025-05-12,-1160.0
2025-05-13,198.0
2025-05-14,-595.0
2025-05-15,383.0
2025-05-16,-394.0
2025-05-19,463.0
2025-05-20,511.0
2025-05-21,289.0
2025-05-22,-185.0
2025-05-23,708.0
2025-05-26,-654.0
2025-05-28,-55.0
2025-05-29,490.0
2025-05-30,-285.0
2025-06-02,818.0
2025-06-03,-201.0
2025-06-04,221.0
2025-06-05,-241.0
2025-06-06,-285.0
2025-06-09,83.0
2025-06-10,-115.0
2025-06-11,3.0
2025-06-12,587.0
2025-06-13,502.25
2025-09-03,353.25
2025-09-04,-288.0
2025-09-05,466.0
2025-09-08,241.0
2025-09-09,48.0
2025-09-10,-2.0
2025-09-11,-84.0
2025-09-12,128.0
2025-09-15,326.0
2025-09-16,61.0
2025-09-17,-73.0
2025-09-18,-395.0
2025-09-19,275.0
2025-09-22,693.0
2025-09-23,406.0
2025-09-24,-476.0
2025-09-25,30.0
2025-09-26,379.0
2025-09-29,462.0
2025-09-30,180.0
2025-10-01,243.0
2025-10-02,-294.0
2025-10-03,408.0
2025-10-06,674.0
2025-10-07,281.0
2025-10-08,661.0
2025-10-09,-979.0
2025-10-10,278.0
2025-10-13,1326.0
2025-10-14,304.0
2025-10-15,382.0
2025-10-16,1030.0
2025-10-17,-913.0
2025-10-20,1461.0
2025-10-21,-2503.0
2025-10-22,-437.0
2025-10-23,802.0
2025-10-24,-78.0
2025-10-27,-1181.0
2025-10-28,-366.0
2025-10-29,176.0
2025-10-30,152.0
2025-10-31,-195.75
2025-12-23,237.25
2025-12-24,-29.0
2025-12-26,499.0
2025-12-29,-2091.0
2025-12-30,427.0
2025-12-31,-452.0
2026-01-02,-115.0
2026-01-05,1219.0
2026-01-06,446.0
2026-01-07,-336.0
2026-01-08,-18.0
2026-01-09,402.0
2026-01-12,1138.0
2026-01-13,-156.0
2026-01-14,366.0
2026-01-15,-120.0
2026-01-16,-283.0
2026-01-19,1704.0
2026-01-21,717.0
2026-01-22,759.0
2026-01-23,663.0
2026-01-26,1028.0
2026-01-27,1.0
2026-01-28,2210.0
2026-01-29,512.0
2026-01-30,-6097.0
2026-02-02,-925.0
2026-02-03,2824.0
2026-02-04,158.0
2026-02-05,-613.0
2026-02-06,903.0
2026-02-09,996.0
2026-02-10,-484.0
2026-02-11,675.0
2026-02-12,-1501.0
2026-02-13,979.0
2026-02-16,-1404.0
2026-02-18,1036.0
2026-02-19,-121.0
2026-02-20,835.0
2026-02-23,1447.0
2026-02-24,-493.0
2026-02-25,497.25
2026-06-25,-287.75
2026-06-26,-487.0
2026-06-29,574.0
2026-06-30,4.0
2026-07-01,-439.0
2026-07-02,-433.0
2026-07-03,-418.0
2026-07-07,101.0
2026-07-08,750.0
2026-07-09,-584.0
2026-07-10,271.0
2026-07-13,1080.0
2026-07-14,-640.0
2026-07-15,179.0
2026-07-16,597.0
2026-07-17,-267.0
2026-07-20,29.0
2026-07-21,-605.0
2026-07-22,-675.75
