td,year,tf,direction,freeze_end,price_end,slope_pm,w2s,atr14,slope_norm
2021-01-15,2021,15,up,1215,12864.429,0.128571,28.357,210.19,0.0642
2021-01-26,2021,15,up,1230,13502.525,0.24,21.525,223.65,0.0805
2021-01-28,2021,15,up,1245,13365.386,0.456061,49.136,227.71,0.3305
2021-02-02,2021,15,up,1155,13453.312,0.28125,30.594,287.73,0.1173
2021-02-09,2021,15,dn,1245,13680.888,-0.038333,20.863,279.36,-0.0206
2021-02-17,2021,15,up,1260,13636.406,0.179167,61.156,239.13,0.1349
2021-02-19,2021,15,dn,1200,13567.875,-0.574242,58.966,212.25,-0.4464
2021-02-22,2021,15,dn,1155,13316.35,-0.013333,36.2,185.33,-0.0054
2021-02-24,2021,15,up,1230,13232.375,0.220833,44.562,225.96,0.0586
2021-03-03,2021,15,dn,1290,12740.625,-0.608333,92.75,319.17,-0.4574
2021-03-04,2021,15,dn,1245,12451.098,-0.963095,187.938,348.83,-0.5798
2021-03-09,2021,15,up,1245,12826.348,0.432143,51.598,403.32,0.225
2021-03-10,2021,15,dn,1170,12793.607,-0.109524,56.036,424.71,-0.0271
2021-03-10,2021,15,dn,1245,12755.75,-0.3,49.25,424.71,-0.053
2021-03-11,2021,15,up,1200,13096.719,0.3875,39.969,427.21,0.0544
2021-03-16,2021,15,dn,1290,13105.542,-0.681481,58.958,408.77,-0.2251
2021-03-18,2021,15,dn,1185,12921.594,-0.529167,49.406,382.7,-0.083
2021-03-19,2021,15,up,1245,12861.625,0.1125,34.688,388.25,0.0174
2021-03-19,2021,15,dn,1275,12855.65,-0.043333,32.35,388.25,-0.0084
2021-03-24,2021,15,dn,1215,12893.688,-0.825,55.562,362.57,-0.2048
2021-03-26,2021,15,up,1215,12797.95,0.053333,76.7,335.84,0.0238
2021-03-31,2021,15,up,1230,13128.602,0.157576,31.239,292.3,0.0889
2021-03-31,2021,15,dn,1290,13123.938,-0.002778,34.062,292.3,-0.0017
2021-04-01,2021,15,dn,1215,13279.875,-0.035714,21.482,285.5,-0.0131
2021-04-07,2021,15,up,1275,13605.875,0.051282,37.433,278.62,0.0359
2021-04-07,2021,15,dn,1170,13582.625,-0.045833,23.938,278.62,-0.0099
2021-04-08,2021,15,up,1275,13734.375,0.029167,17.188,263.75,0.0133
2021-04-09,2021,15,up,1260,13780.938,0.10625,15.094,237.64,0.0537
2021-04-12,2021,15,up,1200,13810.714,0.342857,33.464,236.0,0.1525
2021-04-14,2021,15,dn,1260,13816.216,-0.428788,52.011,218.86,-0.3233
2021-04-15,2021,15,up,1260,13990.75,0.066667,36.5,211.66,0.0567
2021-04-19,2021,15,dn,1170,13853.571,-0.380952,49.714,197.61,-0.2024
2021-04-22,2021,15,dn,1260,13711.312,-1.575,80.438,195.39,-0.9673
2021-04-29,2021,15,dn,1140,13838.438,-0.719444,52.312,191.73,-0.3377
2021-04-30,2021,15,dn,1245,13832.281,-0.770833,41.969,195.45,-0.2366
2021-05-03,2021,15,dn,1185,13794.875,-0.041667,24.75,198.07,-0.0189
2021-05-05,2021,15,dn,1200,13571.321,-0.252381,33.679,205.91,-0.1287
2021-05-11,2021,15,up,1275,13339.125,0.304167,50.312,223.73,0.1631
2021-05-13,2021,15,dn,1230,13053.482,-0.578571,82.268,240.41,-0.2527
2021-05-19,2021,15,up,1290,13198.625,0.5,66.875,276.96,0.1625
2021-05-26,2021,15,dn,1245,13698.125,-0.027778,23.625,285.82,-0.0131
2021-06-01,2021,15,up,1170,13659.031,0.145833,23.031,240.04,0.0365
2021-06-07,2021,15,up,1200,13750.875,0.104167,19.812,203.88,0.0613
2021-06-09,2021,15,dn,1125,13839.125,-0.088889,25.875,186.6,-0.0429
2021-06-21,2021,15,up,1245,14125.0,0.066667,22.0,191.98,0.0573
2021-06-23,2021,15,dn,1170,14253.375,-0.205556,30.875,199.7,-0.0926
2021-06-24,2021,15,up,1140,14394.562,0.113889,32.562,188.16,0.0545
2021-06-24,2021,15,dn,1245,14345.083,-0.37963,34.917,188.16,-0.2724
2021-06-25,2021,15,dn,1155,14332.575,-0.16,18.525,176.45,-0.068
2021-06-25,2021,15,dn,1230,14331.2,-0.046667,15.55,176.45,-0.0198
2021-06-28,2021,15,up,1155,14479.75,0.077778,18.75,173.88,0.0403
2021-06-29,2021,15,up,1260,14547.24,0.153846,22.183,174.66,0.1718
2021-07-08,2021,15,up,1230,14725.5,0.541667,53.875,149.85,0.6507
2021-07-15,2021,15,dn,1140,14761.125,-0.3375,43.562,157.71,-0.1284
2021-07-15,2021,15,dn,1245,14736.0,-0.233333,38.25,157.71,-0.1553
2021-07-21,2021,15,up,1245,14763.784,0.022727,26.739,198.13,0.0189
2021-07-26,2021,15,up,1140,15111.875,0.133333,28.125,191.14,0.0628
2021-07-27,2021,15,dn,1215,14804.175,-0.386667,47.325,186.18,-0.1558
2021-07-28,2021,15,dn,1260,14970.75,-0.472222,70.25,200.45,-0.318
2021-07-29,2021,15,dn,1185,15057.75,-0.0625,16.562,195.23,-0.0192
2021-07-30,2021,15,dn,1290,14936.525,-0.303333,24.425,191.54,-0.1188
2021-08-03,2021,15,up,1260,15017.5,0.025,21.875,190.75,0.0079
2021-08-04,2021,15,up,1215,15096.825,0.453333,26.825,194.05,0.1752
2021-08-04,2021,15,up,1290,15086.55,0.063333,24.3,194.05,0.0245
2021-08-05,2021,15,up,1260,15155.042,0.080556,11.083,183.8,0.0394
2021-08-05,2021,15,dn,1200,15144.844,-0.029167,10.656,183.8,-0.0095
2021-08-06,2021,15,up,1200,15096.906,0.054167,15.031,175.91,0.0185
2021-08-09,2021,15,up,1290,15134.875,0.123333,16.175,167.7,0.1103
2021-08-11,2021,15,up,1200,15018.094,0.2875,27.094,158.77,0.1086
2021-08-18,2021,15,up,1260,14991.0,0.366667,55.0,151.64,0.2176
2021-08-18,2021,15,dn,1275,14966.83,-0.198485,50.761,151.64,-0.216
2021-08-24,2021,15,dn,1170,15344.75,-0.025,15.625,176.66,-0.0085
2021-08-25,2021,15,up,1185,15358.925,0.06,15.025,174.05,0.0259
2021-08-27,2021,15,up,1230,15432.812,0.180556,13.562,170.59,0.0953
2021-08-30,2021,15,up,1125,15585.75,0.133333,17.75,173.16,0.0577
2021-08-30,2021,15,up,1275,15606.038,0.135,17.788,173.16,0.1169
2021-09-02,2021,15,dn,1260,15570.275,-0.282222,31.225,173.86,-0.3652
2021-09-03,2021,15,up,1215,15659.107,0.128571,15.179,176.98,0.0763
2021-09-07,2021,15,up,1185,15684.812,0.197917,25.594,165.12,0.1438
2021-09-08,2021,15,up,1260,15614.821,0.197619,19.821,157.46,0.1318
2021-09-08,2021,15,dn,1140,15559.0,-0.143333,41.7,157.46,-0.0683
2021-09-09,2021,15,dn,1230,15571.25,-0.504762,35.964,148.13,-0.3578
2021-09-16,2021,15,dn,1095,15384.312,-0.075,28.938,164.52,-0.0274
2021-09-17,2021,15,dn,1290,15311.534,-0.081818,38.966,164.17,-0.0822
2021-09-22,2021,15,up,1275,15163.225,0.153333,70.675,202.15,0.1138
2021-09-23,2021,15,up,1245,15311.107,0.040476,37.714,214.94,0.0395
2021-09-27,2021,15,dn,1185,15154.625,-0.125,40.0,214.16,-0.035
2021-09-28,2021,15,dn,1200,14777.275,-0.236667,43.675,229.86,-0.0772
2021-09-28,2021,15,dn,1260,14800.188,-0.058333,62.062,229.86,-0.0152
2021-09-29,2021,15,dn,1230,14773.3,-0.186667,70.7,250.16,-0.056
2021-10-04,2021,15,dn,1200,14397.438,-0.169444,37.312,259.54,-0.0588
2021-10-06,2021,15,dn,1200,14633.304,-0.130952,71.696,289.89,-0.0474
2021-10-07,2021,15,up,1140,14980.0,0.038889,23.0,301.95,0.0116
2021-10-08,2021,15,up,1290,14838.703,0.097917,36.203,300.68,0.0391
2021-10-08,2021,15,dn,1125,14848.175,-0.093333,43.375,300.68,-0.0233
2021-10-08,2021,15,dn,1215,14811.062,-0.202778,29.438,300.68,-0.0607
2021-10-11,2021,15,dn,1245,14772.167,-0.498611,36.354,277.43,-0.3235
2021-10-13,2021,15,up,1260,14771.125,0.416667,43.375,272.25,0.2066
2021-10-19,2021,15,up,1260,15383.111,0.087037,19.306,255.29,0.046
2021-10-20,2021,15,dn,1215,15333.917,-0.475926,36.333,249.55,-0.2575
2021-10-22,2021,15,up,1290,15350.607,0.047619,35.036,236.41,0.0211
2021-10-25,2021,15,up,1290,15529.938,0.380556,28.438,216.59,0.1581
2021-10-28,2021,15,up,1290,15726.25,0.033333,34.25,197.5,0.0278
2021-11-02,2021,15,dn,1290,15932.775,-0.045,29.55,194.62,-0.0347
2021-11-05,2021,15,dn,1230,16312.458,-0.840741,58.292,193.54,-0.5865
2021-11-08,2021,15,up,1275,16356.938,0.0875,30.5,186.46,0.0845
2021-11-09,2021,15,dn,1140,16208.188,-0.425,42.312,186.7,-0.1366
2021-11-09,2021,15,dn,1245,16189.482,-0.238095,40.196,186.7,-0.1339
2021-11-11,2021,15,dn,1155,16050.607,-0.142857,33.536,205.84,-0.0729
2021-11-15,2021,15,dn,1155,16104.232,-0.611905,49.518,199.71,-0.3217
2021-11-16,2021,15,up,1260,16310.9,0.096667,17.2,199.45,0.0727
2021-11-18,2021,15,dn,1290,16437.5,-0.166667,39.0,193.57,-0.0904
2021-11-19,2021,15,up,1170,16594.344,0.0375,35.844,189.89,0.0118
2021-11-19,2021,15,dn,1230,16575.583,-0.072222,45.333,189.89,-0.0685
2021-11-23,2021,15,dn,1230,16177.312,-0.148333,65.488,207.88,-0.107
2021-11-24,2021,15,dn,1260,16287.679,-0.197619,45.571,214.29,-0.0968
2021-11-29,2021,15,dn,1290,16404.625,-0.1,33.125,227.12,-0.0264
2021-12-07,2021,15,up,1245,16317.406,0.129167,32.656,333.6,0.0232
2021-12-08,2021,15,up,1245,16357.25,0.283333,34.5,366.38,0.1044
2021-12-09,2021,15,dn,1245,16218.857,-0.552381,38.214,365.17,-0.1588
2021-12-27,2021,15,up,1290,16537.446,0.095238,23.839,359.95,0.0556
2021-12-28,2021,15,dn,1170,16485.5,-0.466667,39.0,354.32,-0.079
2021-12-28,2021,15,dn,1260,16474.062,-0.169444,29.438,354.32,-0.043
2021-12-30,2021,15,dn,1260,16522.979,-0.084722,22.292,331.39,-0.046
2021-12-31,2021,15,dn,1155,16369.475,-0.123333,27.775,322.5,-0.0287
2022-01-04,2022,15,dn,1245,16180.489,-0.139394,47.261,309.23,-0.0744
2022-01-05,2022,15,dn,1200,16038.083,-0.712963,43.667,311.07,-0.3094
2022-01-07,2022,15,dn,1275,15606.893,-0.271429,63.357,281.5,-0.1012
2022-01-10,2022,15,up,1290,15453.952,0.926923,97.26,284.21,0.636
2022-01-12,2022,15,up,1185,15927.675,0.396667,43.425,294.04,0.1012
2022-01-13,2022,15,dn,1185,15625.688,-1.095833,80.75,290.52,-0.4526
2022-01-14,2022,15,dn,1215,15477.562,-0.11875,78.906,312.71,-0.0456
2022-01-18,2022,15,dn,1215,15268.196,-0.288095,56.911,323.54,-0.0935
2022-01-24,2022,15,dn,1155,13831.688,-2.258333,227.312,404.96,-0.6692
2022-01-26,2022,15,up,1260,14438.438,1.013889,246.938,437.77,0.2084
2022-01-27,2022,15,dn,1215,14050.33,-1.206061,124.352,468.31,-0.4249
2022-02-01,2022,15,dn,1275,14872.179,-0.180952,58.821,507.63,-0.0374
2022-02-09,2022,15,up,1200,14968.906,0.227083,35.812,488.95,0.0557
2022-02-14,2022,15,up,1170,14347.25,0.233333,57.25,452.2,0.0387
2022-02-14,2022,15,dn,1260,14204.286,-0.485714,124.143,452.2,-0.2256
2022-02-17,2022,15,dn,1140,14352.9,-0.123333,45.45,402.05,-0.023
2022-02-28,2022,15,dn,1275,14034.375,-0.791667,74.25,463.88,-0.1536
2022-03-01,2022,15,dn,1275,14026.208,-0.251852,73.292,487.02,-0.0698
2022-03-02,2022,15,up,1275,14256.739,0.369697,43.898,496.6,0.1228
2022-03-08,2022,15,up,1200,13569.891,2.689583,217.141,492.96,0.6547
2022-03-08,2022,15,dn,1110,13333.719,-0.095833,219.781,492.96,-0.0117
2022-03-09,2022,15,up,1170,13716.339,0.62381,60.982,514.13,0.1274
2022-03-18,2022,15,up,1230,14305.281,0.3875,36.406,479.93,0.0969
2022-03-21,2022,15,dn,1215,14297.125,-0.245833,124.438,469.09,-0.0943
2022-03-24,2022,15,up,1200,14627.292,0.036111,41.583,446.18,0.0073
2022-03-24,2022,15,up,1260,14669.0,0.333333,33.25,446.18,0.0448
2022-04-04,2022,15,dn,1260,15097.625,-0.3,43.875,344.38,-0.0523
2022-04-05,2022,15,dn,1155,14877.5,-0.6,54.5,331.66,-0.19
2022-04-05,2022,15,dn,1245,14892.167,-0.030556,46.292,331.66,-0.0083
2022-04-06,2022,15,up,1260,14544.986,0.812963,125.847,322.91,0.3399
2022-04-06,2022,15,dn,1185,14478.482,-0.245238,69.018,322.91,-0.0797
2022-04-06,2022,15,dn,1275,14517.312,-0.286111,135.438,322.91,-0.0797
2022-04-08,2022,15,up,1155,14446.75,0.033333,53.0,324.54,0.0077
2022-04-11,2022,15,up,1200,14111.45,0.436667,39.45,328.02,0.0998
2022-04-13,2022,15,up,1200,14177.071,0.314286,44.571,339.57,0.0972
2022-04-22,2022,15,dn,1140,13509.5,-0.933333,66.5,380.12,-0.2578
2022-04-29,2022,15,dn,1185,13088.786,-0.909524,70.714,413.11,-0.2312
2022-05-02,2022,15,dn,1290,12839.844,-0.623611,158.156,432.36,-0.2596
2022-05-03,2022,15,up,1245,13095.4,0.256667,99.9,430.57,0.0894
2022-05-03,2022,15,dn,1290,13075.9,-0.203333,89.55,430.57,-0.0708
2022-05-09,2022,15,dn,1290,12297.656,-0.154167,94.094,481.12,-0.0577
2022-05-10,2022,15,up,1260,12494.531,1.677083,100.438,487.41,0.4129
2022-05-11,2022,15,dn,1245,12044.812,-1.441667,107.688,494.79,-0.4371
2022-05-12,2022,15,dn,1290,11773.208,-0.896296,124.542,495.62,-0.2441
2022-05-16,2022,15,up,1290,12341.2,0.353333,77.7,508.77,0.1042
2022-05-19,2022,15,up,1110,12033.625,0.9,83.625,501.3,0.1346
2022-05-19,2022,15,dn,1200,11951.597,-0.135185,106.931,501.3,-0.0364
2022-05-25,2022,15,dn,1260,11868.875,-0.2,107.375,481.96,-0.0373
2022-05-27,2022,15,up,1140,12574.958,0.202778,46.167,453.84,0.0402
2022-05-31,2022,15,up,1275,12689.292,0.138889,85.458,451.4,0.0277
2022-06-09,2022,15,dn,1140,12563.875,-0.108333,42.0,381.96,-0.017
2022-06-10,2022,15,up,1245,11928.9,0.756667,51.9,370.46,0.1532
2022-06-14,2022,15,up,1215,11407.188,0.702778,79.688,400.54,0.1579
2022-06-15,2022,15,dn,1290,11528.946,-1.102381,207.304,395.5,-0.2927
2022-06-17,2022,15,up,1200,11366.542,0.863889,68.333,409.77,0.1897
2022-06-21,2022,15,dn,1290,11602.675,-0.08,29.775,404.48,-0.0297
2022-06-24,2022,15,up,1200,12019.75,0.1,21.75,384.75,0.0156
2022-06-27,2022,15,up,1125,12096.688,0.041667,56.688,398.63,0.0063
2022-06-27,2022,15,dn,1260,12051.583,-0.147222,31.458,398.63,-0.0332
2022-07-05,2022,15,up,1155,11587.161,0.359524,76.268,370.5,0.1019
2022-07-11,2022,15,up,1245,11970.923,0.189744,42.365,330.0,0.1121
2022-07-12,2022,15,up,1200,11906.469,0.085417,39.375,331.31,0.0309
2022-07-13,2022,15,up,1200,11793.222,0.164815,68.694,322.71,0.0689
2022-07-14,2022,15,up,1290,11790.0,0.65,72.0,336.9,0.3473
2022-07-19,2022,15,up,1260,12265.188,0.575,40.938,312.92,0.2756
2022-07-27,2022,15,up,1155,12452.975,0.343333,36.975,315.39,0.0816
2022-07-27,2022,15,dn,1260,12503.5,-0.2,108.5,315.39,-0.038
2022-07-28,2022,15,up,1245,12705.578,0.360417,49.141,327.27,0.1322
2022-08-02,2022,15,up,1170,13060.518,0.911905,77.518,325.23,0.2944
2022-08-04,2022,15,up,1230,13282.95,0.04,35.85,318.86,0.0094
2022-08-09,2022,15,dn,1155,12994.75,-0.273333,43.8,302.39,-0.0678
2022-08-10,2022,15,up,1140,13356.375,0.1,36.875,301.59,0.0199
2022-08-10,2022,15,up,1245,13358.054,0.038095,36.411,301.59,0.0133
2022-08-15,2022,15,up,1200,13665.65,0.206667,21.4,310.73,0.0499
2022-08-16,2022,15,up,1260,13672.982,0.538095,91.982,307.27,0.1839
2022-08-19,2022,15,dn,1230,13263.7,-0.105,38.175,276.34,-0.057
2022-08-25,2022,15,up,1245,13074.857,0.388095,36.857,268.11,0.152
2022-08-25,2022,15,dn,1185,13041.125,-0.038889,45.625,268.11,-0.0131
2022-08-26,2022,15,dn,1155,12783.25,-0.3125,38.312,263.61,-0.0711
2022-08-30,2022,15,dn,1245,12310.75,-0.120833,68.688,280.98,-0.0774
2022-08-31,2022,15,dn,1230,12335.175,-0.103333,54.325,279.89,-0.0554
2022-09-01,2022,15,dn,1185,12069.469,-0.129167,57.531,276.09,-0.0281
2022-09-09,2022,15,up,1110,12549.438,0.175,38.938,315.0,0.0333
2022-09-09,2022,15,up,1230,12575.188,0.208333,39.688,315.0,0.0794
2022-09-14,2022,15,dn,1260,12148.031,-0.5125,53.094,370.5,-0.166
2022-09-20,2022,15,dn,1245,11894.75,-0.317949,80.808,328.98,-0.1885
2022-09-21,2022,15,up,1170,11982.062,0.085417,31.781,331.1,0.031
2022-09-21,2022,15,dn,1260,11929.938,-0.975,210.562,331.1,-0.5301
2022-09-22,2022,15,dn,1275,11582.094,-0.245833,71.656,343.08,-0.043
2022-10-10,2022,15,up,1245,11000.203,0.410417,86.516,370.61,0.1329
2022-10-10,2022,15,dn,1200,10962.938,-0.425,105.312,370.61,-0.1376
2022-10-12,2022,15,up,1290,10886.0,0.266667,45.25,358.48,0.0669
2022-10-12,2022,15,dn,1260,10870.833,-0.130556,46.458,358.48,-0.0328
2022-10-13,2022,15,up,1230,11008.562,0.020833,109.625,350.29,0.0071
2022-10-14,2022,15,dn,1155,10813.667,-0.772222,65.167,370.77,-0.1874
2022-10-17,2022,15,up,1125,11083.417,0.052778,56.958,388.3,0.0122
2022-10-17,2022,15,up,1260,11116.333,0.061111,32.667,388.3,0.0212
2022-10-18,2022,15,up,1245,11184.125,0.1,75.125,395.34,0.019
2022-10-27,2022,15,dn,1260,11270.312,-0.197222,49.438,369.73,-0.048
2022-10-28,2022,15,up,1230,11529.1,0.381667,42.575,355.16,0.1612
2022-10-31,2022,15,up,1290,11458.375,0.025,41.5,375.43,0.004
2022-11-01,2022,15,dn,1170,11353.5,-0.166667,45.25,372.25,-0.0269
2022-11-04,2022,15,dn,1200,10719.375,-0.183333,59.875,355.0,-0.031
2022-11-04,2022,15,dn,1260,10737.875,-0.083333,78.875,355.0,-0.0141
2022-11-08,2022,15,dn,1290,10979.583,-1.840741,133.667,343.73,-0.7229
2022-11-14,2022,15,up,1260,11862.982,0.388095,52.982,370.38,0.22
2022-11-15,2022,15,dn,1230,11822.65,-1.193333,111.85,363.18,-0.4929
2022-11-17,2022,15,up,1230,11737.423,0.524359,61.173,365.02,0.2801
2022-11-18,2022,15,dn,1155,11627.675,-0.506667,43.475,347.57,-0.1093
2022-11-21,2022,15,up,1230,11596.375,0.038889,39.875,348.16,0.0151
2022-11-21,2022,15,dn,1185,11589.625,-0.183333,44.875,348.16,-0.0632
2022-11-22,2022,15,up,1260,11695.625,0.283333,24.375,341.0,0.1496
2022-11-23,2022,15,dn,1185,11772.938,-0.408333,49.562,320.25,-0.0765
2022-11-28,2022,15,dn,1140,11692.0,-0.133333,35.75,311.88,-0.0257
2022-11-29,2022,15,up,1260,11516.458,0.013889,38.667,304.44,0.0041
2022-11-30,2022,15,dn,1155,11530.925,-0.136667,39.075,295.9,-0.0346
2022-12-06,2022,15,dn,1290,11525.773,-0.363542,40.133,267.35,-0.3263
2022-12-08,2022,15,up,1230,11634.042,0.080556,55.333,264.21,0.0549
2022-12-08,2022,15,dn,1260,11629.989,-0.027273,53.716,264.21,-0.017
2022-12-13,2022,15,up,1290,11961.75,0.579167,73.562,274.1,0.1268
2022-12-13,2022,15,dn,1170,11869.5,-1.658333,97.125,274.1,-0.726
2022-12-14,2022,15,up,1245,11900.417,0.051852,171.417,304.85,0.023
2022-12-15,2022,15,dn,1245,11428.328,-0.452083,44.672,307.6,-0.1764
2022-12-16,2022,15,dn,1290,11321.844,-0.1125,51.406,320.91,-0.021
2022-12-20,2022,15,up,1230,11204.708,0.186111,31.667,323.95,0.0517
2022-12-21,2022,15,up,1260,11365.5,0.283333,37.0,298.77,0.0569
2022-12-27,2022,15,dn,1290,10916.321,-0.269048,28.679,309.52,-0.0913
2022-12-30,2022,15,dn,1215,10904.891,-0.202083,38.984,313.0,-0.0775
2023-01-04,2023,15,dn,1290,10936.708,-0.830556,72.583,311.59,-0.2399
2023-01-05,2023,15,dn,1215,10864.347,-0.074074,46.931,287.54,-0.0348
2023-01-11,2023,15,up,1200,11417.4,0.355,40.575,272.12,0.1957
2023-01-23,2023,15,up,1245,11946.4,0.173333,44.4,258.37,0.1006
2023-01-24,2023,15,dn,1200,11899.406,-0.254167,38.594,258.0,-0.0591
2023-02-01,2023,15,dn,1290,12245.236,-0.312963,204.069,261.27,-0.1617
2023-02-02,2023,15,up,1260,12838.788,0.635,124.288,274.52,0.347
2023-02-06,2023,15,dn,1230,12533.938,-0.175,39.562,292.7,-0.0538
2023-02-07,2023,15,up,1185,12674.0,2.45,214.75,292.57,0.6281
2023-02-07,2023,15,dn,1230,12550.475,-1.023333,137.275,292.57,-0.2623
2023-02-16,2023,15,up,1185,12661.75,0.2,41.5,305.46,0.0687
2023-02-17,2023,15,dn,1185,12298.425,-0.123333,38.225,307.21,-0.0301
2023-02-27,2023,15,dn,1110,12098.0,-0.183333,40.75,270.85,-0.0406
2023-03-03,2023,15,up,1200,12254.975,0.295,35.8,239.94,0.1844
2023-03-08,2023,15,dn,1245,12181.542,-0.161111,46.792,236.08,-0.0921
2023-03-16,2023,15,up,1200,12660.5,0.286667,40.9,283.0,0.076
2023-03-21,2023,15,up,1230,12796.222,0.307407,37.611,301.14,0.1378
2023-03-21,2023,15,dn,1125,12747.594,-0.0125,35.656,301.14,-0.0025
2023-03-22,2023,15,up,1110,12912.0,0.083333,37.0,301.48,0.0207
2023-03-28,2023,15,dn,1245,12645.6,-0.39,28.9,309.48,-0.0945
2023-03-29,2023,15,up,1215,12918.062,0.108333,23.812,313.27,0.0207
2023-04-05,2023,15,dn,1170,13024.0,-0.15,24.75,245.34,-0.055
2023-04-06,2023,15,up,1290,13178.0,0.25,24.25,232.45,0.1291
2023-04-14,2023,15,dn,1185,13075.833,-0.424074,36.917,219.89,-0.2604
2023-04-17,2023,15,dn,1155,13090.429,-0.330952,28.571,220.23,-0.1578
2023-04-18,2023,15,dn,1110,13173.281,-0.0875,25.719,214.68,-0.0245
2023-04-19,2023,15,up,1260,13214.125,0.25,23.875,211.93,0.0708
2023-04-20,2023,15,up,1215,13174.386,0.254545,37.068,205.48,0.2044
2023-04-21,2023,15,up,1110,13064.225,0.203333,41.925,205.34,0.0743
2023-04-21,2023,15,up,1275,13092.909,0.151515,35.909,205.34,0.1217
2023-04-25,2023,15,dn,1275,12843.6,-0.44,32.4,200.16,-0.4946
2023-04-28,2023,15,up,1260,13278.5,0.045833,17.812,204.43,0.0135
2023-05-01,2023,15,up,1230,13334.562,0.208333,38.312,198.68,0.1573
2023-05-03,2023,15,up,1290,13231.136,0.589394,109.386,189.88,0.5122
2023-05-04,2023,15,up,1230,13095.4,0.16,43.05,184.09,0.1304
2023-05-09,2023,15,up,1275,13279.525,0.046667,17.075,190.45,0.0184
2023-05-10,2023,15,dn,1230,13307.716,-0.218182,55.284,185.79,-0.1938
2023-05-11,2023,15,up,1290,13438.625,0.1,36.125,190.48,0.0551
2023-05-12,2023,15,dn,1275,13333.75,-0.091667,27.375,188.29,-0.0438
2023-05-17,2023,15,up,1245,13666.587,0.715,34.587,179.23,0.5984
2023-05-18,2023,15,dn,1260,13786.143,-0.17381,37.714,170.48,-0.107
2023-05-19,2023,15,dn,1170,13853.281,-0.0125,32.344,178.89,-0.0042
2023-05-19,2023,15,dn,1275,13839.696,-0.069048,28.554,178.89,-0.0405
2023-05-23,2023,15,dn,1275,13725.295,-0.577381,40.027,176.21,-0.6881
2023-05-24,2023,15,up,1260,13618.114,0.075758,33.045,179.62,0.0696
2023-05-25,2023,15,up,1155,13981.5,0.291667,35.875,180.91,0.0967
2023-05-25,2023,15,up,1260,13992.036,0.257143,50.786,180.91,0.1492
2023-05-31,2023,15,up,1230,14349.562,0.613889,43.062,206.23,0.2679
2023-05-31,2023,15,dn,1110,14273.9,-0.286667,34.05,206.23,-0.1043
2023-05-31,2023,15,dn,1185,14307.675,-0.02,57.325,206.23,-0.0073
2023-06-02,2023,15,up,1185,14583.268,0.035714,27.339,218.94,0.0171
2023-06-02,2023,15,dn,1275,14580.5,-0.004167,27.938,218.94,-0.0023
2023-06-06,2023,15,up,1140,14580.85,0.226667,53.1,225.35,0.0754
2023-06-06,2023,15,dn,1185,14566.562,-0.136111,44.938,225.35,-0.0544
2023-06-07,2023,15,dn,1155,14385.688,-0.825,49.312,219.54,-0.3382
2023-06-07,2023,15,dn,1230,14364.925,-0.436667,43.825,219.54,-0.1492
2023-06-13,2023,15,up,1200,15078.196,0.014286,38.196,254.87,0.0059
2023-06-13,2023,15,dn,1290,15048.575,-0.176667,44.525,254.87,-0.104
2023-06-14,2023,15,dn,1260,15039.969,-1.429167,128.281,254.79,-0.6731
2023-06-21,2023,15,up,1290,15129.847,0.42963,39.236,249.63,0.2323
2023-06-22,2023,15,up,1125,15145.167,0.355556,51.833,248.94,0.1285
2023-06-23,2023,15,up,1215,15127.4,0.473333,49.15,256.21,0.2771
2023-06-26,2023,15,up,1290,14937.969,0.320833,25.469,261.5,0.0736
2023-06-28,2023,15,up,1155,15142.792,0.130556,82.083,268.21,0.0438
2023-06-28,2023,15,dn,1185,15101.875,-0.616667,70.875,268.21,-0.2069
2023-07-05,2023,15,up,1260,15361.125,0.133333,32.875,252.52,0.0317
2023-07-05,2023,15,dn,1275,15353.292,-0.103704,33.708,252.52,-0.0554
2023-07-10,2023,15,up,1275,15138.057,0.09697,58.807,233.71,0.0685
2023-07-11,2023,15,dn,1290,15199.5,-0.033333,44.0,230.98,-0.026
2023-07-14,2023,15,dn,1200,15759.5,-0.211111,44.25,225.27,-0.1265
2023-07-19,2023,15,dn,1275,15958.992,-0.248958,58.945,220.15,-0.2714
2023-07-21,2023,15,up,1245,15611.417,0.088889,47.083,226.67,0.0529
2023-07-24,2023,15,up,1260,15571.875,0.15,32.625,224.38,0.0702
2023-07-26,2023,15,up,1290,15615.025,0.573333,95.275,218.73,0.3932
2023-07-26,2023,15,dn,1260,15607.125,-0.083333,76.125,218.73,-0.0286
2023-07-31,2023,15,dn,1200,15829.0,-0.133333,25.75,245.39,-0.0489
2023-08-01,2023,15,up,1200,15814.333,0.055556,32.167,242.29,0.031
2023-08-10,2023,15,dn,1245,15163.812,-0.669444,57.938,237.77,-0.2534
2023-08-11,2023,15,up,1290,15108.0,0.138889,36.25,245.57,0.0764
2023-08-16,2023,15,dn,1260,15033.125,-0.066667,52.875,259.59,-0.0154
2023-08-18,2023,15,up,1290,14738.4,0.186667,49.0,241.66,0.1159
2023-08-22,2023,15,dn,1155,14966.161,-0.340476,47.982,255.95,-0.1397
2023-08-22,2023,15,dn,1245,14963.5,-0.016667,32.25,255.95,-0.0059
2023-08-23,2023,15,up,1245,15220.781,0.295833,35.031,242.41,0.1464
2023-08-28,2023,15,up,1200,15048.788,0.055,58.688,280.32,0.0294
2023-08-30,2023,15,up,1185,15461.275,0.103333,66.125,278.04,0.0557
2023-08-31,2023,15,up,1275,15553.333,0.098148,47.083,267.68,0.0495
2023-09-01,2023,15,dn,1140,15480.225,-0.373333,43.025,261.77,-0.107
2023-09-06,2023,15,dn,1200,15335.297,-0.314583,38.953,253.83,-0.1487
2023-09-12,2023,15,up,1215,15586.312,0.641667,58.312,260.67,0.1477
2023-09-13,2023,15,up,1245,15591.069,0.118519,34.014,253.83,0.063
2023-09-14,2023,15,up,1185,15679.518,0.138095,35.946,226.94,0.0639
2023-09-18,2023,15,up,1170,15428.278,0.159259,39.889,234.37,0.0917
2023-09-19,2023,15,up,1290,15387.25,0.627778,49.0,215.12,0.5253
2023-09-20,2023,15,up,1290,15309.2,0.07,85.95,217.62,0.0241
2023-09-20,2023,15,dn,1260,15330.5,-0.283333,57.25,217.62,-0.1953
2023-09-22,2023,15,dn,1275,14895.958,-0.77963,64.792,234.88,-0.4481
2023-09-26,2023,15,dn,1140,14762.232,-0.021429,40.946,231.43,-0.0097
2023-09-27,2023,15,dn,1155,14663.188,-0.430556,39.312,235.73,-0.1644
2023-09-27,2023,15,dn,1230,14613.7,-0.763333,62.05,235.73,-0.2429
2023-09-29,2023,15,dn,1125,14917.75,-0.691667,41.125,244.23,-0.2549
2023-09-29,2023,15,dn,1290,14843.284,-0.586364,58.67,244.23,-0.3961
2023-10-02,2023,15,dn,1290,14909.667,-0.027778,46.667,233.7,-0.0107
2023-10-05,2023,15,up,1290,14895.188,0.622917,39.844,260.34,0.2871
2023-10-11,2023,15,dn,1245,15290.067,-0.24359,48.029,277.61,-0.1711
2023-10-12,2023,15,up,1095,15437.75,0.1,33.75,266.5,0.0225
2023-10-12,2023,15,up,1155,15400.781,0.029167,69.281,266.5,0.0066
2023-10-13,2023,15,dn,1230,15097.929,-0.447619,55.821,270.88,-0.1735
2023-10-16,2023,15,up,1260,15269.469,0.029167,54.844,280.93,0.0062
2023-10-16,2023,15,dn,1215,15254.3,-0.586667,68.7,280.93,-0.1566
2023-10-18,2023,15,dn,1245,15109.667,-0.155556,51.667,280.54,-0.0998
2023-10-19,2023,15,dn,1170,15006.95,-0.546667,106.3,278.36,-0.1473
2023-10-25,2023,15,dn,1245,14481.598,-0.684524,59.402,265.29,-0.5419
2023-10-27,2023,15,dn,1260,14272.509,-0.294048,73.491,263.84,-0.234
2023-11-01,2023,15,dn,1170,14583.969,-0.229167,32.031,260.61,-0.0528
2023-11-01,2023,15,dn,1290,14652.703,-0.035417,96.297,260.61,-0.0163
2023-11-02,2023,15,up,1290,14984.661,0.171429,31.054,267.66,0.1345
2023-11-07,2023,15,up,1290,15376.292,0.052778,38.333,257.21,0.0369
2023-11-08,2023,15,up,1290,15349.602,0.106061,42.17,255.59,0.0685
2023-11-09,2023,15,dn,1200,15356.825,-0.273333,64.125,244.5,-0.1677
2023-11-13,2023,15,dn,1230,15560.188,-0.030556,25.062,247.29,-0.0111
2023-11-14,2023,15,dn,1260,15856.141,-0.09375,38.359,244.71,-0.046
2023-11-15,2023,15,dn,1215,15858.675,-0.686667,57.075,242.07,-0.2127
2023-11-17,2023,15,up,1260,15926.219,0.354167,29.719,228.52,0.186
2023-11-22,2023,15,up,1230,16083.125,0.027778,22.625,220.16,0.0114
2023-11-22,2023,15,dn,1290,16031.125,-0.435714,38.482,220.16,-0.2078
2023-11-27,2023,15,up,1215,16072.538,0.251667,28.038,220.17,0.1715
2023-11-28,2023,15,up,1110,16050.75,0.391667,38.375,213.02,0.1103
2023-11-30,2023,15,dn,1230,15880.438,-0.052778,26.812,210.81,-0.0225
2023-12-05,2023,15,dn,1185,15859.75,-0.083333,36.0,196.92,-0.0254
2023-12-06,2023,15,dn,1110,15904.9,-0.163333,48.75,195.48,-0.0627
2023-12-06,2023,15,dn,1200,15868.125,-0.216667,33.875,195.48,-0.0998
2023-12-07,2023,15,up,1275,16044.5,0.083333,25.25,205.96,0.0486
2023-12-14,2023,15,dn,1245,16662.0,-0.844444,72.0,227.69,-0.5007
2023-12-18,2023,15,up,1155,16918.922,0.26875,30.922,230.11,0.1402
2023-12-19,2023,15,up,1260,16994.0,0.09,19.3,233.36,0.0289
2023-12-19,2023,15,dn,1200,16985.031,-0.004167,19.969,233.36,-0.0011
2023-12-20,2023,15,dn,1170,17041.0,-0.1,23.25,227.77,-0.0263
2023-12-22,2023,15,dn,1155,16993.6,-0.006667,25.9,232.39,-0.0022
2023-12-22,2023,15,dn,1290,16931.875,-0.533333,59.875,232.39,-0.3098
2023-12-26,2023,15,up,1215,17046.409,0.024242,19.182,221.34,0.0181
2023-12-27,2023,15,up,1200,17116.375,0.336111,26.5,217.55,0.139
2023-12-27,2023,15,dn,1260,17089.667,-0.061111,31.667,217.55,-0.0253
2023-12-28,2023,15,dn,1200,17111.768,-0.111905,24.054,205.88,-0.0571
2024-01-03,2024,15,up,1200,16585.219,0.0125,34.844,190.91,0.0079
2024-01-03,2024,15,up,1290,16585.417,0.102778,47.958,190.91,0.0485
2024-01-03,2024,15,dn,1260,16574.196,-0.185714,52.804,190.91,-0.1021
2024-01-10,2024,15,up,1200,16919.688,0.291667,25.938,209.18,0.1673
2024-01-18,2024,15,dn,1215,16985.85,-0.64,72.15,240.44,-0.1996
2024-01-22,2024,15,dn,1215,17452.25,-0.366667,34.75,267.52,-0.1028
2024-01-24,2024,15,up,1185,17752.844,0.2375,51.344,240.54,0.1185
2024-01-24,2024,15,dn,1275,17684.625,-0.3125,66.688,240.54,-0.2339
2024-01-25,2024,15,up,1125,17701.075,0.186667,59.325,247.46,0.0566
2024-01-26,2024,15,up,1140,17574.438,0.041667,59.438,244.92,0.0102
2024-01-26,2024,15,dn,1245,17519.25,-0.544444,40.25,244.92,-0.3001
2024-01-30,2024,15,dn,1260,17572.531,-0.104167,28.969,228.08,-0.0274
2024-02-01,2024,15,up,1185,17369.514,0.312963,58.569,224.65,0.1881
2024-02-02,2024,15,up,1290,17735.438,0.158333,47.188,225.77,0.0842
2024-02-06,2024,15,dn,1155,17590.906,-0.3125,44.219,229.59,-0.1633
2024-02-07,2024,15,up,1245,17823.938,0.058333,37.688,223.55,0.0235
2024-02-07,2024,15,dn,1170,17805.125,-0.383333,43.125,223.55,-0.1029
2024-02-08,2024,15,up,1155,17874.0,0.0375,24.188,220.29,0.0102
2024-02-08,2024,15,dn,1290,17848.661,-0.209524,30.839,220.29,-0.0999
2024-02-12,2024,15,dn,1275,17940.812,-1.0875,53.5,208.23,-0.6267
2024-02-16,2024,15,up,1260,17838.125,0.083333,69.125,224.7,0.0501
2024-02-20,2024,15,dn,1170,17503.25,-0.245833,61.812,231.42,-0.1275
2024-02-21,2024,15,dn,1290,17393.5,-0.608333,48.125,238.12,-0.2299
2024-02-26,2024,15,dn,1230,18014.375,-0.073333,37.425,248.52,-0.0443
2024-03-04,2024,15,up,1290,18321.438,0.158333,32.188,254.46,0.0747
2024-03-04,2024,15,dn,1215,18291.804,-0.104762,26.268,254.46,-0.0432
2024-03-05,2024,15,up,1170,17947.5,0.166667,38.5,231.71,0.0539
2024-03-07,2024,15,up,1245,18348.688,0.341667,26.688,253.29,0.1214
2024-03-19,2024,15,up,1290,18253.688,0.036111,37.188,299.29,0.0109
2024-03-20,2024,15,dn,1245,18321.688,-0.091667,81.062,305.88,-0.027
2024-03-21,2024,15,dn,1290,18597.5,-0.309524,58.929,304.93,-0.2132
2024-03-25,2024,15,up,1125,18535.25,0.127778,24.0,294.04,0.0391
2024-03-26,2024,15,dn,1200,18556.875,-0.03,28.725,277.39,-0.0162
2024-03-27,2024,15,up,1275,18433.0,0.088889,32.5,273.68,0.0292
2024-04-02,2024,15,up,1200,18277.812,0.175,30.812,222.41,0.0708
2024-04-08,2024,15,up,1275,18306.625,0.083333,20.875,240.89,0.0259
2024-04-09,2024,15,dn,1260,18252.25,-0.229167,25.312,228.02,-0.0603
2024-04-11,2024,15,up,1290,18513.0,1.241667,55.625,239.36,0.7781
2024-04-12,2024,15,dn,1230,18165.33,-0.419697,60.216,257.11,-0.2693
2024-04-16,2024,15,up,1125,17890.083,0.055556,48.917,298.27,0.0168
2024-04-16,2024,15,up,1260,17944.525,0.763333,77.825,298.27,0.1919
2024-04-16,2024,15,dn,1230,17888.167,-0.494444,92.417,298.27,-0.1492
2024-04-19,2024,15,dn,1170,17236.875,-1.016667,78.875,322.23,-0.4259
2024-04-23,2024,15,up,1155,17596.25,0.1375,25.688,338.84,0.0243
2024-04-23,2024,15,up,1290,17639.986,0.307407,31.097,338.84,0.1225
2024-04-25,2024,15,up,1275,17543.25,0.56875,65.844,330.36,0.4132
2024-04-26,2024,15,up,1230,17870.075,0.101667,36.0,326.07,0.0468
2024-04-29,2024,15,up,1245,17889.106,0.076923,45.856,332.84,0.0451
2024-04-30,2024,15,dn,1200,17692.125,-0.627778,44.875,326.66,-0.173
2024-05-03,2024,15,up,1290,18009.719,0.164583,25.438,313.16,0.0631
2024-05-06,2024,15,up,1275,18134.275,0.221667,30.45,300.41,0.1107
2024-05-06,2024,15,dn,1155,18093.075,-0.146667,32.425,300.41,-0.0366
2024-05-07,2024,15,dn,1290,18173.964,-0.590476,34.036,301.73,-0.2055
2024-05-13,2024,15,dn,1200,18256.833,-0.263889,33.708,247.3,-0.096
2024-05-17,2024,15,dn,1275,18570.188,-0.697222,56.562,224.21,-0.2799
2024-05-20,2024,15,up,1185,18769.219,0.1875,33.719,223.07,0.1009
2024-05-20,2024,15,dn,1260,18740.148,-0.136364,39.284,223.07,-0.1009
2024-05-21,2024,15,up,1260,18764.107,0.088095,20.857,209.12,0.0442
2024-05-22,2024,15,dn,1290,18698.386,-0.701515,45.705,190.32,-0.6082
2024-05-24,2024,15,up,1275,18881.558,0.035897,46.058,185.05,0.0378
2024-05-28,2024,15,up,1230,18911.062,0.041667,35.312,192.85,0.0259
2024-05-29,2024,15,dn,1230,18843.875,-0.05,29.625,192.17,-0.0234
2024-06-03,2024,15,dn,1200,18482.531,-1.070833,94.969,227.54,-0.5647
2024-06-06,2024,15,dn,1260,19042.25,-0.2,34.0,246.5,-0.073
2024-06-07,2024,15,up,1215,19084.875,0.25,81.375,243.85,0.1538
2024-06-07,2024,15,dn,1275,19068.981,-0.09359,76.192,243.85,-0.0748
2024-06-11,2024,15,up,1290,19200.196,0.453571,52.464,249.87,0.3812
2024-06-12,2024,15,dn,1260,19480.333,-0.497222,54.208,257.44,-0.1738
2024-06-13,2024,15,dn,1170,19536.708,-0.257407,48.292,253.87,-0.1369
2024-06-14,2024,15,up,1230,19661.062,0.369444,31.812,249.63,0.1332
2024-06-14,2024,15,dn,1125,19598.0,-0.14,40.8,249.63,-0.0421
2024-06-18,2024,15,dn,1260,20189.1,-0.11,33.8,276.89,-0.0298
2024-06-20,2024,15,dn,1230,20001.75,-0.821795,80.481,275.75,-0.5811
2024-06-24,2024,15,dn,1290,19816.925,-0.24,60.475,263.27,-0.2051
2024-06-26,2024,15,up,1125,19973.0,0.044444,57.0,257.1,0.0156
2024-07-01,2024,15,up,1275,20030.729,0.269444,32.146,280.27,0.0865
2024-07-05,2024,15,up,1245,20621.75,0.238889,27.5,296.8,0.0724
2024-07-09,2024,15,dn,1215,20631.938,-0.454167,36.625,264.3,-0.2062
2024-07-12,2024,15,up,1245,20701.5,0.55,64.25,276.46,0.2686
2024-07-19,2024,15,dn,1215,19700.839,-0.47619,68.268,327.0,-0.1529
2024-07-23,2024,15,dn,1200,19991.764,-0.087037,79.931,330.35,-0.0356
2024-07-26,2024,15,up,1215,19239.333,0.586111,84.792,365.98,0.2883
2024-07-31,2024,15,up,1110,19485.125,0.366667,47.375,407.88,0.0539
2024-08-05,2024,15,up,1155,18192.656,1.6625,171.156,468.66,0.2128
2024-08-06,2024,15,up,1200,18388.75,0.805556,97.0,527.16,0.2063
2024-08-08,2024,15,up,1140,18423.675,0.41,63.525,535.04,0.0575
2024-08-08,2024,15,up,1275,18509.486,0.640741,74.597,535.04,0.1617
2024-08-09,2024,15,up,1230,18617.662,0.638333,85.562,569.88,0.168
2024-08-15,2024,15,up,1260,19569.911,0.209524,31.518,537.0,0.041
2024-08-16,2024,15,up,1185,19619.575,0.463333,62.025,551.29,0.1261
2024-08-20,2024,15,up,1275,19813.653,0.068519,57.181,536.34,0.0172
2024-08-21,2024,15,dn,1140,19813.875,-0.516667,65.625,498.95,-0.0621
2024-08-22,2024,15,dn,1260,19656.861,-0.592593,99.528,453.34,-0.1765
2024-08-23,2024,15,dn,1185,19683.859,-0.25625,103.641,445.43,-0.069
2024-08-26,2024,15,up,1185,19597.625,0.1,49.875,393.54,0.0229
2024-08-26,2024,15,dn,1260,19562.172,-0.23125,58.578,393.54,-0.0705
2024-08-28,2024,15,dn,1260,19348.716,-0.368182,86.784,355.64,-0.1708
2024-09-10,2024,15,up,1275,18757.83,0.348485,105.352,392.13,0.1466
2024-09-10,2024,15,dn,1140,18629.2,-1.113333,89.55,392.13,-0.2129
2024-09-12,2024,15,up,1290,19422.402,0.45119,81.402,419.0,0.2261
2024-09-13,2024,15,up,1245,19539.232,0.154762,44.982,417.92,0.0389
2024-09-17,2024,15,dn,1245,19617.25,-0.366667,59.25,412.15,-0.0534
2024-09-18,2024,15,up,1260,19805.5,0.9,135.0,401.63,0.437
2024-09-19,2024,15,up,1245,20155.096,0.228205,58.173,385.38,0.1155
2024-09-24,2024,15,dn,1290,20122.688,-0.469444,35.062,355.34,-0.1189
2024-09-25,2024,15,dn,1200,20156.406,-0.570833,46.594,353.39,-0.0969
2024-09-27,2024,15,up,1260,20237.125,0.1375,62.062,331.36,0.0249
2024-09-27,2024,15,dn,1290,20218.2,-0.246667,56.3,331.36,-0.1117
2024-09-30,2024,15,dn,1275,20072.85,-1.506667,84.65,322.7,-0.3502
2024-10-01,2024,15,up,1290,20005.5,0.568333,101.325,318.04,0.2681
2024-10-03,2024,15,dn,1200,19950.825,-0.223333,81.875,298.43,-0.1123
2024-10-04,2024,15,up,1185,20125.339,0.207143,66.232,304.34,0.0715
2024-10-07,2024,15,dn,1140,20130.844,-0.1875,31.531,303.11,-0.0371
2024-10-08,2024,15,dn,1200,20186.156,-0.5875,47.844,306.21,-0.1151
2024-10-09,2024,15,up,1275,20413.775,0.09,52.025,312.29,0.0432
2024-10-09,2024,15,dn,1245,20404.042,-0.144444,55.542,312.29,-0.0416
2024-10-14,2024,15,up,1290,20631.25,0.2,19.75,289.0,0.0623
2024-10-15,2024,15,dn,1215,20372.225,-0.046667,40.075,291.5,-0.012
2024-10-16,2024,15,up,1200,20325.417,0.213889,32.958,305.68,0.063
2024-10-16,2024,15,up,1275,20369.975,0.406667,27.575,305.68,0.0998
2024-10-17,2024,15,dn,1290,20387.797,-0.677083,52.516,294.41,-0.276
2024-10-18,2024,15,dn,1155,20480.375,-0.111111,43.375,301.21,-0.0332
2024-10-21,2024,15,up,1245,20480.469,0.26875,28.875,299.64,0.1076
2024-10-25,2024,15,dn,1260,20487.125,-1.061111,74.875,280.25,-0.5112
2024-10-28,2024,15,dn,1200,20529.844,-0.1625,30.406,281.96,-0.0346
2024-10-30,2024,15,dn,1230,20588.75,-0.368519,47.333,267.04,-0.1863
2024-10-31,2024,15,dn,1290,20054.489,-0.084848,49.057,271.82,-0.0515
2024-11-08,2024,15,up,1230,21253.107,0.271429,24.107,323.41,0.0881
2024-11-14,2024,15,dn,1185,21065.438,-0.158333,55.812,302.82,-0.0784
2024-11-19,2024,15,up,1245,20766.167,0.67963,56.917,316.79,0.2896
2024-11-26,2024,15,dn,1275,20935.713,-0.131667,37.888,320.89,-0.0615
2024-12-02,2024,15,up,1155,21247.732,0.52619,35.696,310.12,0.1782
2024-12-04,2024,15,dn,1230,21472.5,-0.083333,36.75,315.65,-0.0277
2024-12-05,2024,15,dn,1260,21514.808,-0.070513,43.981,317.62,-0.0433
2024-12-06,2024,15,up,1215,21650.054,0.302381,32.804,278.62,0.114
2024-12-12,2024,15,up,1215,21710.333,0.038889,36.417,259.21,0.0203
2024-12-19,2024,15,dn,1185,21508.232,-0.271429,87.946,325.06,-0.0877
2024-12-23,2024,15,up,1275,21729.75,0.372222,63.75,360.46,0.1394
2024-12-27,2024,15,dn,1155,21569.696,-0.078571,74.482,390.85,-0.0211
2024-12-31,2024,15,dn,1290,21241.5,-0.216667,69.25,428.1,-0.0607
2025-01-02,2025,15,dn,1185,21041.036,-1.928571,144.071,434.92,-0.4656
2025-01-03,2025,15,up,1290,21541.045,0.406061,36.477,442.04,0.1516
2025-01-07,2025,15,dn,1185,21470.75,-0.104167,88.438,476.23,-0.0262
2025-01-08,2025,15,up,1275,21375.406,0.395833,74.156,463.81,0.0512
2025-01-08,2025,15,dn,1170,21276.333,-0.47963,131.667,463.81,-0.1396
2025-01-10,2025,15,up,1245,21059.958,0.294444,129.792,471.54,0.1124
2025-01-13,2025,15,up,1290,20847.042,0.205556,88.708,436.15,0.106
2025-01-16,2025,15,dn,1245,21310.125,-0.409259,66.292,422.04,-0.1309
2025-01-17,2025,15,up,1215,21639.25,0.283333,45.5,415.02,0.0819
2025-01-22,2025,15,dn,1290,22025.275,-0.053333,21.175,418.29,-0.0096
2025-01-23,2025,15,up,1230,21952.268,0.128571,38.518,416.94,0.0324
2025-01-24,2025,15,dn,1260,21860.969,-0.701389,48.531,392.44,-0.3217
2025-01-28,2025,15,up,1215,21541.51,0.568056,68.052,423.81,0.2413
2025-01-29,2025,15,dn,1200,21423.7,-0.593333,83.4,419.19,-0.2123
2025-02-03,2025,15,up,1275,21453.0,0.251389,78.062,416.63,0.1086
2025-02-06,2025,15,dn,1290,21758.375,-0.243333,57.825,426.62,-0.0856
2025-02-07,2025,15,dn,1140,21663.7,-0.373333,95.5,403.79,-0.0693
2025-02-12,2025,15,up,1200,21771.15,0.356667,71.65,401.64,0.1332
2025-02-13,2025,15,dn,1215,21949.125,-0.572222,84.375,412.43,-0.1249
2025-02-14,2025,15,up,1275,22165.625,0.166667,48.625,422.2,0.0829
2025-02-18,2025,15,dn,1260,22133.641,-0.49375,53.109,355.35,-0.1667
2025-02-25,2025,15,dn,1110,21080.15,-0.51,113.1,320.94,-0.1192
2025-02-28,2025,15,dn,1215,20530.179,-1.335714,106.036,372.19,-0.3768
2025-03-03,2025,15,dn,1230,20697.781,-1.48125,111.188,372.79,-0.4768
2025-03-11,2025,15,dn,1230,19366.188,-0.352778,181.062,539.68,-0.1177
2025-03-13,2025,15,dn,1245,19255.0,-0.788889,120.5,574.18,-0.1855
2025-03-14,2025,15,up,1185,19660.281,0.079167,51.031,569.96,0.0083
2025-03-21,2025,15,up,1185,19842.536,0.802381,89.821,555.07,0.1518
2025-03-21,2025,15,up,1245,19853.906,0.0625,48.906,555.07,0.0068
2025-03-24,2025,15,up,1140,20355.125,0.175,33.5,524.18,0.02
2025-04-01,2025,15,dn,1275,19410.911,-1.061905,73.696,428.05,-0.2605
2025-04-04,2025,15,dn,1215,17858.5,-0.241667,249.625,435.0,-0.0833
2025-04-15,2025,15,up,1155,19017.062,0.025,74.562,945.5,0.0016
2025-04-15,2025,15,dn,1275,18926.812,-0.658333,72.188,945.5,-0.1044
2025-04-17,2025,15,up,1170,18425.875,0.466667,73.875,968.84,0.0361
2025-04-17,2025,15,up,1275,18456.875,0.45,89.375,968.84,0.0488
2025-04-21,2025,15,dn,1260,17732.264,-0.640741,61.097,954.62,-0.0906
2025-04-22,2025,15,dn,1245,18314.125,-0.562963,128.208,966.8,-0.0786
2025-04-25,2025,15,up,1215,19504.562,1.34375,110.156,1000.14,0.1612
2025-04-28,2025,15,dn,1215,19317.906,-0.170833,68.344,939.68,-0.0109
2025-04-29,2025,15,up,1290,19633.375,0.55,79.875,829.98,0.0994
2025-04-29,2025,15,dn,1185,19530.05,-0.386667,76.45,829.98,-0.0349
2025-04-30,2025,15,up,1260,19527.312,0.904167,95.375,753.32,0.144
2025-05-02,2025,15,up,1290,20230.688,0.089583,50.094,525.93,0.0204
2025-05-07,2025,15,dn,1275,19769.225,-0.721667,122.95,483.07,-0.2241
2025-05-12,2025,15,up,1290,20911.25,0.094444,36.5,432.54,0.0197
2025-05-14,2025,15,dn,1215,21347.0,-0.051852,67.833,429.05,-0.0163
2025-05-16,2025,15,up,1230,21467.325,0.356667,26.725,388.88,0.0688
2025-05-19,2025,15,up,1200,21514.307,0.49697,52.557,376.45,0.2178
2025-05-20,2025,15,up,1200,21445.0,0.172222,37.0,385.12,0.0604
2025-05-23,2025,15,up,1275,21051.0,0.45,52.25,355.66,0.2088
2025-05-28,2025,15,up,1260,21455.125,0.15,53.875,372.83,0.0664
2025-05-29,2025,15,dn,1140,21369.214,-0.757143,102.286,356.83,-0.2228
2025-06-02,2025,15,up,1200,21458.6,0.393333,33.35,362.54,0.0814
2025-06-04,2025,15,up,1290,21765.071,0.088095,41.893,364.96,0.0507
2025-06-05,2025,15,dn,1275,21651.275,-0.71,76.975,351.44,-0.1515
2025-06-06,2025,15,up,1290,21799.375,0.016667,74.875,369.88,0.0095
2025-06-06,2025,15,dn,1095,21780.281,-0.4375,63.469,369.88,-0.071
2025-06-06,2025,15,dn,1185,21768.0,-0.161111,53.25,369.88,-0.0392
2025-06-10,2025,15,up,1200,21863.708,0.298148,80.708,360.73,0.1116
2025-06-11,2025,15,dn,1275,21835.172,-0.977083,88.391,343.38,-0.3415
2025-06-13,2025,15,dn,1290,21721.287,-0.060784,122.522,325.9,-0.0476
2025-06-18,2025,15,dn,1230,21983.583,-0.913889,85.208,364.57,-0.2256
2025-06-20,2025,15,dn,1230,21812.525,-0.91,88.475,339.98,-0.2007
2025-06-23,2025,15,up,1245,21945.208,0.388889,160.292,340.29,0.2057
2025-06-26,2025,15,up,1275,22675.403,0.401852,29.681,349.4,0.1553
2025-06-30,2025,15,dn,1290,22835.01,-0.105128,58.74,342.06,-0.0599
2025-07-02,2025,15,up,1200,22823.812,0.00625,24.719,336.52,0.0022
2025-07-07,2025,15,dn,1155,22873.5,-0.544444,64.5,292.52,-0.1675
2025-07-07,2025,15,dn,1290,22826.333,-0.398148,64.5,292.52,-0.1837
2025-07-08,2025,15,up,1155,22919.018,0.190476,52.304,290.8,0.0688
2025-07-10,2025,15,up,1275,23024.525,0.163333,32.825,283.0,0.0866
2025-07-11,2025,15,up,1110,22961.281,0.029167,50.781,266.67,0.0066
2025-07-11,2025,15,up,1200,22994.333,0.119444,32.542,266.67,0.0403
2025-07-14,2025,15,up,1230,23057.625,0.293333,22.075,240.92,0.1826
2025-07-15,2025,15,dn,1185,23123.875,-0.108333,45.75,231.0,-0.0563
2025-07-16,2025,15,up,1200,22972.857,0.22619,106.821,236.25,0.1005
2025-07-17,2025,15,up,1260,23259.464,0.035714,21.893,236.94,0.0158
2025-07-17,2025,15,dn,1275,23254.625,-0.066667,21.125,236.94,-0.0169
2025-07-21,2025,15,dn,1155,23381.5,-0.266667,34.75,237.38,-0.0843
2025-07-22,2025,15,up,1215,23213.804,0.128571,42.732,229.1,0.0589
2025-07-23,2025,15,up,1275,23279.425,0.201667,53.4,228.02,0.1327
2025-07-24,2025,15,up,1215,23400.25,0.25,34.0,224.17,0.1004
2025-07-25,2025,15,up,1170,23463.844,0.4375,31.844,217.18,0.2417
2025-07-30,2025,15,up,1155,23515.688,0.063889,34.188,206.0,0.0279
2025-07-30,2025,15,up,1290,23482.444,0.314815,121.222,206.0,0.2063
2025-07-31,2025,15,dn,1275,23364.969,-0.9875,103.906,209.16,-0.8498
2025-08-01,2025,15,up,1155,22954.375,0.216667,100.875,232.18,0.098
2025-08-01,2025,15,dn,1260,22840.725,-0.806667,102.025,232.18,-0.5212
2025-08-05,2025,15,up,1245,23208.15,0.356667,59.9,272.73,0.0981
2025-08-08,2025,15,up,1155,23662.643,0.042857,46.786,298.02,0.0151
2025-08-08,2025,15,up,1260,23700.232,0.157143,30.839,298.02,0.0554
2025-08-11,2025,15,up,1140,23776.804,0.352381,43.554,298.02,0.1242
2025-08-12,2025,15,up,1275,23923.0,0.244444,20.75,295.02,0.0746
2025-08-13,2025,15,dn,1185,23916.396,-0.069444,33.521,307.59,-0.0203
2025-08-18,2025,15,up,1230,23783.188,0.325,31.438,322.27,0.0605
2025-08-19,2025,15,dn,1215,23469.792,-0.514815,47.958,317.38,-0.219
2025-08-20,2025,15,up,1245,23256.75,0.116667,64.0,330.16,0.0318
2025-08-26,2025,15,up,1155,23527.25,0.033333,31.0,298.64,0.01
2025-08-26,2025,15,dn,1245,23513.5,-0.105556,39.25,298.64,-0.0477
2025-08-27,2025,15,up,1125,23590.725,0.193333,48.725,286.41,0.0506
2025-08-27,2025,15,up,1275,23609.513,0.178333,56.013,286.41,0.0934
2025-08-28,2025,15,up,1155,23732.062,0.220833,43.875,274.12,0.0483
2025-08-29,2025,15,dn,1215,23427.833,-0.305556,44.083,280.93,-0.0979
2025-09-10,2025,15,dn,1215,23884.5,-0.416667,30.75,296.62,-0.1686
2025-09-12,2025,15,up,1185,24100.531,0.054167,23.906,269.21,0.0241
2025-09-23,2025,15,dn,1230,24770.125,-1.494444,56.875,266.09,-0.5055
2025-09-26,2025,15,up,1290,24719.0,0.266667,30.0,266.71,0.075
2025-10-06,2025,15,up,1290,25236.25,0.222727,26.523,266.43,0.1379
2025-10-08,2025,15,up,1275,25281.438,0.177083,24.031,272.79,0.0779
2025-10-09,2025,15,dn,1230,25200.625,-0.198485,48.807,272.59,-0.1201
2025-10-10,2025,15,dn,1200,24694.938,-0.741667,124.312,272.61,-0.2449
2025-10-13,2025,15,up,1290,24926.0,0.066667,42.0,324.41,0.0185
2025-10-15,2025,15,dn,1215,24736.375,-2.377778,180.125,361.14,-0.5926
2025-10-16,2025,15,dn,1290,24738.536,-0.842857,132.964,366.91,-0.2412
2025-10-17,2025,15,up,1170,24831.069,0.092593,146.347,388.95,0.0321
2025-10-20,2025,15,up,1230,25329.054,0.085714,29.304,416.95,0.0216
2025-10-22,2025,15,dn,1170,24871.0,-2.270833,106.188,414.7,-0.3286
2025-10-22,2025,15,dn,1245,24860.15,-0.83,92.75,414.7,-0.1501
2025-10-24,2025,15,up,1245,25552.479,0.086111,22.146,445.05,0.0174
2025-10-29,2025,15,dn,1290,26122.15,-1.026667,119.1,444.95,-0.3461
2025-10-31,2025,15,dn,1230,25937.75,-0.878205,88.519,414.25,-0.4134
2025-11-04,2025,15,dn,1290,25603.75,-0.458333,50.125,385.12,-0.0714
2025-11-11,2025,15,up,1245,25665.938,0.698333,61.737,436.77,0.2398
2025-11-12,2025,15,up,1230,25603.531,0.1375,39.906,419.39,0.0197
2025-11-21,2025,15,up,1275,24528.982,1.721429,144.732,582.77,0.3102
2025-11-24,2025,15,up,1260,24929.719,0.120833,36.719,614.09,0.0118
2025-12-04,2025,15,up,1140,25590.792,0.155556,69.458,564.02,0.0248
2025-12-04,2025,15,dn,1275,25515.45,-1.146667,78.3,564.02,-0.1525
2025-12-08,2025,15,dn,1245,25608.75,-0.322222,58.5,500.29,-0.058
2025-12-09,2025,15,up,1245,25709.964,0.02619,26.964,476.35,0.0058
2025-12-09,2025,15,dn,1290,25705.357,-0.059524,25.036,476.35,-0.0131
2025-12-10,2025,15,up,1185,25647.625,0.4,52.625,445.75,0.0538
2025-12-16,2025,15,up,1155,25266.675,0.146667,94.925,348.83,0.0315
2025-12-16,2025,15,dn,1200,25260.511,-0.042424,90.67,348.83,-0.0201
2025-12-17,2025,15,dn,1290,24964.15,-0.398333,60.075,353.5,-0.169
2025-12-22,2025,15,up,1185,25702.125,0.066667,28.125,386.55,0.0155
2025-12-31,2025,15,up,1260,25587.75,0.2,55.75,357.71,0.0755
2026-01-02,2026,15,dn,1245,25357.239,-0.172727,99.761,352.35,-0.0809
2026-01-05,2026,15,dn,1290,25580.75,-0.1,35.75,362.0,-0.0207
2026-01-06,2026,15,up,1170,25716.708,0.048148,70.958,337.87,0.0192
2026-01-12,2026,15,up,1215,25986.8,0.313333,24.8,275.71,0.0852
2026-01-14,2026,15,dn,1230,25475.477,-0.295455,68.023,281.31,-0.1733
2026-01-23,2026,15,dn,1185,25699.475,-1.04,63.275,352.73,-0.2211
2026-01-29,2026,15,up,1275,25840.679,0.188095,66.286,371.12,0.0532
2026-02-02,2026,15,up,1185,25891.55,0.196667,59.05,406.0,0.0727
2026-02-02,2026,15,up,1245,25924.906,0.129167,30.406,406.0,0.0191
2026-02-03,2026,15,dn,1260,25268.625,-1.116667,99.875,446.54,-0.5627
2026-02-05,2026,15,dn,1245,24730.542,-0.669444,98.667,496.1,-0.1214
2026-02-09,2026,15,up,1290,25377.112,0.081667,55.312,554.12,0.0221
2026-02-10,2026,15,dn,1230,25309.312,-0.369444,55.188,563.32,-0.059
2026-02-11,2026,15,up,1185,25270.875,0.555556,79.125,536.21,0.0932
2026-02-11,2026,15,up,1275,25310.208,0.394444,68.042,536.21,0.0662
2026-02-12,2026,15,dn,1200,24866.833,-0.061111,69.333,547.0,-0.0101
2026-02-13,2026,15,up,1170,24910.062,0.541667,107.812,575.05,0.113
2026-02-13,2026,15,up,1230,24950.125,0.033333,46.875,575.05,0.0035
2026-02-17,2026,15,up,1290,24795.75,0.476923,115.462,586.19,0.1587
2026-02-19,2026,15,dn,1215,24784.688,-0.580556,61.812,575.4,-0.0908
2026-02-24,2026,15,up,1140,25051.75,0.483333,46.25,508.37,0.057
2026-02-24,2026,15,up,1200,25046.375,0.041667,34.25,508.37,0.0049
2026-02-25,2026,15,up,1290,25373.458,0.227778,15.292,481.71,0.0426
2026-02-27,2026,15,up,1140,24978.031,0.254167,70.156,431.94,0.0353
2026-02-27,2026,15,dn,1215,24909.312,-0.425,53.688,431.94,-0.059
2026-02-27,2026,15,dn,1290,24938.225,-0.023333,66.275,431.94,-0.0041
2026-03-03,2026,15,up,1230,24794.464,1.02619,84.214,448.75,0.2401
2026-03-05,2026,15,dn,1230,24868.75,-0.877778,135.75,469.71,-0.3364
2026-03-10,2026,15,up,1215,25132.917,0.262963,96.417,523.21,0.0678
2026-03-10,2026,15,dn,1275,25053.625,-0.685185,96.708,523.21,-0.1768
2026-03-11,2026,15,dn,1230,24941.714,-0.138095,74.429,520.36,-0.0279
2026-03-13,2026,15,dn,1185,24426.719,-0.1625,52.031,516.57,-0.0189
2026-03-13,2026,15,dn,1245,24396.625,-0.483333,65.375,516.57,-0.0561
2026-03-18,2026,15,dn,1200,24853.284,-0.098485,62.216,546.57,-0.0297
2026-03-19,2026,15,dn,1200,24431.0,-0.256667,64.8,547.45,-0.0352
2026-03-25,2026,15,up,1230,24469.188,0.725,57.188,556.95,0.0781
2026-03-31,2026,15,up,1215,23800.0,1.74697,154.614,534.98,0.5388
2026-04-06,2026,15,up,1275,24297.25,0.166667,74.5,600.34,0.0292
2026-04-06,2026,15,dn,1200,24252.0,-0.55,74.0,600.34,-0.0825
2026-04-09,2026,15,dn,1275,25188.438,-0.186111,51.812,610.25,-0.0274
2026-04-13,2026,15,up,1215,25404.312,0.525,58.812,569.46,0.1383
2026-04-16,2026,15,dn,1275,26394.696,-0.719048,72.054,563.45,-0.134
2026-04-17,2026,15,up,1170,26813.031,0.129167,77.531,537.89,0.0144
2026-04-17,2026,15,dn,1215,26767.175,-0.746667,65.275,537.89,-0.1041
2026-04-21,2026,15,dn,1215,26665.514,-0.462963,86.347,500.82,-0.1248
2026-04-22,2026,15,up,1215,27024.25,0.34375,41.219,453.41,0.091
2026-04-23,2026,15,dn,1245,26755.5,-3.4,226.75,446.05,-0.8004
2026-04-24,2026,15,up,1245,27433.35,0.426667,48.35,437.0,0.0732
2026-05-05,2026,15,up,1260,28164.812,0.28125,34.094,377.5,0.0894
2026-05-07,2026,15,dn,1215,28604.875,-1.416667,116.625,392.29,-0.2167
2026-05-15,2026,15,up,1260,29422.325,0.698333,95.85,435.66,0.2404
2026-05-21,2026,15,up,1245,29546.679,2.319048,111.679,503.68,0.4834
2026-05-22,2026,15,up,1230,29706.312,0.29375,55.906,507.98,0.0694
2026-06-01,2026,15,up,1230,30666.891,1.15625,78.141,497.15,0.2791
2026-06-02,2026,15,dn,1290,30638.656,-0.170833,47.844,473.13,-0.0217
2026-06-04,2026,15,up,1260,30568.705,0.781818,64.977,463.25,0.2785
2026-06-10,2026,15,dn,1245,28747.312,-0.091667,135.438,622.25,-0.0177
2026-06-11,2026,15,up,1230,29219.275,4.36,279.175,646.56,0.5058
