date,pnl,side,day_move
2021-04-09,520.0,1,82.00
2021-04-13,420.0,1,92.25
2021-04-14,-545.0,-1,-176.75
2021-04-15,-295.0,1,72.25
2021-04-19,435.0,-1,-79.00
2021-04-20,-865.0,-1,-130.50
2021-04-21,330.0,1,108.50
2021-04-22,505.0,-1,-139.50
2021-04-23,35.0,1,184.25
2021-04-26,-560.0,1,87.50
2021-04-27,-150.0,-1,-66.25
2021-04-29,415.0,-1,-74.50
2021-05-03,280.0,-1,-102.00
2021-05-04,135.0,-1,-204.25
2021-05-05,1250.0,-1,-86.50
2021-05-10,-270.0,-1,-265.00
2021-05-11,570.0,1,217.25
2021-05-12,555.0,-1,-97.25
2021-05-14,-290.0,1,184.75
2021-05-19,1235.0,1,163.75
2021-05-20,285.0,1,213.50
2021-05-21,-145.0,-1,-109.50
2021-05-24,-205.0,1,170.00
2021-06-04,-165.0,1,165.00
2021-06-10,-235.0,1,125.75
2021-06-14,205.0,1,48.00
2021-06-15,110.0,-1,-87.25
2021-06-16,-1620.0,-1,-133.75
2021-06-17,375.0,1,229.75
2021-06-21,-370.0,1,75.00
2021-06-22,715.0,1,117.75
2021-06-28,90.0,1,109.75
2021-07-02,300.0,1,61.25
2021-07-07,265.0,-1,-56.25
2021-07-08,-325.0,1,114.75
2021-07-09,-155.0,1,127.25
2021-07-13,-565.0,1,50.75
2021-07-15,125.0,-1,-115.50
2021-07-16,370.0,-1,-123.25
2021-07-20,415.0,1,160.25
2021-07-21,105.0,1,85.75
2021-07-22,55.0,1,83.00
2021-07-23,-165.0,1,115.25
2021-07-27,175.0,-1,-185.50
2021-07-29,-410.0,1,70.50
2021-07-30,-105.0,1,85.00
2021-08-10,40.0,-1,-91.75
2021-08-11,-145.0,-1,-84.75
2021-08-12,110.0,1,76.00
2021-08-19,700.0,1,161.25
2021-08-20,345.0,1,92.25
2021-08-23,-270.0,1,206.25
2021-08-27,45.0,1,132.50
2021-08-30,-140.0,1,161.75
2021-09-02,245.0,-1,-69.75
2021-09-03,-15.0,1,98.25
2021-09-08,-50.0,-1,-62.50
2021-09-10,1175.0,-1,-95.75
2021-09-13,-910.0,-1,-164.25
2021-09-14,620.0,-1,-107.75
2021-09-15,420.0,1,71.75
2021-09-16,45.0,1,51.50
2021-09-17,180.0,-1,-176.75
2021-09-20,-760.0,-1,-237.75
2021-09-23,-240.0,1,119.25
2021-09-24,65.0,1,96.00
2021-09-28,720.0,-1,-155.75
2021-10-04,830.0,-1,-254.75
2021-10-05,-550.0,1,226.50
2021-10-06,240.0,1,182.25
2021-10-12,35.0,-1,-89.75
2021-10-14,-180.0,1,120.00
2021-10-18,255.0,1,189.50
2021-10-21,560.0,1,94.00
2021-10-22,175.0,-1,-75.75
2021-10-25,-75.0,1,112.25
2021-10-27,-830.0,1,111.25
2021-10-28,-65.0,1,72.50
2021-10-29,-35.0,1,155.75
2021-11-02,80.0,1,83.75
2021-11-03,260.0,1,102.25
2021-11-04,15.0,1,149.00
2021-11-09,385.0,-1,-158.25
2021-11-10,-1085.0,-1,-176.50
2021-11-11,190.0,-1,-63.00
2021-11-12,455.0,1,103.25
2021-11-15,-460.0,-1,-66.00
2021-11-16,-140.0,1,151.75
2021-11-22,410.0,-1,-67.75
2021-11-23,30.0,-1,-85.00
2021-11-24,540.0,1,126.50
2021-11-29,185.0,1,162.50
2021-11-30,515.0,-1,-204.00
2021-12-01,3135.0,-1,-207.50
2021-12-02,-225.0,1,173.75
2021-12-03,-770.0,-1,-477.75
2021-12-06,330.0,1,104.00
2021-12-07,-610.0,1,177.25
2021-12-09,665.0,-1,-132.25
2021-12-13,810.0,-1,-133.50
2021-12-16,-1070.0,-1,-488.75
2021-12-17,-575.0,1,151.25
2021-12-21,-650.0,1,211.00
2021-12-22,50.0,1,152.75
2021-12-23,-460.0,1,152.75
2021-12-27,-85.0,1,194.75
2021-12-28,-110.0,-1,-107.50
2022-01-04,-1270.0,-1,-285.75
2022-01-05,1265.0,-1,-301.00
2022-01-06,-330.0,1,127.25
2022-01-07,475.0,-1,-118.50
2022-01-11,100.0,1,245.25
2022-01-13,735.0,-1,-324.75
2022-01-14,1180.0,1,108.25
2022-01-21,890.0,-1,-234.50
2022-01-25,-3500.0,1,170.75
2022-01-26,1700.0,-1,-212.50
2022-01-27,235.0,-1,-323.00
2022-01-31,-855.0,1,322.50
2022-02-04,335.0,1,237.00
2022-02-11,20.0,-1,-435.25
2022-02-17,795.0,-1,-224.50
2022-02-23,145.0,-1,-406.75
2022-02-24,625.0,1,699.25
2022-03-01,350.0,-1,-174.25
2022-03-02,490.0,1,171.50
2022-03-03,105.0,-1,-295.25
2022-03-04,-850.0,-1,-186.50
2022-03-07,180.0,-1,-411.00
2022-03-14,80.0,-1,-166.25
2022-03-15,1180.0,1,221.50
2022-03-17,-155.0,1,187.75
2022-03-18,1105.0,1,289.25
2022-03-22,-40.0,1,252.50
2022-03-24,1090.0,1,145.25
2022-03-28,90.0,1,186.00
2022-04-04,230.0,1,234.25
2022-04-05,965.0,-1,-235.25
2022-04-12,915.0,-1,-247.00
2022-04-13,740.0,1,251.50
2022-04-14,150.0,-1,-282.50
2022-04-19,1185.0,1,282.00
2022-04-20,-945.0,-1,-263.00
2022-04-21,-160.0,-1,-413.50
2022-04-22,-685.0,-1,-325.75
2022-04-25,770.0,1,147.75
2022-04-26,2440.0,-1,-247.75
2022-04-28,205.0,1,282.25
2022-04-29,965.0,-1,-299.25
2022-05-04,2410.0,1,230.25
2022-05-05,1905.0,-1,-523.00
2022-05-09,1215.0,-1,-154.75
2022-05-11,500.0,-1,-199.75
2022-05-13,1405.0,1,217.00
2022-05-18,215.0,-1,-439.75
2022-05-20,-1735.0,-1,-437.75
2022-05-25,360.0,1,252.00
2022-05-26,-1030.0,1,394.25
2022-05-27,745.0,1,208.00
2022-06-02,30.0,1,317.25
2022-06-06,440.0,-1,-151.75
2022-06-07,485.0,1,208.50
2022-06-16,-1390.0,-1,-232.50
2022-06-17,360.0,1,139.50
2022-06-21,-75.0,1,132.00
2022-06-22,-1405.0,1,199.00
2022-06-24,-35.0,1,205.00
2022-06-27,10.0,-1,-140.25
2022-06-28,80.0,-1,-347.50
2022-07-05,680.0,1,302.25
2022-07-06,315.0,1,112.25
2022-07-07,115.0,1,215.50
2022-07-08,-460.0,1,161.00
2022-07-11,130.0,-1,-144.50
2022-07-12,1470.0,-1,-114.50
2022-07-13,-980.0,1,296.50
2022-07-14,350.0,1,161.75
2022-07-18,40.0,-1,-197.75
2022-07-19,90.0,1,193.25
2022-07-20,840.0,1,165.00
2022-07-21,145.0,1,119.25
2022-07-22,-840.0,-1,-221.00
2022-07-25,190.0,-1,-132.25
2022-07-26,90.0,-1,-173.75
2022-07-27,2030.0,1,277.50
2022-07-28,145.0,1,130.00
2022-07-29,605.0,1,155.50
2022-08-03,-135.0,1,285.75
2022-08-08,-320.0,-1,-117.75
2022-08-11,-15.0,-1,-169.75
2022-08-12,375.0,1,139.50
2022-08-15,410.0,1,145.00
2022-08-19,-440.0,-1,-148.00
2022-08-22,-80.0,-1,-176.50
2022-08-26,420.0,-1,-439.75
2022-08-30,-1010.0,-1,-257.75
2022-08-31,-805.0,-1,-179.50
2022-09-02,-165.0,-1,-299.00
2022-09-06,-240.0,-1,-112.75
2022-09-07,580.0,1,232.00
2022-09-09,315.0,1,161.00
2022-09-13,1205.0,-1,-242.00
2022-09-19,1240.0,1,126.25
2022-09-21,-4645.0,1,112.00
2022-09-23,-1710.0,-1,-224.00
2022-09-27,570.0,-1,-128.25
2022-09-28,845.0,1,186.75
2022-09-29,-1095.0,-1,-281.00
2022-10-03,-20.0,1,237.50
2022-10-04,-480.0,1,120.50
2022-10-05,420.0,1,159.00
2022-10-07,740.0,-1,-237.50
2022-10-13,-320.0,1,584.00
2022-10-14,180.0,-1,-381.00
2022-10-18,-285.0,-1,-264.25
2022-10-21,1200.0,1,259.75
2022-10-24,405.0,1,119.50
2022-10-25,815.0,1,155.25
2022-10-27,-560.0,-1,-157.75
2022-10-28,140.0,1,362.00
2022-11-01,550.0,-1,-225.75
2022-11-02,2585.0,-1,-170.00
2022-11-04,-590.0,-1,-124.00
2022-11-09,-700.0,-1,-172.75
2022-11-10,1035.0,1,168.50
2022-11-11,-800.0,1,249.75
2022-11-17,-930.0,1,132.25
2022-11-18,-835.0,-1,-170.25
2022-11-23,110.0,1,116.00
2022-11-29,-110.0,-1,-111.50
2022-11-30,1555.0,1,364.25
2022-12-02,425.0,1,142.75
2022-12-05,125.0,-1,-151.50
2022-12-06,485.0,-1,-265.25
2022-12-13,-145.0,-1,-344.00
2022-12-14,-100.0,-1,-96.75
2022-12-15,-255.0,-1,-207.00
2022-12-16,-810.0,-1,-99.00
2022-12-19,220.0,-1,-191.00
2022-12-21,-340.0,1,122.75
2022-12-22,-1035.0,-1,-216.50
2022-12-27,-355.0,-1,-128.25
2022-12-28,535.0,-1,-97.75
2022-12-29,315.0,1,144.50
2023-01-03,-165.0,-1,-181.00
2023-01-06,-180.0,1,247.50
2023-01-10,-175.0,1,106.50
2023-01-11,390.0,1,97.50
2023-01-13,595.0,1,142.00
2023-01-18,110.0,-1,-170.75
2023-01-20,540.0,1,198.00
2023-01-23,235.0,1,187.25
2023-01-25,110.0,1,146.75
2023-01-27,300.0,1,227.50
2023-01-30,545.0,-1,-82.00
2023-01-31,-685.0,1,137.00
2023-02-01,1700.0,1,195.75
2023-02-07,920.0,1,193.50
2023-02-08,620.0,-1,-147.00
2023-02-09,1250.0,-1,-254.75
2023-02-13,325.0,1,107.75
2023-02-14,110.0,1,145.50
2023-02-15,40.0,1,123.25
2023-02-16,-2790.0,1,128.25
2023-02-21,305.0,-1,-105.00
2023-03-01,65.0,-1,-101.25
2023-03-02,325.0,1,175.25
2023-03-03,10.0,1,169.50
2023-03-07,-205.0,-1,-178.00
2023-03-09,1520.0,-1,-172.75
2023-03-10,325.0,-1,-137.75
2023-03-13,-1585.0,1,285.50
2023-03-15,15.0,1,166.00
2023-03-16,725.0,1,343.75
2023-03-17,-720.0,-1,-92.00
2023-03-28,-95.0,-1,-94.25
2023-03-31,990.0,1,155.50
2023-04-04,0.0,-1,-96.25
2023-04-05,355.0,-1,-97.50
2023-04-06,50.0,1,155.75
2023-04-10,-450.0,1,113.50
2023-04-12,965.0,-1,-155.00
2023-04-13,205.0,1,179.00
2023-04-18,-280.0,-1,-121.00
2023-04-19,-140.0,1,122.00
2023-04-25,-70.0,-1,-146.00
2023-04-26,-130.0,-1,-62.75
2023-04-27,75.0,1,195.25
2023-04-28,15.0,1,65.25
2023-05-02,55.0,-1,-95.50
2023-05-05,-165.0,1,208.50
2023-05-08,-425.0,1,60.75
2023-05-12,-325.0,-1,-125.00
2023-05-16,-15.0,1,100.00
2023-05-17,160.0,1,103.75
2023-05-18,585.0,1,161.00
2023-05-22,-370.0,1,74.00
2023-05-23,15.0,-1,-89.75
2023-05-26,135.0,1,318.25
2023-05-30,130.0,-1,-86.00
2023-06-01,-460.0,1,205.50
2023-06-07,315.0,-1,-218.50
2023-06-08,65.0,1,146.00
2023-06-12,400.0,1,129.75
2023-06-15,-425.0,1,287.25
2023-06-16,340.0,-1,-157.50
2023-06-22,-625.0,1,208.00
2023-06-26,185.0,-1,-105.50
2023-06-27,535.0,1,188.25
2023-06-28,-415.0,1,93.25
2023-06-30,105.0,1,94.75
2023-07-05,185.0,1,81.50
2023-07-07,-975.0,1,80.25
2023-07-13,690.0,1,106.25
2023-07-17,800.0,1,95.75
2023-07-18,70.0,1,189.00
2023-07-20,1060.0,-1,-227.75
2023-07-21,430.0,-1,-112.75
2023-07-25,220.0,1,99.25
2023-07-27,-495.0,-1,-285.50
2023-07-28,-435.0,1,127.50
2023-08-02,1090.0,-1,-175.75
2023-08-03,-720.0,1,117.25
2023-08-04,-105.0,-1,-137.50
2023-08-09,445.0,-1,-88.75
2023-08-14,165.0,1,146.75
2023-08-17,275.0,-1,-181.75
2023-08-18,115.0,1,117.00
2023-08-21,135.0,1,171.50
2023-08-22,35.0,-1,-117.00
2023-08-23,405.0,1,195.75
2023-08-24,715.0,-1,-375.50
2023-08-25,325.0,1,97.75
2023-08-29,425.0,1,327.50
2023-08-30,-310.0,1,90.75
2023-09-01,-470.0,-1,-141.50
2023-09-05,-720.0,1,103.50
2023-09-06,230.0,-1,-126.25
2023-09-07,-100.0,1,89.00
2023-09-12,145.0,-1,-97.50
2023-09-15,-505.0,-1,-234.25
2023-09-20,865.0,-1,-116.25
2023-09-26,595.0,-1,-117.25
2023-09-28,1315.0,1,148.50
2023-09-29,460.0,-1,-99.25
2023-10-03,630.0,-1,-182.25
2023-10-04,900.0,1,117.25
2023-10-06,275.0,1,398.25
2023-10-09,-130.0,1,186.00
2023-10-12,-455.0,-1,-114.00
2023-10-13,445.0,-1,-211.75
2023-10-16,240.0,1,141.00
2023-10-19,-95.0,-1,-195.00
2023-10-20,190.0,-1,-155.25
2023-10-23,-840.0,1,176.50
2023-10-25,-245.0,-1,-264.50
2023-10-26,1020.0,-1,-102.75
2023-10-27,-660.0,-1,-81.00
2023-11-01,1390.0,1,138.50
2023-11-03,-365.0,1,162.50
2023-11-07,185.0,1,110.75
2023-11-09,15.0,-1,-143.00
2023-11-10,400.0,1,241.00
2023-11-14,365.0,1,77.50
2023-11-20,200.0,1,199.50
2023-11-29,830.0,-1,-83.00
2023-11-30,805.0,-1,-107.75
2023-12-01,-15.0,1,97.50
2023-12-05,-80.0,1,107.50
2023-12-06,770.0,-1,-166.25
2023-12-07,335.0,1,89.25
2023-12-08,-120.0,1,157.50
2023-12-11,-170.0,1,146.25
2023-12-12,285.0,1,103.75
2023-12-13,-1115.0,1,162.75
2023-12-14,55.0,-1,-82.75
2023-12-18,150.0,1,114.50
2023-12-20,950.0,-1,-143.75
2024-01-02,175.0,-1,-206.75
2024-01-08,-140.0,1,272.75
2024-01-09,-60.0,1,159.25
2024-01-10,-885.0,1,140.50
2024-01-18,105.0,1,103.50
2024-01-19,-5.0,1,238.25
2024-01-25,135.0,-1,-112.75
2024-01-29,1505.0,1,78.00
2024-01-30,-205.0,-1,-71.75
2024-02-01,65.0,1,126.25
2024-02-02,10.0,1,255.00
2024-02-06,10.0,-1,-105.50
2024-02-07,45.0,1,80.50
2024-02-09,-295.0,1,146.25
2024-02-12,-520.0,-1,-78.50
2024-02-16,0.0,-1,-136.00
2024-02-20,-305.0,-1,-91.25
2024-02-21,-375.0,-1,-89.25
2024-02-22,225.0,1,154.50
2024-02-23,820.0,-1,-90.50
2024-03-01,-460.0,1,269.75
2024-03-05,285.0,-1,-277.00
2024-03-06,120.0,-1,-76.25
2024-03-07,-425.0,1,144.50
2024-03-08,1790.0,-1,-175.25
2024-03-12,215.0,1,143.00
2024-03-14,1050.0,-1,-123.00
2024-03-19,-695.0,1,122.75
2024-03-20,1190.0,1,101.25
2024-03-21,-275.0,-1,-114.00
2024-03-25,-760.0,1,108.00
2024-03-27,-355.0,-1,-147.00
2024-04-03,-1320.0,1,157.25
2024-04-04,2120.0,-1,-314.50
2024-04-05,240.0,1,141.50
2024-04-09,-1565.0,-1,-139.25
2024-04-11,400.0,1,213.75
2024-04-12,-155.0,-1,-162.75
2024-04-15,545.0,-1,-449.75
2024-04-17,790.0,-1,-254.25
2024-04-18,-590.0,-1,-140.25
2024-04-19,-515.0,-1,-335.75
2024-04-22,-435.0,1,122.25
2024-04-23,-455.0,1,216.50
2024-04-24,-1155.0,-1,-118.50
2024-04-25,1395.0,1,173.00
2024-04-26,420.0,1,170.25
2024-04-30,-245.0,-1,-154.75
2024-05-01,-875.0,1,249.00
2024-05-08,230.0,1,88.00
2024-05-14,160.0,1,135.50
2024-05-15,220.0,1,175.75
2024-05-20,630.0,1,105.25
2024-05-21,75.0,1,83.50
2024-05-22,-245.0,-1,-77.75
2024-05-23,-395.0,-1,-347.50
2024-05-24,-165.0,1,108.50
2024-05-29,400.0,1,60.00
2024-05-30,680.0,-1,-94.50
2024-05-31,-1205.0,-1,-249.50
2024-06-03,-610.0,-1,-152.25
2024-06-04,-865.0,1,73.25
2024-06-05,-35.0,1,188.75
2024-06-10,745.0,1,89.00
2024-06-11,-360.0,1,152.25
2024-06-12,-1095.0,1,115.25
2024-06-14,110.0,1,87.50
2024-06-17,470.0,1,278.75
2024-06-20,-330.0,-1,-229.25
2024-06-24,-320.0,-1,-102.00
2024-06-25,610.0,1,119.75
2024-07-02,25.0,1,240.75
2024-07-05,225.0,1,172.50
2024-07-10,-120.0,1,121.75
2024-07-11,565.0,-1,-426.25
2024-07-12,-710.0,1,266.75
2024-07-17,-580.0,-1,-234.25
2024-07-18,400.0,-1,-294.75
2024-07-19,-1010.0,-1,-148.00
2024-07-24,550.0,-1,-392.00
2024-07-30,265.0,-1,-335.50
2024-07-31,-2295.0,1,182.75
2024-08-01,-1825.0,-1,-634.00
2024-08-02,-960.0,-1,-150.25
2024-08-05,1400.0,1,345.50
2024-08-06,-1030.0,1,308.75
2024-08-07,-1235.0,-1,-423.25
2024-08-08,-975.0,1,267.75
2024-08-13,-455.0,1,260.50
2024-08-15,-30.0,1,231.75
2024-08-19,275.0,1,165.25
2024-08-22,640.0,-1,-387.25
2024-08-26,535.0,-1,-147.50
2024-08-27,-190.0,1,132.00
2024-08-28,-515.0,-1,-195.75
2024-09-03,240.0,-1,-433.00
2024-09-06,-665.0,-1,-448.25
2024-09-11,1495.0,1,225.75
2024-09-12,-95.0,1,195.25
2024-09-17,-280.0,-1,-155.00
2024-09-26,-230.0,-1,-163.75
2024-09-27,115.0,-1,-129.00
2024-10-01,280.0,-1,-197.75
2024-10-07,-540.0,-1,-167.75
2024-10-08,295.0,1,170.75
2024-10-09,0.0,1,151.50
2024-10-11,305.0,1,127.25
2024-10-15,765.0,-1,-301.50
2024-10-17,990.0,-1,-141.50
2024-10-22,545.0,1,118.50
2024-10-23,-265.0,-1,-257.50
2024-10-28,-290.0,-1,-102.00
2024-10-29,915.0,1,184.25
2024-10-31,-625.0,-1,-318.00
2024-11-01,-210.0,1,97.25
2024-11-05,760.0,1,142.25
2024-11-06,325.0,1,205.25
2024-11-07,30.0,1,226.25
2024-11-11,-420.0,-1,-107.50
2024-11-15,-455.0,-1,-298.00
2024-11-19,200.0,1,218.25
2024-11-20,-1005.0,-1,-144.00
2024-11-25,70.0,-1,-155.00
2024-11-27,105.0,-1,-132.25
2024-12-02,355.0,1,176.75
2024-12-03,-5.0,1,97.00
2024-12-04,175.0,1,94.75
2024-12-06,230.0,1,144.50
2024-12-09,570.0,-1,-138.75
2024-12-10,785.0,-1,-121.50
2024-12-11,300.0,1,210.50
2024-12-18,3735.0,-1,-367.25
2024-12-19,-465.0,-1,-214.75
2024-12-20,-1025.0,1,488.25
2024-12-27,1050.0,-1,-140.25
2024-12-31,-1045.0,-1,-187.25
2025-01-02,-1790.0,-1,-283.75
2025-01-03,-155.0,1,240.75
2025-01-07,1800.0,-1,-374.25
2025-01-13,-375.0,1,140.50
2025-01-14,545.0,-1,-211.00
2025-01-15,345.0,1,168.25
2025-01-22,-485.0,1,126.50
2025-01-24,45.0,-1,-176.25
2025-01-28,-20.0,1,312.75
2025-02-03,-660.0,1,270.00
2025-02-04,-250.0,1,217.50
2025-02-05,635.0,1,158.50
2025-02-07,565.0,-1,-278.50
2025-02-12,-320.0,1,277.50
2025-02-13,590.0,1,187.00
2025-02-21,-340.0,-1,-498.75
2025-02-24,660.0,-1,-199.25
2025-02-25,-605.0,-1,-188.50
2025-02-26,-1080.0,-1,-145.00
2025-02-27,2780.0,-1,-506.75
2025-02-28,1165.0,1,120.25
2025-03-03,4330.0,-1,-452.25
2025-03-04,985.0,1,276.25
2025-03-05,645.0,1,229.75
2025-03-06,-1165.0,-1,-260.00
2025-03-07,655.0,1,156.25
2025-03-10,-2000.0,-1,-542.25
2025-03-11,-1790.0,1,218.75
2025-03-13,1885.0,-1,-210.50
2025-03-14,-100.0,1,209.25
2025-03-17,-445.0,1,234.75
2025-03-19,-1465.0,1,234.75
2025-03-21,-400.0,1,201.75
2025-03-26,-180.0,-1,-381.75
2025-03-28,380.0,-1,-429.50
2025-03-31,355.0,1,182.00
2025-04-02,1540.0,1,279.25
2025-04-04,-2215.0,-1,-531.00
2025-04-07,-1915.0,1,606.25
2025-04-08,3580.0,-1,-711.00
2025-04-09,7225.0,1,1566.75
2025-04-10,2370.0,-1,-253.50
2025-04-11,1690.0,1,324.00
2025-04-16,1635.0,-1,-370.75
2025-04-21,-1430.0,-1,-420.25
2025-04-24,-1100.0,1,418.00
2025-05-06,-115.0,1,158.75
2025-05-13,-150.0,1,323.00
2025-05-19,-800.0,1,292.50
2025-05-22,385.0,1,134.00
2025-05-23,-510.0,1,190.00
2025-05-27,-95.0,1,183.25
2025-05-29,-185.0,-1,-311.50
2025-06-02,245.0,1,230.00
2025-06-03,10.0,1,163.75
2025-06-05,2175.0,-1,-125.50
2025-06-10,300.0,1,112.25
2025-06-11,145.0,-1,-156.25
2025-06-12,-25.0,1,107.75
2025-06-16,-50.0,1,152.75
2025-06-20,-55.0,-1,-259.00
2025-06-23,360.0,1,166.75
2025-06-24,-115.0,1,139.75
2025-06-26,50.0,1,114.75
2025-07-02,-115.0,1,174.00
2025-07-14,-235.0,1,108.50
2025-07-15,-100.0,-1,-105.75
2025-07-17,105.0,1,152.25
2025-07-18,-185.0,-1,-97.00
2025-07-21,-480.0,1,134.25
2025-07-22,200.0,-1,-94.25
2025-07-25,-90.0,1,83.00
2025-07-29,355.0,-1,-116.25
2025-07-30,205.0,-1,-74.25
2025-07-31,865.0,-1,-332.50
2025-08-01,-185.0,-1,-217.25
2025-08-04,85.0,1,167.50
2025-08-05,-535.0,-1,-201.25
2025-08-06,285.0,1,246.75
2025-08-07,230.0,-1,-195.00
2025-08-08,-110.0,1,169.25
2025-08-12,290.0,1,174.00
2025-08-13,-100.0,-1,-110.75
2025-08-15,50.0,-1,-97.75
2025-08-19,-60.0,-1,-300.25
2025-08-20,-1515.0,-1,-182.50
2025-08-22,-260.0,1,322.00
2025-08-28,-250.0,1,148.75
2025-08-29,-125.0,-1,-193.00
2025-09-02,840.0,1,88.75
2025-09-04,135.0,1,139.75
2025-09-05,-595.0,-1,-217.75
2025-09-10,1020.0,-1,-136.50
2025-09-12,-625.0,1,113.25
2025-09-15,0.0,1,93.00
2025-09-17,-2775.0,-1,-128.00
2025-09-22,45.0,1,197.25
2025-09-23,-250.0,-1,-210.75
2025-09-24,315.0,-1,-146.25
2025-10-01,0.0,1,261.00
2025-10-03,90.0,-1,-124.50
2025-10-07,315.0,-1,-183.75
2025-10-08,810.0,1,191.00
2025-10-09,-620.0,-1,-94.00
2025-10-10,1155.0,-1,-724.75
2025-10-14,-35.0,1,260.50
2025-10-16,1275.0,-1,-246.75
2025-10-17,540.0,1,260.50
2025-10-20,-115.0,1,208.25
2025-10-22,-1060.0,-1,-308.00
2025-10-23,-20.0,1,257.50
2025-10-28,580.0,1,143.25
2025-10-30,1175.0,-1,-136.25
2025-10-31,-1525.0,-1,-185.25
2025-11-04,-325.0,-1,-136.75
2025-11-05,-600.0,1,321.00
2025-11-06,1005.0,-1,-269.75
2025-11-10,155.0,1,163.25
2025-11-12,-590.0,-1,-198.25
2025-11-13,-470.0,-1,-422.75
2025-11-14,-1815.0,1,504.50
2025-11-17,-850.0,-1,-241.50
2025-11-20,1945.0,-1,-815.00
2025-11-21,-1345.0,1,255.25
2025-11-24,380.0,1,391.75
2025-12-08,-410.0,-1,-199.25
2025-12-10,-10.0,1,176.25
2025-12-12,660.0,-1,-316.25
2025-12-15,560.0,-1,-265.75
2025-12-17,390.0,-1,-447.00
2025-12-19,260.0,1,207.75
2025-12-23,-5.0,1,153.00
2025-12-31,1170.0,-1,-143.00
2026-01-02,-700.0,-1,-287.50
2026-01-06,10.0,1,171.75
2026-01-07,-910.0,1,112.00
2026-01-08,-880.0,-1,-152.25
2026-01-09,290.0,1,240.50
2026-01-12,-475.0,1,268.50
2026-01-13,720.0,-1,-84.25
2026-01-14,-1295.0,-1,-239.25
2026-01-15,675.0,-1,-167.25
2026-01-16,25.0,-1,-151.75
2026-01-21,-3110.0,1,442.25
2026-01-23,-810.0,1,140.00
2026-01-26,30.0,1,129.50
2026-01-29,-100.0,-1,-284.50
2026-01-30,1285.0,-1,-176.00
2026-02-02,315.0,1,304.50
2026-02-03,-420.0,-1,-618.50
2026-02-04,1020.0,-1,-279.25
2026-02-06,950.0,1,310.25
2026-02-09,-655.0,1,341.25
2026-02-12,1865.0,-1,-447.75
2026-02-20,-45.0,1,307.75
2026-02-23,-360.0,-1,-289.00
2026-02-24,-465.0,1,216.50
2026-02-25,-50.0,1,208.50
2026-02-26,645.0,-1,-279.00
2026-03-02,-2320.0,1,438.25
2026-03-03,-85.0,1,252.25
2026-03-04,-770.0,1,335.50
2026-03-09,5830.0,1,223.25
2026-03-12,-355.0,-1,-176.00
2026-03-13,1395.0,-1,-197.00
2026-03-18,430.0,-1,-184.50
2026-03-20,695.0,-1,-393.00
2026-03-26,825.0,-1,-273.50
2026-03-27,190.0,-1,-314.50
2026-03-30,1710.0,-1,-388.00
2026-03-31,470.0,1,473.75
2026-04-02,100.0,1,377.00
2026-04-08,-190.0,-1,-246.25
2026-04-13,220.0,1,229.50
2026-04-14,1405.0,1,261.50
2026-04-15,625.0,1,279.75
2026-04-23,-1095.0,-1,-153.75
2026-04-24,205.0,1,198.00
2026-05-01,1450.0,1,189.00
2026-05-05,-45.0,1,180.25
2026-05-06,1070.0,1,250.75
2026-05-08,420.0,1,362.00
2026-05-12,-1785.0,-1,-257.00
2026-05-13,1020.0,1,185.75
2026-05-14,-260.0,1,232.25
2026-05-18,-1690.0,-1,-498.50
2026-05-20,780.0,1,227.00
2026-05-28,205.0,1,240.50
2026-06-01,-25.0,1,280.50
2026-06-04,720.0,1,289.75
2026-06-05,540.0,-1,-844.25
2026-06-09,2305.0,-1,-671.25
2026-06-10,1060.0,-1,-245.50
2026-06-11,3130.0,1,515.50
2026-06-15,-570.0,1,228.00
