name,family,h,dir,n,mean,median,q25,q75,wr,hit100,hit150,hit200,cond_minus_uncond_raw,dir_edge_vs_base,note
C1_hyg_r5_botdecile,credit,3,-1,515,-22.96504854368932,-15.5,-121.5,66.375,0.44854368932038835,0.46601941747572817,0.36310679611650487,0.29514563106796116,11.857190356554817,-11.857190356554817,HYG 5d ret in bottom 10% -> credit stress -> short
C2_hyglqd_r5_botdecile,credit,3,-1,485,-38.07061855670103,-27.0,-127.25,42.75,0.3938144329896907,0.38969072164948454,0.27835051546391754,0.1979381443298969,26.962760369566524,-26.962760369566524,HY/IG ratio 5d in bottom 10% (spread widening) -> short
C3_hyg_vs_spy_neg,credit,3,-1,502,-18.33565737051793,-16.0,-73.75,48.75,0.4103585657370518,0.36254980079681276,0.2589641434262948,0.19721115537848605,7.227799183383425,-7.227799183383425,credit lagging equity (bottom 10%) -> short
C4_hyglqd_z_low,credit,3,-1,684,-43.215643274853804,-31.625,-115.5,46.5,0.40789473684210525,0.3757309941520468,0.2675438596491228,0.18859649122807018,32.1077850877193,-32.1077850877193,HY/IG ratio z<-1.5 -> short
C5_hyg_r10_botdecile,credit,3,-1,553,1.4452983725135624,-7.0,-99.25,81.25,0.47739602169981915,0.4376130198915009,0.352622061482821,0.2857142857142857,-12.553156559648066,12.553156559648066,HYG 10d ret bottom 10% -> short
C6_hyg_r5_topdecile_long,credit,3,1,457,31.13293216630197,21.25,-44.0,95.5,0.6017505470459519,0.38293216630196936,0.3085339168490153,0.2363238512035011,20.025073979167466,20.025073979167466,HYG 5d ret top 10% -> risk-on -> long
R1_corr_pos_bondsdown,rates,3,-1,1654,-5.305925030229746,-9.375,-51.25,36.1875,0.43893591293833134,0.2762998790810157,0.20737605804111245,0.17654171704957677,-5.801933156904758,5.801933156904758,stock-bond corr>0 & bonds falling -> risk-parity unwind -> short
R2_corr_pos,rates,3,-1,850,-20.495,-15.625,-68.9375,36.9375,0.40705882352941175,0.30823529411764705,0.22470588235294117,0.17882352941176471,9.387141812865497,-9.387141812865497,"corr(NQ,TLT,40d)>0.2 -> both-fall regime risk -> short"
R3_tlt_spike_up,rates,3,-1,604,-28.30587748344371,-19.0,-80.0625,31.625,0.3956953642384106,0.2947019867549669,0.21026490066225165,0.15728476821192053,17.198019296309205,-17.198019296309205,TLT 3d spike up (flight to safety) -> short
R4_tlt_dump,rates,3,-1,615,-13.471138211382113,-12.25,-51.875,33.375,0.4195121951219512,0.26991869918699185,0.2048780487804878,0.17073170731707318,2.3632800242476097,-2.3632800242476097,TLT 3d dump (yield spike) -> short
R5_tlt_dump_long,rates,3,1,615,13.471138211382113,12.25,-33.375,51.875,0.5788617886178862,0.2845528455284553,0.21138211382113822,0.17560975609756097,2.3632800242476097,2.3632800242476097,TLT 3d dump -> yields up growth -> long(test)
D1_dxy_r5_topdecile,dollar,3,-1,699,-13.707081545064378,-8.0,-53.75,37.125,0.43776824034334766,0.3190271816881259,0.2117310443490701,0.16165951359084407,2.5992233579298745,-2.5992233579298745,DXY 5d ret top 10% (dollar spike) -> headwind -> short
D2_dxy_r3_topdecile,dollar,3,-1,695,-11.770503597122302,-7.5,-59.75,39.25,0.4546762589928058,0.3064748201438849,0.21294964028776978,0.17410071942446043,0.6626454099877979,-0.6626454099877979,DXY 3d spike -> short
D3_dxy_z_high,dollar,3,-1,1146,2.787958115183246,-5.5,-54.75,58.875,0.4712041884816754,0.36300174520069806,0.26352530541012215,0.21029668411867364,-13.89581630231775,13.89581630231775,DXY z>1.5 -> short
D4_dxy_r5_botdecile_long,dollar,3,1,681,8.235917767988253,9.5,-40.0,55.75,0.5682819383259912,0.3010279001468429,0.2290748898678414,0.1762114537444934,-2.8719404191462505,-2.8719404191462505,DXY falling (easing) -> long
V1_vix_up_nq_up,vol,3,-1,1160,1.4885775862068966,-8.125,-48.5,36.9375,0.44310344827586207,0.2655172413793103,0.2025862068965517,0.15862068965517243,-12.596435773341401,12.596435773341401,VIX rising while NQ rising (no confirm) -> pullback -> short
V2_vix_spike,vol,3,-1,726,-18.112258953168045,-9.25,-70.625,54.625,0.46005509641873277,0.384297520661157,0.28512396694214875,0.2231404958677686,7.004400766033541,-7.004400766033541,VIX 5d spike top 10% -> short
V3_vix_up_nq_up_strong,vol,3,-1,189,2.378306878306878,-17.0,-63.75,43.0,0.43386243386243384,0.32275132275132273,0.25925925925925924,0.18518518518518517,-13.486165065441382,13.486165065441382,strong price-vol divergence -> short
V4_vix_high,vol,3,-1,758,-28.723284960422163,-17.0,-98.1875,58.3125,0.4261213720316623,0.4129287598944591,0.3007915567282322,0.23218997361477572,17.61542677328766,-17.61542677328766,VIX in top decile of 1y -> short(test)
V5_vix_low_long,vol,3,1,1340,9.409701492537314,7.0,-25.5,33.5625,0.5611940298507463,0.1865671641791045,0.13432835820895522,0.10298507462686567,-1.6981566945971895,-1.6981566945971895,VIX bottom decile -> calm -> long(test)
B1_iwm_vs_spy_neg,breadth,3,-1,676,-23.018491124260354,-22.0,-72.0,36.8125,0.39201183431952663,0.3047337278106509,0.21597633136094674,0.1760355029585799,11.91063293712585,-11.91063293712585,small caps lagging (bottom 10%) -> breadth deteriorating -> short
B2_iwm_vs_nq_neg,breadth,3,-1,674,-7.516320474777448,-11.75,-52.4375,45.875,0.43768545994065283,0.2952522255192878,0.21216617210682492,0.16913946587537093,-3.5915377123570558,3.5915377123570558,IWM lagging NQ (bottom10) -> narrow breadth -> short
B3_iwm_r10_weak,breadth,3,-1,693,-18.248196248196248,-10.5,-68.5,48.5,0.4458874458874459,0.3621933621933622,0.2857142857142857,0.22366522366522368,7.140338061061744,-7.140338061061744,IWM 10d weak -> short
B4_iwm_vs_spy_pos_long,breadth,3,1,659,7.263520485584218,9.0,-38.125,55.0,0.5720789074355084,0.2852807283763278,0.22003034901365706,0.16843702579666162,-3.8443377015502858,-3.8443377015502858,small caps leading -> broad risk-on -> long
X1_riskoff_top10,composite,3,-1,701,-25.807417974322398,-12.5,-76.0,39.25,0.43366619115549215,0.32952924393723254,0.23823109843081314,0.18830242510699002,14.699559787187894,-14.699559787187894,macro stress composite top 10% -> short
X2_riskoff_top5,composite,3,-1,360,-16.905555555555555,-14.125,-80.5625,51.1875,0.43333333333333335,0.3638888888888889,0.26666666666666666,0.21666666666666667,5.797697368421051,-5.797697368421051,macro stress composite top 5% -> short
X3_riskoff_z2,composite,3,-1,245,-28.211224489795917,-14.25,-72.25,50.75,0.43673469387755104,0.3510204081632653,0.2612244897959184,0.21224489795918366,17.103366302661414,-17.103366302661414,composite z>2 -> short
X4_riskoff_bot10_long,composite,3,1,654,21.291529051987766,15.75,-35.5,56.4375,0.5902140672782875,0.28134556574923547,0.20030581039755352,0.1559633027522936,10.183670864853262,10.183670864853262,risk-on composite (bottom10) -> long
M1_gld_up_short,xasset,3,-1,571,0.16943957968476359,-12.0,-67.0,42.625,0.4308231173380035,0.3572679509632224,0.28371278458844135,0.2171628721541156,-11.277297766819267,11.277297766819267,gold spike (fear bid) -> short
M2_gld_vs_spy,xasset,3,-1,596,-22.339345637583893,-13.375,-92.9375,52.5625,0.4463087248322148,0.39093959731543626,0.32046979865771813,0.25838926174496646,11.23148745044939,-11.23148745044939,gold outperforming equity strongly -> risk-off -> short
M3_btc_weak_short,xasset,3,-1,358,-23.850558659217878,-29.25,-144.125,60.5625,0.39385474860335196,0.4720670391061452,0.39385474860335196,0.3268156424581006,12.742700472083374,-12.742700472083374,BTC 5d weak (risk appetite off) -> short
M4_btc_strong_long,xasset,3,1,379,15.651715039577837,14.0,-46.625,83.75,0.5857519788918206,0.39313984168865435,0.287598944591029,0.21899736147757257,4.543856852443334,4.543856852443334,BTC 5d strong (risk-on) -> long
M5_nq_z20_low_meanrev,xasset,3,1,300,54.23886666666667,15.5,-34.5625,101.6875,0.5766666666666667,0.44,0.32,0.2633333333333333,43.13100847953216,43.13100847953216,NQ 2std below 20d mean -> mean-revert long
M6_nq_z20_high_meanrev,xasset,3,-1,336,-5.665922619047619,-10.625,-42.0625,25.5625,0.4107142857142857,0.24107142857142858,0.17857142857142858,0.13392857142857142,-5.441935568086885,5.441935568086885,NQ 2std above 20d mean -> mean-revert short
C1_hyg_r5_botdecile,credit,5,-1,515,-40.26067961165049,-27.5,-143.625,60.75,0.4155339805825243,0.5203883495145631,0.4174757281553398,0.34368932038834954,21.369702717821884,-21.369702717821884,HYG 5d ret in bottom 10% -> credit stress -> short
C2_hyglqd_r5_botdecile,credit,5,-1,485,-57.33092783505155,-41.25,-160.75,42.75,0.3670103092783505,0.44536082474226807,0.3402061855670103,0.24948453608247423,38.439950941222946,-38.439950941222946,HY/IG ratio 5d in bottom 10% (spread widening) -> short
C3_hyg_vs_spy_neg,credit,5,-1,502,-37.97559760956175,-17.375,-105.0,58.75,0.4203187250996016,0.4243027888446215,0.31673306772908366,0.2549800796812749,19.08462071573315,-19.08462071573315,credit lagging equity (bottom 10%) -> short
C4_hyglqd_z_low,credit,5,-1,684,-62.85197368421053,-36.0,-159.0,49.25,0.3845029239766082,0.4415204678362573,0.3201754385964912,0.23830409356725146,43.96099679038193,-43.96099679038193,HY/IG ratio z<-1.5 -> short
C5_hyg_r10_botdecile,credit,5,-1,553,-4.768535262206148,-18.0,-111.5,74.0,0.4430379746835443,0.5081374321880651,0.4050632911392405,0.32730560578661844,-14.122441631622456,14.122441631622456,HYG 10d ret bottom 10% -> short
C6_hyg_r5_topdecile_long,credit,5,1,457,54.05142231947484,31.75,-47.5,130.0,0.6280087527352297,0.48577680525164113,0.3851203501094092,0.3150984682713348,35.16044542564623,35.16044542564623,HYG 5d ret top 10% -> risk-on -> long
R1_corr_pos_bondsdown,rates,5,-1,1652,-20.333535108958838,-19.0,-71.3125,35.5625,0.3916464891041162,0.32990314769975787,0.25,0.20944309927360774,1.4425582151302336,-1.4425582151302336,stock-bond corr>0 & bonds falling -> risk-parity unwind -> short
R2_corr_pos,rates,5,-1,850,-34.63852941176471,-23.0,-100.4375,39.0,0.3870588235294118,0.37176470588235294,0.2823529411764706,0.2211764705882353,15.747552517936104,-15.747552517936104,"corr(NQ,TLT,40d)>0.2 -> both-fall regime risk -> short"
R3_tlt_spike_up,rates,5,-1,604,-45.43004966887417,-24.0,-117.4375,33.125,0.3741721854304636,0.34271523178807944,0.26490066225165565,0.1986754966887417,26.539072775045565,-26.539072775045565,TLT 3d spike up (flight to safety) -> short
R4_tlt_dump,rates,5,-1,615,-21.03008130081301,-13.5,-66.125,44.0,0.41788617886178864,0.33983739837398375,0.25040650406504067,0.2032520325203252,2.139104406984405,-2.139104406984405,TLT 3d dump (yield spike) -> short
R5_tlt_dump_long,rates,5,1,615,21.03008130081301,13.5,-44.0,66.125,0.5772357723577236,0.3382113821138211,0.24552845528455283,0.19349593495934958,2.139104406984405,2.139104406984405,TLT 3d dump -> yields up growth -> long(test)
D1_dxy_r5_topdecile,dollar,5,-1,699,-24.909871244635195,-10.75,-74.625,47.625,0.4291845493562232,0.37625178826895567,0.2675250357653791,0.21030042918454936,6.01889435080659,-6.01889435080659,DXY 5d ret top 10% (dollar spike) -> headwind -> short
D2_dxy_r3_topdecile,dollar,5,-1,695,-22.644244604316548,-14.5,-87.625,47.625,0.4172661870503597,0.37410071942446044,0.2719424460431655,0.21726618705035972,3.7532677104879433,-3.7532677104879433,DXY 3d spike -> short
D3_dxy_z_high,dollar,5,-1,1146,-3.449607329842932,-10.75,-76.125,69.0,0.4511343804537522,0.44153577661431065,0.33420593368237345,0.2643979057591623,-15.441369563985672,15.441369563985672,DXY z>1.5 -> short
D4_dxy_r5_botdecile_long,dollar,5,1,681,14.530337738619677,8.0,-47.5,71.5,0.5491923641703378,0.36123348017621143,0.2834067547723935,0.23201174743024963,-4.360639155208927,-4.360639155208927,DXY falling (easing) -> long
V1_vix_up_nq_up,vol,5,-1,1160,-5.546120689655172,-10.0,-60.8125,47.625,0.43448275862068964,0.33189655172413796,0.24568965517241378,0.19655172413793104,-13.344856204173432,13.344856204173432,VIX rising while NQ rising (no confirm) -> pullback -> short
V2_vix_spike,vol,5,-1,726,-37.25482093663912,-18.0,-108.25,47.0,0.4228650137741047,0.44490358126721763,0.3443526170798898,0.2713498622589532,18.363844042810516,-18.363844042810516,VIX 5d spike top 10% -> short
V3_vix_up_nq_up_strong,vol,5,-1,189,9.412698412698413,-17.75,-88.25,72.5,0.43915343915343913,0.4126984126984127,0.31746031746031744,0.23809523809523808,-28.30367530652702,28.30367530652702,strong price-vol divergence -> short
V4_vix_high,vol,5,-1,758,-51.184366754617415,-28.625,-132.75,55.9375,0.39577836411609496,0.4762532981530343,0.3575197889182058,0.2796833773087071,32.29338986078881,-32.29338986078881,VIX in top decile of 1y -> short(test)
V5_vix_low_long,vol,5,1,1340,19.383208955223882,7.625,-29.5,48.5,0.567910447761194,0.2373134328358209,0.17537313432835822,0.14328358208955225,0.49223206139527775,0.49223206139527775,VIX bottom decile -> calm -> long(test)
B1_iwm_vs_spy_neg,breadth,5,-1,676,-37.76738165680474,-24.375,-94.1875,34.25,0.3772189349112426,0.3727810650887574,0.27366863905325445,0.22485207100591717,18.876404762976133,-18.876404762976133,small caps lagging (bottom 10%) -> breadth deteriorating -> short
B2_iwm_vs_nq_neg,breadth,5,-1,674,-10.054154302670623,-10.75,-74.8125,52.3125,0.43471810089020774,0.3768545994065282,0.2655786350148368,0.20474777448071216,-8.836822591157981,8.836822591157981,IWM lagging NQ (bottom10) -> narrow breadth -> short
B3_iwm_r10_weak,breadth,5,-1,693,-19.286796536796537,-12.25,-94.5,50.75,0.4401154401154401,0.4227994227994228,0.3318903318903319,0.2510822510822511,0.3958196429679326,-0.3958196429679326,IWM 10d weak -> short
B4_iwm_vs_spy_pos_long,breadth,5,1,659,3.4535811836115324,12.0,-56.5,68.75,0.5614567526555387,0.33990895295902884,0.251896813353566,0.21396054628224584,-15.437395710217071,-15.437395710217071,small caps leading -> broad risk-on -> long
X1_riskoff_top10,composite,5,-1,701,-44.69079885877318,-20.0,-97.0,36.0,0.4037089871611983,0.3880171184022825,0.289586305278174,0.2296718972895863,25.799821964944574,-25.799821964944574,macro stress composite top 10% -> short
X2_riskoff_top5,composite,5,-1,360,-40.13125,-22.125,-102.4375,44.9375,0.39166666666666666,0.4305555555555556,0.31666666666666665,0.26666666666666666,21.240273106171397,-21.240273106171397,macro stress composite top 5% -> short
X3_riskoff_z2,composite,5,-1,245,-44.90408163265306,-22.25,-99.0,41.5,0.39591836734693875,0.4122448979591837,0.31020408163265306,0.2612244897959184,26.013104738824456,-26.013104738824456,composite z>2 -> short
X4_riskoff_bot10_long,composite,5,1,654,28.90276758409786,17.125,-40.25,76.625,0.5932721712538226,0.37003058103975534,0.26605504587155965,0.20948012232415902,10.011790690269255,10.011790690269255,risk-on composite (bottom10) -> long
M1_gld_up_short,xasset,5,-1,571,-22.88353765323993,-21.25,-111.0,48.375,0.4063047285464098,0.4133099824868651,0.3380035026269702,0.2539404553415061,3.992560759411326,-3.992560759411326,gold spike (fear bid) -> short
M2_gld_vs_spy,xasset,5,-1,596,-52.56963087248322,-28.625,-140.25,48.125,0.40268456375838924,0.4412751677852349,0.37416107382550334,0.2936241610738255,33.67865397865462,-33.67865397865462,gold outperforming equity strongly -> risk-off -> short
M3_btc_weak_short,xasset,5,-1,358,-64.52234636871508,-42.875,-198.75,68.5625,0.3715083798882682,0.5307262569832403,0.45251396648044695,0.388268156424581,45.63136947488647,-45.63136947488647,BTC 5d weak (risk appetite off) -> short
M4_btc_strong_long,xasset,5,1,379,40.327836411609496,22.0,-49.375,107.5,0.58311345646438,0.47493403693931396,0.3562005277044855,0.3034300791556728,21.436859517780892,21.436859517780892,BTC 5d strong (risk-on) -> long
M5_nq_z20_low_meanrev,xasset,5,1,299,64.76056856187292,23.0,-29.75,121.0,0.6153846153846154,0.5117056856187291,0.40468227424749165,0.3210702341137124,45.86959166804431,45.86959166804431,NQ 2std below 20d mean -> mean-revert long
M6_nq_z20_high_meanrev,xasset,5,-1,336,-1.5431547619047619,-10.375,-50.0,43.8125,0.4107142857142857,0.30654761904761907,0.2261904761904762,0.18154761904761904,-17.34782213192384,17.34782213192384,NQ 2std above 20d mean -> mean-revert short
