date,pnl_pcc,pnl_monday,pnl_gapfade,pnl_combined
2021-01-20,,,-2005.0,-2005.0
2021-01-25,,-1255.0,2950.0,1695.0
2021-02-01,,4080.0,-400.0,3680.0
2021-02-08,,-305.0,,-305.0
2021-02-22,,-2970.0,,-2970.0
2021-03-01,,3120.0,-1605.0,1515.0
2021-03-08,,-5055.0,,-5055.0
2021-03-09,,,-1815.0,-1815.0
2021-03-15,,1490.0,,1490.0
2021-03-22,,3090.0,,3090.0
2021-03-29,,-130.0,,-130.0
2021-04-01,,,-1160.0,-1160.0
2021-04-05,,2975.0,,2975.0
2021-04-09,520.0,,,520.0
2021-04-12,,535.0,,535.0
2021-04-13,420.0,,,420.0
2021-04-14,-545.0,,,-545.0
2021-04-15,-295.0,,-1030.0,-1325.0
2021-04-19,435.0,-1600.0,,-1165.0
2021-04-20,-865.0,,,-865.0
2021-04-21,330.0,,,330.0
2021-04-22,505.0,,,505.0
2021-04-23,35.0,,,35.0
2021-04-26,-560.0,1405.0,,845.0
2021-04-27,-150.0,,,-150.0
2021-04-29,415.0,,2395.0,2810.0
2021-05-03,280.0,-2400.0,,-2120.0
2021-05-04,135.0,,,135.0
2021-05-05,1250.0,,,1250.0
2021-05-07,,,-1050.0,-1050.0
2021-05-10,-270.0,-5135.0,,-5405.0
2021-05-11,570.0,,,570.0
2021-05-12,555.0,,,555.0
2021-05-13,,,-1510.0,-1510.0
2021-05-14,-290.0,,-1840.0,-2130.0
2021-05-17,,-705.0,,-705.0
2021-05-19,1235.0,,,1235.0
2021-05-20,285.0,,,285.0
2021-05-21,-145.0,,,-145.0
2021-05-24,-205.0,2945.0,,2740.0
2021-06-04,-165.0,,,-165.0
2021-06-07,,820.0,,820.0
2021-06-10,-235.0,,,-235.0
2021-06-14,205.0,1405.0,,1610.0
2021-06-15,110.0,,,110.0
2021-06-16,-1620.0,,,-1620.0
2021-06-17,375.0,,,375.0
2021-06-21,-370.0,1155.0,,785.0
2021-06-22,715.0,,,715.0
2021-06-28,90.0,2290.0,,2380.0
2021-07-02,300.0,,,300.0
2021-07-07,265.0,,1980.0,2245.0
2021-07-08,-325.0,,,-325.0
2021-07-09,-155.0,,,-155.0
2021-07-12,,-415.0,,-415.0
2021-07-13,-565.0,,,-565.0
2021-07-14,,,-305.0,-305.0
2021-07-15,125.0,,,125.0
2021-07-16,370.0,,,370.0
2021-07-19,,-960.0,,-960.0
2021-07-20,415.0,,,415.0
2021-07-21,105.0,,,105.0
2021-07-22,55.0,,,55.0
2021-07-23,-165.0,,,-165.0
2021-07-26,,545.0,,545.0
2021-07-27,175.0,,,175.0
2021-07-29,-410.0,,,-410.0
2021-07-30,-105.0,,,-105.0
2021-08-02,,-1810.0,,-1810.0
2021-08-09,,185.0,,185.0
2021-08-10,40.0,,,40.0
2021-08-11,-145.0,,,-145.0
2021-08-12,110.0,,,110.0
2021-08-16,,370.0,,370.0
2021-08-19,700.0,,,700.0
2021-08-20,345.0,,,345.0
2021-08-23,-270.0,3715.0,,3445.0
2021-08-27,45.0,,,45.0
2021-08-30,-140.0,2915.0,,2775.0
2021-09-02,245.0,,,245.0
2021-09-03,-15.0,,,-15.0
2021-09-08,-50.0,,,-50.0
2021-09-10,1175.0,,,1175.0
2021-09-13,-910.0,-2860.0,,-3770.0
2021-09-14,620.0,,,620.0
2021-09-15,420.0,,,420.0
2021-09-16,45.0,,,45.0
2021-09-17,180.0,,,180.0
2021-09-20,-760.0,-2895.0,,-3655.0
2021-09-23,-240.0,,,-240.0
2021-09-24,65.0,,,65.0
2021-09-27,,720.0,,720.0
2021-09-28,720.0,,,720.0
2021-10-04,830.0,-5070.0,,-4240.0
2021-10-05,-550.0,,,-550.0
2021-10-06,240.0,,,240.0
2021-10-11,,-110.0,,-110.0
2021-10-12,35.0,,,35.0
2021-10-14,-180.0,,-1320.0,-1500.0
2021-10-18,255.0,3790.0,,4045.0
2021-10-21,560.0,,,560.0
2021-10-22,175.0,,,175.0
2021-10-25,-75.0,1965.0,,1890.0
2021-10-27,-830.0,,,-830.0
2021-10-28,-65.0,,,-65.0
2021-10-29,-35.0,,,-35.0
2021-11-01,,15.0,,15.0
2021-11-02,80.0,,,80.0
2021-11-03,260.0,,,260.0
2021-11-04,15.0,,,15.0
2021-11-08,,-585.0,,-585.0
2021-11-09,385.0,,,385.0
2021-11-10,-1085.0,,,-1085.0
2021-11-11,190.0,,595.0,785.0
2021-11-12,455.0,,,455.0
2021-11-15,-460.0,-1340.0,,-1800.0
2021-11-16,-140.0,,,-140.0
2021-11-22,410.0,-2890.0,,-2480.0
2021-11-23,30.0,,,30.0
2021-11-24,540.0,,,540.0
2021-11-29,185.0,3340.0,-705.0,2820.0
2021-11-30,515.0,,,515.0
2021-12-01,3135.0,,-505.0,2630.0
2021-12-02,-225.0,,,-225.0
2021-12-03,-770.0,,,-770.0
2021-12-06,330.0,2675.0,,3005.0
2021-12-07,-610.0,,-2915.0,-3525.0
2021-12-09,665.0,,,665.0
2021-12-13,810.0,-3555.0,,-2745.0
2021-12-16,-1070.0,,,-1070.0
2021-12-17,-575.0,,,-575.0
2021-12-20,,300.0,,300.0
2021-12-21,-650.0,,,-650.0
2021-12-22,50.0,,,50.0
2021-12-23,-460.0,,,-460.0
2021-12-27,-85.0,3930.0,,3845.0
2021-12-28,-110.0,,,-110.0
2022-01-03,,1620.0,,1620.0
2022-01-04,-1270.0,,,-1270.0
2022-01-05,1265.0,,,1265.0
2022-01-06,-330.0,,,-330.0
2022-01-07,475.0,,,475.0
2022-01-10,,2895.0,,2895.0
2022-01-11,100.0,,,100.0
2022-01-13,735.0,,,735.0
2022-01-14,1180.0,,,1180.0
2022-01-21,890.0,,,890.0
2022-01-24,,3060.0,,3060.0
2022-01-25,-3500.0,,,-3500.0
2022-01-26,1700.0,,1860.0,3560.0
2022-01-27,235.0,,,235.0
2022-01-31,-855.0,6765.0,,5910.0
2022-02-04,335.0,,,335.0
2022-02-07,,-2665.0,,-2665.0
2022-02-11,20.0,,,20.0
2022-02-14,,1125.0,,1125.0
2022-02-17,795.0,,,795.0
2022-02-23,145.0,,,145.0
2022-02-24,625.0,,,625.0
2022-02-28,,1215.0,,1215.0
2022-03-01,350.0,,,350.0
2022-03-02,490.0,,,490.0
2022-03-03,105.0,,,105.0
2022-03-04,-850.0,,,-850.0
2022-03-07,180.0,-8790.0,,-8610.0
2022-03-09,,,-1235.0,-1235.0
2022-03-14,80.0,-3745.0,,-3665.0
2022-03-15,1180.0,,,1180.0
2022-03-17,-155.0,,,-155.0
2022-03-18,1105.0,,,1105.0
2022-03-21,,-1650.0,,-1650.0
2022-03-22,-40.0,,,-40.0
2022-03-24,1090.0,,,1090.0
2022-03-28,90.0,4145.0,,4235.0
2022-04-04,230.0,4710.0,,4940.0
2022-04-05,965.0,,,965.0
2022-04-11,,-2915.0,,-2915.0
2022-04-12,915.0,,1550.0,2465.0
2022-04-13,740.0,,,740.0
2022-04-14,150.0,,,150.0
2022-04-18,,40.0,,40.0
2022-04-19,1185.0,,,1185.0
2022-04-20,-945.0,,,-945.0
2022-04-21,-160.0,,,-160.0
2022-04-22,-685.0,,,-685.0
2022-04-25,770.0,4365.0,,5135.0
2022-04-26,2440.0,,,2440.0
2022-04-28,205.0,,2130.0,2335.0
2022-04-29,965.0,,,965.0
2022-05-02,,2490.0,,2490.0
2022-05-04,2410.0,,,2410.0
2022-05-05,1905.0,,,1905.0
2022-05-09,1215.0,-5180.0,,-3965.0
2022-05-10,,,4600.0,4600.0
2022-05-11,500.0,,,500.0
2022-05-13,1405.0,,,1405.0
2022-05-16,,-1715.0,,-1715.0
2022-05-18,215.0,,,215.0
2022-05-20,-1735.0,,,-1735.0
2022-05-23,,1895.0,,1895.0
2022-05-25,360.0,,,360.0
2022-05-26,-1030.0,,,-1030.0
2022-05-27,745.0,,,745.0
2022-06-02,30.0,,,30.0
2022-06-06,440.0,-3115.0,,-2675.0
2022-06-07,485.0,,,485.0
2022-06-13,,-3640.0,,-3640.0
2022-06-16,-1390.0,,,-1390.0
2022-06-17,360.0,,,360.0
2022-06-21,-75.0,,,-75.0
2022-06-22,-1405.0,,,-1405.0
2022-06-24,-35.0,,,-35.0
2022-06-27,10.0,-2800.0,,-2790.0
2022-06-28,80.0,,,80.0
2022-07-05,680.0,,,680.0
2022-07-06,315.0,,,315.0
2022-07-07,115.0,,,115.0
2022-07-08,-460.0,,,-460.0
2022-07-11,130.0,-3305.0,,-3175.0
2022-07-12,1470.0,,,1470.0
2022-07-13,-980.0,,,-980.0
2022-07-14,350.0,,,350.0
2022-07-18,40.0,-4780.0,,-4740.0
2022-07-19,90.0,,,90.0
2022-07-20,840.0,,,840.0
2022-07-21,145.0,,,145.0
2022-07-22,-840.0,,,-840.0
2022-07-25,190.0,-2555.0,,-2365.0
2022-07-26,90.0,,,90.0
2022-07-27,2030.0,,-2325.0,-295.0
2022-07-28,145.0,,,145.0
2022-07-29,605.0,,,605.0
2022-08-01,,1050.0,,1050.0
2022-08-03,-135.0,,,-135.0
2022-08-08,-320.0,-1670.0,,-1990.0
2022-08-10,,,190.0,190.0
2022-08-11,-15.0,,,-15.0
2022-08-12,375.0,,,375.0
2022-08-15,410.0,2955.0,,3365.0
2022-08-19,-440.0,,,-440.0
2022-08-22,-80.0,-3990.0,,-4070.0
2022-08-26,420.0,,,420.0
2022-08-29,,1265.0,,1265.0
2022-08-30,-1010.0,,,-1010.0
2022-08-31,-805.0,,,-805.0
2022-09-02,-165.0,,,-165.0
2022-09-06,-240.0,,,-240.0
2022-09-07,580.0,,,580.0
2022-09-09,315.0,,,315.0
2022-09-12,,1775.0,,1775.0
2022-09-13,1205.0,,,1205.0
2022-09-19,1240.0,4005.0,,5245.0
2022-09-21,-4645.0,,,-4645.0
2022-09-23,-1710.0,,,-1710.0
2022-09-26,,-40.0,,-40.0
2022-09-27,570.0,,,570.0
2022-09-28,845.0,,,845.0
2022-09-29,-1095.0,,,-1095.0
2022-10-03,-20.0,4205.0,,4185.0
2022-10-04,-480.0,,-3030.0,-3510.0
2022-10-05,420.0,,,420.0
2022-10-07,740.0,,,740.0
2022-10-10,,-1970.0,,-1970.0
2022-10-13,-320.0,,,-320.0
2022-10-14,180.0,,,180.0
2022-10-17,,2580.0,-945.0,1635.0
2022-10-18,-285.0,,3340.0,3055.0
2022-10-21,1200.0,,,1200.0
2022-10-24,405.0,2355.0,,2760.0
2022-10-25,815.0,,,815.0
2022-10-27,-560.0,,,-560.0
2022-10-28,140.0,,,140.0
2022-10-31,,-390.0,,-390.0
2022-11-01,550.0,,,550.0
2022-11-02,2585.0,,,2585.0
2022-11-04,-590.0,,870.0,280.0
2022-11-07,,1680.0,,1680.0
2022-11-09,-700.0,,,-700.0
2022-11-10,1035.0,,-1720.0,-685.0
2022-11-11,-800.0,,,-800.0
2022-11-14,,475.0,,475.0
2022-11-15,,,900.0,900.0
2022-11-17,-930.0,,,-930.0
2022-11-18,-835.0,,,-835.0
2022-11-21,,-1355.0,,-1355.0
2022-11-23,110.0,,,110.0
2022-11-28,,-2070.0,,-2070.0
2022-11-29,-110.0,,,-110.0
2022-11-30,1555.0,,,1555.0
2022-12-02,425.0,,,425.0
2022-12-05,125.0,-2900.0,,-2775.0
2022-12-06,485.0,,,485.0
2022-12-13,-145.0,,3925.0,3780.0
2022-12-14,-100.0,,,-100.0
2022-12-15,-255.0,,,-255.0
2022-12-16,-810.0,,,-810.0
2022-12-19,220.0,-4195.0,,-3975.0
2022-12-21,-340.0,,,-340.0
2022-12-22,-1035.0,,,-1035.0
2022-12-27,-355.0,,,-355.0
2022-12-28,535.0,,,535.0
2022-12-29,315.0,,,315.0
2023-01-03,-165.0,,,-165.0
2023-01-06,-180.0,,,-180.0
2023-01-09,,180.0,,180.0
2023-01-10,-175.0,,,-175.0
2023-01-11,390.0,,,390.0
2023-01-13,595.0,,,595.0
2023-01-18,110.0,,,110.0
2023-01-20,540.0,,,540.0
2023-01-23,235.0,4055.0,,4290.0
2023-01-25,110.0,,,110.0
2023-01-26,,,1995.0,1995.0
2023-01-27,300.0,,,300.0
2023-01-30,545.0,-1760.0,,-1215.0
2023-01-31,-685.0,,,-685.0
2023-02-01,1700.0,,,1700.0
2023-02-02,,,-2365.0,-2365.0
2023-02-06,,-70.0,,-70.0
2023-02-07,920.0,,,920.0
2023-02-08,620.0,,,620.0
2023-02-09,1250.0,,1420.0,2670.0
2023-02-13,325.0,2810.0,,3135.0
2023-02-14,110.0,,,110.0
2023-02-15,40.0,,,40.0
2023-02-16,-2790.0,,,-2790.0
2023-02-21,305.0,,,305.0
2023-02-23,,,2825.0,2825.0
2023-02-27,,-1335.0,,-1335.0
2023-03-01,65.0,,,65.0
2023-03-02,325.0,,,325.0
2023-03-03,10.0,,,10.0
2023-03-06,,-695.0,,-695.0
2023-03-07,-205.0,,,-205.0
2023-03-09,1520.0,,,1520.0
2023-03-10,325.0,,,325.0
2023-03-13,-1585.0,4785.0,,3200.0
2023-03-15,15.0,,,15.0
2023-03-16,725.0,,,725.0
2023-03-17,-720.0,,,-720.0
2023-03-20,,910.0,,910.0
2023-03-23,,,-2850.0,-2850.0
2023-03-27,,-2040.0,,-2040.0
2023-03-28,-95.0,,,-95.0
2023-03-31,990.0,,,990.0
2023-04-03,,990.0,,990.0
2023-04-04,0.0,,,0.0
2023-04-05,355.0,,,355.0
2023-04-06,50.0,,,50.0
2023-04-10,-450.0,1865.0,,1415.0
2023-04-12,965.0,,,965.0
2023-04-13,205.0,,,205.0
2023-04-17,,200.0,,200.0
2023-04-18,-280.0,,,-280.0
2023-04-19,-140.0,,,-140.0
2023-04-24,,-545.0,,-545.0
2023-04-25,-70.0,,,-70.0
2023-04-26,-130.0,,-25.0,-155.0
2023-04-27,75.0,,-955.0,-880.0
2023-04-28,15.0,,,15.0
2023-05-01,,10.0,,10.0
2023-05-02,55.0,,,55.0
2023-05-05,-165.0,,-2525.0,-2690.0
2023-05-08,-425.0,970.0,,545.0
2023-05-10,,,910.0,910.0
2023-05-12,-325.0,,,-325.0
2023-05-15,,770.0,,770.0
2023-05-16,-15.0,,,-15.0
2023-05-17,160.0,,,160.0
2023-05-18,585.0,,,585.0
2023-05-22,-370.0,800.0,,430.0
2023-05-23,15.0,,,15.0
2023-05-25,,,515.0,515.0
2023-05-26,135.0,,,135.0
2023-05-30,130.0,,1200.0,1330.0
2023-06-01,-460.0,,,-460.0
2023-06-05,,585.0,,585.0
2023-06-07,315.0,,,315.0
2023-06-08,65.0,,,65.0
2023-06-12,400.0,3090.0,,3490.0
2023-06-15,-425.0,,,-425.0
2023-06-16,340.0,,,340.0
2023-06-22,-625.0,,,-625.0
2023-06-26,185.0,-2675.0,,-2490.0
2023-06-27,535.0,,,535.0
2023-06-28,-415.0,,,-415.0
2023-06-30,105.0,,-1655.0,-1550.0
2023-07-05,185.0,,,185.0
2023-07-07,-975.0,,,-975.0
2023-07-10,,-265.0,,-265.0
2023-07-12,,,-590.0,-590.0
2023-07-13,690.0,,-660.0,30.0
2023-07-17,800.0,2520.0,,3320.0
2023-07-18,70.0,,,70.0
2023-07-20,1060.0,,,1060.0
2023-07-21,430.0,,,430.0
2023-07-24,,-645.0,,-645.0
2023-07-25,220.0,,,220.0
2023-07-27,-495.0,,1260.0,765.0
2023-07-28,-435.0,,-1720.0,-2155.0
2023-07-31,,-960.0,,-960.0
2023-08-02,1090.0,,,1090.0
2023-08-03,-720.0,,,-720.0
2023-08-04,-105.0,,,-105.0
2023-08-07,,410.0,,410.0
2023-08-09,445.0,,,445.0
2023-08-10,,,-615.0,-615.0
2023-08-14,165.0,3680.0,,3845.0
2023-08-17,275.0,,,275.0
2023-08-18,115.0,,,115.0
2023-08-21,135.0,3915.0,,4050.0
2023-08-22,35.0,,,35.0
2023-08-23,405.0,,,405.0
2023-08-24,715.0,,5875.0,6590.0
2023-08-25,325.0,,,325.0
2023-08-28,,-575.0,,-575.0
2023-08-29,425.0,,,425.0
2023-08-30,-310.0,,,-310.0
2023-09-01,-470.0,,,-470.0
2023-09-05,-720.0,,,-720.0
2023-09-06,230.0,,,230.0
2023-09-07,-100.0,,,-100.0
2023-09-11,,1240.0,,1240.0
2023-09-12,145.0,,,145.0
2023-09-15,-505.0,,,-505.0
2023-09-18,,640.0,,640.0
2023-09-20,865.0,,,865.0
2023-09-25,,1390.0,,1390.0
2023-09-26,595.0,,,595.0
2023-09-28,1315.0,,,1315.0
2023-09-29,460.0,,125.0,585.0
2023-10-02,,1350.0,,1350.0
2023-10-03,630.0,,,630.0
2023-10-04,900.0,,,900.0
2023-10-06,275.0,,,275.0
2023-10-09,-130.0,3415.0,,3285.0
2023-10-12,-455.0,,,-455.0
2023-10-13,445.0,,,445.0
2023-10-16,240.0,2670.0,,2910.0
2023-10-19,-95.0,,,-95.0
2023-10-20,190.0,,,190.0
2023-10-23,-840.0,2430.0,,1590.0
2023-10-25,-245.0,,,-245.0
2023-10-26,1020.0,,,1020.0
2023-10-27,-660.0,,,-660.0
2023-10-30,,1440.0,,1440.0
2023-11-01,1390.0,,,1390.0
2023-11-02,,,-660.0,-660.0
2023-11-03,-365.0,,,-365.0
2023-11-06,,-135.0,,-135.0
2023-11-07,185.0,,,185.0
2023-11-09,15.0,,,15.0
2023-11-10,400.0,,,400.0
2023-11-13,,605.0,,605.0
2023-11-14,365.0,,-1060.0,-695.0
2023-11-20,200.0,4060.0,,4260.0
2023-11-27,,690.0,,690.0
2023-11-29,830.0,,,830.0
2023-11-30,805.0,,,805.0
2023-12-01,-15.0,,,-15.0
2023-12-04,,-30.0,,-30.0
2023-12-05,-80.0,,,-80.0
2023-12-06,770.0,,1935.0,2705.0
2023-12-07,335.0,,-1395.0,-1060.0
2023-12-08,-120.0,,,-120.0
2023-12-11,-170.0,2955.0,,2785.0
2023-12-12,285.0,,,285.0
2023-12-13,-1115.0,,,-1115.0
2023-12-14,55.0,,,55.0
2023-12-18,150.0,2105.0,,2255.0
2023-12-20,950.0,,,950.0
2023-12-21,,,910.0,910.0
2024-01-02,175.0,,,175.0
2024-01-08,-140.0,5440.0,,5300.0
2024-01-09,-60.0,,,-60.0
2024-01-10,-885.0,,,-885.0
2024-01-18,105.0,,-1020.0,-915.0
2024-01-19,-5.0,,,-5.0
2024-01-22,,-1275.0,,-1275.0
2024-01-24,,,-875.0,-875.0
2024-01-25,135.0,,,135.0
2024-01-29,1505.0,2955.0,,4460.0
2024-01-30,-205.0,,,-205.0
2024-02-01,65.0,,,65.0
2024-02-02,10.0,,,10.0
2024-02-05,,-350.0,,-350.0
2024-02-06,10.0,,,10.0
2024-02-07,45.0,,,45.0
2024-02-09,-295.0,,,-295.0
2024-02-12,-520.0,-1155.0,,-1675.0
2024-02-16,0.0,,,0.0
2024-02-20,-305.0,,,-305.0
2024-02-21,-375.0,,,-375.0
2024-02-22,225.0,,-260.0,-35.0
2024-02-23,820.0,,,820.0
2024-02-26,,-485.0,,-485.0
2024-03-01,-460.0,,,-460.0
2024-03-04,,-865.0,,-865.0
2024-03-05,285.0,,,285.0
2024-03-06,120.0,,645.0,765.0
2024-03-07,-425.0,,-1320.0,-1745.0
2024-03-08,1790.0,,,1790.0
2024-03-11,,210.0,,210.0
2024-03-12,215.0,,,215.0
2024-03-14,1050.0,,,1050.0
2024-03-18,,-295.0,-1360.0,-1655.0
2024-03-19,-695.0,,,-695.0
2024-03-20,1190.0,,,1190.0
2024-03-21,-275.0,,895.0,620.0
2024-03-25,-760.0,1885.0,,1125.0
2024-03-27,-355.0,,,-355.0
2024-04-01,,-430.0,,-430.0
2024-04-03,-1320.0,,,-1320.0
2024-04-04,2120.0,,920.0,3040.0
2024-04-05,240.0,,,240.0
2024-04-08,,-765.0,,-765.0
2024-04-09,-1565.0,,,-1565.0
2024-04-11,400.0,,,400.0
2024-04-12,-155.0,,,-155.0
2024-04-15,545.0,-9275.0,3235.0,-5495.0
2024-04-17,790.0,,,790.0
2024-04-18,-590.0,,,-590.0
2024-04-19,-515.0,,,-515.0
2024-04-22,-435.0,1205.0,,770.0
2024-04-23,-455.0,,,-455.0
2024-04-24,-1155.0,,,-1155.0
2024-04-25,1395.0,,,1395.0
2024-04-26,420.0,,,420.0
2024-04-29,,-1370.0,,-1370.0
2024-04-30,-245.0,,,-245.0
2024-05-01,-875.0,,,-875.0
2024-05-03,,,570.0,570.0
2024-05-06,,1565.0,,1565.0
2024-05-08,230.0,,,230.0
2024-05-13,,-635.0,,-635.0
2024-05-14,160.0,,,160.0
2024-05-15,220.0,,,220.0
2024-05-20,630.0,2335.0,,2965.0
2024-05-21,75.0,,,75.0
2024-05-22,-245.0,,,-245.0
2024-05-23,-395.0,,3430.0,3035.0
2024-05-24,-165.0,,,-165.0
2024-05-29,400.0,,,400.0
2024-05-30,680.0,,,680.0
2024-05-31,-1205.0,,,-1205.0
2024-06-03,-610.0,-2835.0,2520.0,-925.0
2024-06-04,-865.0,,,-865.0
2024-06-05,-35.0,,-1450.0,-1485.0
2024-06-10,745.0,2170.0,,2915.0
2024-06-11,-360.0,,,-360.0
2024-06-12,-1095.0,,-2025.0,-3120.0
2024-06-13,,,1505.0,1505.0
2024-06-14,110.0,,,110.0
2024-06-17,470.0,5500.0,,5970.0
2024-06-20,-330.0,,,-330.0
2024-06-24,-320.0,-2245.0,,-2565.0
2024-06-25,610.0,,,610.0
2024-07-01,,1095.0,,1095.0
2024-07-02,25.0,,,25.0
2024-07-05,225.0,,,225.0
2024-07-08,,65.0,,65.0
2024-07-10,-120.0,,,-120.0
2024-07-11,565.0,,,565.0
2024-07-12,-710.0,,,-710.0
2024-07-15,,-965.0,,-965.0
2024-07-17,-580.0,,,-580.0
2024-07-18,400.0,,,400.0
2024-07-19,-1010.0,,,-1010.0
2024-07-22,,1305.0,-65.0,1240.0
2024-07-24,550.0,,,550.0
2024-07-29,,-605.0,,-605.0
2024-07-30,265.0,,,265.0
2024-07-31,-2295.0,,-1460.0,-3755.0
2024-08-01,-1825.0,,,-1825.0
2024-08-02,-960.0,,,-960.0
2024-08-05,1400.0,7880.0,,9280.0
2024-08-06,-1030.0,,,-1030.0
2024-08-07,-1235.0,,-1030.0,-2265.0
2024-08-08,-975.0,,,-975.0
2024-08-12,,-710.0,,-710.0
2024-08-13,-455.0,,,-455.0
2024-08-15,-30.0,,,-30.0
2024-08-19,275.0,3520.0,,3795.0
2024-08-22,640.0,,,640.0
2024-08-26,535.0,-4155.0,,-3620.0
2024-08-27,-190.0,,,-190.0
2024-08-28,-515.0,,,-515.0
2024-09-03,240.0,,,240.0
2024-09-06,-665.0,,,-665.0
2024-09-09,,545.0,,545.0
2024-09-11,1495.0,,,1495.0
2024-09-12,-95.0,,,-95.0
2024-09-16,,110.0,,110.0
2024-09-17,-280.0,,,-280.0
2024-09-19,,,-175.0,-175.0
2024-09-23,,-375.0,,-375.0
2024-09-26,-230.0,,5940.0,5710.0
2024-09-27,115.0,,,115.0
2024-09-30,,115.0,,115.0
2024-10-01,280.0,,,280.0
2024-10-04,,,2035.0,2035.0
2024-10-07,-540.0,-3440.0,,-3980.0
2024-10-08,295.0,,,295.0
2024-10-09,0.0,,,0.0
2024-10-11,305.0,,,305.0
2024-10-14,,1935.0,,1935.0
2024-10-15,765.0,,,765.0
2024-10-17,990.0,,3475.0,4465.0
2024-10-21,,715.0,,715.0
2024-10-22,545.0,,,545.0
2024-10-23,-265.0,,,-265.0
2024-10-24,,,1125.0,1125.0
2024-10-28,-290.0,-2090.0,,-2380.0
2024-10-29,915.0,,,915.0
2024-10-31,-625.0,,,-625.0
2024-11-01,-210.0,,,-210.0
2024-11-04,,-415.0,,-415.0
2024-11-05,760.0,,,760.0
2024-11-06,325.0,,-575.0,-250.0
2024-11-07,30.0,,,30.0
2024-11-11,-420.0,-1745.0,,-2165.0
2024-11-15,-455.0,,,-455.0
2024-11-18,,1620.0,,1620.0
2024-11-19,200.0,,,200.0
2024-11-20,-1005.0,,,-1005.0
2024-11-25,70.0,-3110.0,2380.0,-660.0
2024-11-27,105.0,,,105.0
2024-12-02,355.0,3575.0,,3930.0
2024-12-03,-5.0,,,-5.0
2024-12-04,175.0,,,175.0
2024-12-06,230.0,,,230.0
2024-12-09,570.0,-3325.0,,-2755.0
2024-12-10,785.0,,,785.0
2024-12-11,300.0,,-2275.0,-1975.0
2024-12-13,,,2090.0,2090.0
2024-12-18,3735.0,,,3735.0
2024-12-19,-465.0,,2300.0,1835.0
2024-12-20,-1025.0,,,-1025.0
2024-12-23,,2270.0,,2270.0
2024-12-27,1050.0,,,1050.0
2024-12-30,,1410.0,,1410.0
2024-12-31,-1045.0,,,-1045.0
2025-01-02,-1790.0,,,-1790.0
2025-01-03,-155.0,,,-155.0
2025-01-06,,-225.0,,-225.0
2025-01-07,1800.0,,,1800.0
2025-01-13,-375.0,2655.0,,2280.0
2025-01-14,545.0,,,545.0
2025-01-15,345.0,,-1295.0,-950.0
2025-01-17,,,1125.0,1125.0
2025-01-22,-485.0,,,-485.0
2025-01-24,45.0,,,45.0
2025-01-27,,2090.0,,2090.0
2025-01-28,-20.0,,,-20.0
2025-02-03,-660.0,4560.0,,3900.0
2025-02-04,-250.0,,,-250.0
2025-02-05,635.0,,,635.0
2025-02-07,565.0,,,565.0
2025-02-10,,1875.0,,1875.0
2025-02-12,-320.0,,,-320.0
2025-02-13,590.0,,,590.0
2025-02-21,-340.0,,,-340.0
2025-02-24,660.0,-4795.0,,-4135.0
2025-02-25,-605.0,,,-605.0
2025-02-26,-1080.0,,,-1080.0
2025-02-27,2780.0,,,2780.0
2025-02-28,1165.0,,,1165.0
2025-03-03,4330.0,-14130.0,,-9800.0
2025-03-04,985.0,,,985.0
2025-03-05,645.0,,,645.0
2025-03-06,-1165.0,,,-1165.0
2025-03-07,655.0,,,655.0
2025-03-10,-2000.0,-9605.0,,-11605.0
2025-03-11,-1790.0,,,-1790.0
2025-03-12,,,4275.0,4275.0
2025-03-13,1885.0,,,1885.0
2025-03-14,-100.0,,,-100.0
2025-03-17,-445.0,4315.0,,3870.0
2025-03-19,-1465.0,,,-1465.0
2025-03-21,-400.0,,,-400.0
2025-03-24,,2315.0,-1885.0,430.0
2025-03-26,-180.0,,,-180.0
2025-03-28,380.0,,,380.0
2025-03-31,355.0,5385.0,,5740.0
2025-04-02,1540.0,,,1540.0
2025-04-04,-2215.0,,,-2215.0
2025-04-07,-1915.0,11085.0,,9170.0
2025-04-08,3580.0,,720.0,4300.0
2025-04-09,7225.0,,,7225.0
2025-04-10,2370.0,,,2370.0
2025-04-11,1690.0,,,1690.0
2025-04-14,,-3505.0,,-3505.0
2025-04-16,1635.0,,,1635.0
2025-04-21,-1430.0,-5825.0,,-7255.0
2025-04-23,,,-2210.0,-2210.0
2025-04-24,-1100.0,,,-1100.0
2025-04-28,,-465.0,,-465.0
2025-05-01,,,-2045.0,-2045.0
2025-05-05,,2105.0,,2105.0
2025-05-06,-115.0,,,-115.0
2025-05-12,,-915.0,2900.0,1985.0
2025-05-13,-150.0,,,-150.0
2025-05-19,-800.0,4920.0,,4120.0
2025-05-22,385.0,,,385.0
2025-05-23,-510.0,,,-510.0
2025-05-27,-95.0,,,-95.0
2025-05-29,-185.0,,3045.0,2860.0
2025-06-02,245.0,4335.0,,4580.0
2025-06-03,10.0,,,10.0
2025-06-05,2175.0,,,2175.0
2025-06-06,,,-485.0,-485.0
2025-06-09,,840.0,,840.0
2025-06-10,300.0,,,300.0
2025-06-11,145.0,,,145.0
2025-06-12,-25.0,,,-25.0
2025-06-16,-50.0,2895.0,,2845.0
2025-06-20,-55.0,,4990.0,4935.0
2025-06-23,360.0,3445.0,,3805.0
2025-06-24,-115.0,,-680.0,-795.0
2025-06-26,50.0,,,50.0
2025-06-30,,285.0,,285.0
2025-07-02,-115.0,,,-115.0
2025-07-07,,-1870.0,,-1870.0
2025-07-14,-235.0,1685.0,,1450.0
2025-07-15,-100.0,,1930.0,1830.0
2025-07-17,105.0,,,105.0
2025-07-18,-185.0,,,-185.0
2025-07-21,-480.0,1920.0,,1440.0
2025-07-22,200.0,,,200.0
2025-07-25,-90.0,,,-90.0
2025-07-28,,-125.0,,-125.0
2025-07-29,355.0,,,355.0
2025-07-30,205.0,,,205.0
2025-07-31,865.0,,4065.0,4930.0
2025-08-01,-185.0,,,-185.0
2025-08-04,85.0,3400.0,-2385.0,1100.0
2025-08-05,-535.0,,,-535.0
2025-08-06,285.0,,,285.0
2025-08-07,230.0,,1210.0,1440.0
2025-08-08,-110.0,,,-110.0
2025-08-11,,-1345.0,,-1345.0
2025-08-12,290.0,,,290.0
2025-08-13,-100.0,,,-100.0
2025-08-15,50.0,,,50.0
2025-08-18,,495.0,,495.0
2025-08-19,-60.0,,,-60.0
2025-08-20,-1515.0,,,-1515.0
2025-08-22,-260.0,,,-260.0
2025-08-25,,955.0,,955.0
2025-08-28,-250.0,,,-250.0
2025-08-29,-125.0,,,-125.0
2025-09-02,840.0,,,840.0
2025-09-04,135.0,,,135.0
2025-09-05,-595.0,,6540.0,5945.0
2025-09-08,,20.0,,20.0
2025-09-10,1020.0,,,1020.0
2025-09-12,-625.0,,,-625.0
2025-09-15,0.0,2075.0,,2075.0
2025-09-17,-2775.0,,,-2775.0
2025-09-18,,,-1195.0,-1195.0
2025-09-22,45.0,3480.0,,3525.0
2025-09-23,-250.0,,,-250.0
2025-09-24,315.0,,,315.0
2025-09-29,,-575.0,,-575.0
2025-10-01,0.0,,,0.0
2025-10-02,,,2805.0,2805.0
2025-10-03,90.0,,,90.0
2025-10-06,,-145.0,1265.0,1120.0
2025-10-07,315.0,,,315.0
2025-10-08,810.0,,,810.0
2025-10-09,-620.0,,,-620.0
2025-10-10,1155.0,,,1155.0
2025-10-13,,2160.0,1385.0,3545.0
2025-10-14,-35.0,,,-35.0
2025-10-15,,,-2135.0,-2135.0
2025-10-16,1275.0,,,1275.0
2025-10-17,540.0,,,540.0
2025-10-20,-115.0,3840.0,,3725.0
2025-10-22,-1060.0,,,-1060.0
2025-10-23,-20.0,,,-20.0
2025-10-27,,2255.0,-720.0,1535.0
2025-10-28,580.0,,,580.0
2025-10-30,1175.0,,,1175.0
2025-10-31,-1525.0,,430.0,-1095.0
2025-11-03,,-2790.0,3090.0,300.0
2025-11-04,-325.0,,,-325.0
2025-11-05,-600.0,,,-600.0
2025-11-06,1005.0,,,1005.0
2025-11-10,155.0,3980.0,200.0,4335.0
2025-11-12,-590.0,,,-590.0
2025-11-13,-470.0,,,-470.0
2025-11-14,-1815.0,,,-1815.0
2025-11-17,-850.0,-4040.0,,-4890.0
2025-11-20,1945.0,,1060.0,3005.0
2025-11-21,-1345.0,,,-1345.0
2025-11-24,380.0,8550.0,,8930.0
2025-12-01,,3110.0,,3110.0
2025-12-08,-410.0,-3435.0,,-3845.0
2025-12-10,-10.0,,,-10.0
2025-12-12,660.0,,,660.0
2025-12-15,560.0,-6190.0,,-5630.0
2025-12-17,390.0,,,390.0
2025-12-18,,,-1835.0,-1835.0
2025-12-19,260.0,,,260.0
2025-12-22,,-1710.0,2050.0,340.0
2025-12-23,-5.0,,,-5.0
2025-12-29,,870.0,,870.0
2025-12-31,1170.0,,,1170.0
2026-01-02,-700.0,,6080.0,5380.0
2026-01-05,,-800.0,-565.0,-1365.0
2026-01-06,10.0,,,10.0
2026-01-07,-910.0,,,-910.0
2026-01-08,-880.0,,,-880.0
2026-01-09,290.0,,,290.0
2026-01-12,-475.0,4325.0,,3850.0
2026-01-13,720.0,,,720.0
2026-01-14,-1295.0,,,-1295.0
2026-01-15,675.0,,870.0,1545.0
2026-01-16,25.0,,,25.0
2026-01-21,-3110.0,,,-3110.0
2026-01-22,,,2125.0,2125.0
2026-01-23,-810.0,,,-810.0
2026-01-26,30.0,2560.0,,2590.0
2026-01-29,-100.0,,,-100.0
2026-01-30,1285.0,,,1285.0
2026-02-02,315.0,5765.0,,6080.0
2026-02-03,-420.0,,,-420.0
2026-02-04,1020.0,,,1020.0
2026-02-06,950.0,,,950.0
2026-02-09,-655.0,5960.0,,5305.0
2026-02-12,1865.0,,,1865.0
2026-02-20,-45.0,,,-45.0
2026-02-23,-360.0,-5050.0,,-5410.0
2026-02-24,-465.0,,,-465.0
2026-02-25,-50.0,,,-50.0
2026-02-26,645.0,,,645.0
2026-03-02,-2320.0,7185.0,,4865.0
2026-03-03,-85.0,,,-85.0
2026-03-04,-770.0,,,-770.0
2026-03-09,5830.0,10590.0,,16420.0
2026-03-12,-355.0,,,-355.0
2026-03-13,1395.0,,,1395.0
2026-03-16,,30.0,,30.0
2026-03-18,430.0,,,430.0
2026-03-20,695.0,,,695.0
2026-03-23,,215.0,-2570.0,-2355.0
2026-03-26,825.0,,,825.0
2026-03-27,190.0,,,190.0
2026-03-30,1710.0,-8470.0,,-6760.0
2026-03-31,470.0,,,470.0
2026-04-02,100.0,,,100.0
2026-04-06,,1400.0,,1400.0
2026-04-08,-190.0,,4585.0,4395.0
2026-04-13,220.0,4700.0,,4920.0
2026-04-14,1405.0,,,1405.0
2026-04-15,625.0,,,625.0
2026-04-20,,-1800.0,,-1800.0
2026-04-22,,,-1705.0,-1705.0
2026-04-23,-1095.0,,,-1095.0
2026-04-24,205.0,,-1830.0,-1625.0
2026-04-27,,340.0,,340.0
2026-05-01,1450.0,,,1450.0
2026-05-04,,-1710.0,,-1710.0
2026-05-05,-45.0,,-1980.0,-2025.0
2026-05-06,1070.0,,-3345.0,-2275.0
2026-05-08,420.0,,,420.0
2026-05-11,,1330.0,,1330.0
2026-05-12,-1785.0,,,-1785.0
2026-05-13,1020.0,,,1020.0
2026-05-14,-260.0,,,-260.0
2026-05-18,-1690.0,-5420.0,,-7110.0
2026-05-20,780.0,,,780.0
2026-05-28,205.0,,,205.0
2026-06-01,-25.0,4550.0,,4525.0
2026-06-04,720.0,,,720.0
2026-06-05,540.0,,,540.0
2026-06-08,,-1690.0,-3160.0,-4850.0
2026-06-09,2305.0,,9615.0,11920.0
2026-06-10,1060.0,,,1060.0
2026-06-11,3130.0,,,3130.0
2026-06-15,-570.0,4395.0,,3825.0
