date,cls,direction,price,first_touch_utc,K,spread_put,spread_call,rspread_put,rspread_call,imb_put,imb_call,depth_put,depth_call,depth_ratio,intens,intens_ratio,dspread_otm,iv_put,iv_call,iv_gap,iv_kink
2026-01-26,broken,lower,25871.5,2026-01-26T20:00,626,0.01,0.01,0.0317,0.0157,0.2441,-0.0741,254,108,0.105,62,1.0,0.0,0.1713,0.1713,0.0,-0.0053
2026-01-26,broken,lower,25879.0,2026-01-26T19:54,626,0.01,0.01,0.0408,0.0129,-0.3041,0.9429,365,35,0.173,62,1.0,0.0,0.1665,0.1625,0.004,-0.0051
2026-01-26,broken,lower,25889.0,2026-01-26T19:21,627,0.01,0.01,0.0171,0.0247,0.2449,-0.6226,98,106,0.081,62,1.0,-0.0,0.1443,0.1414,0.0029,-0.01
2026-01-26,broken,lower,25899.08,2026-01-26T17:31,627,0.01,0.01,0.0131,0.0142,0.0289,-0.1889,173,180,0.253,62,1.0,0.0,0.1488,0.1458,0.003,-0.0045
2026-01-26,rejected,lower,25704.2,2026-01-26T14:30,622,,,,,,,,,,0,,,,,,
2026-01-26,rejected,lower,25851.15,2026-01-26T16:20,626,0.01,0.01,0.0101,0.0107,0.5385,-0.9753,208,81,0.27,62,1.0,-0.01,0.1674,0.1674,0.0,-0.0019
2026-01-26,rejected,lower,25858.5,2026-01-26T16:19,626,0.01,0.01,0.0107,0.0102,-0.2143,0.3333,84,132,0.232,62,1.0,-0.0,0.1671,0.1653,0.0018,-0.0031
2026-01-26,rejected,lower,25874.85,2026-01-26T18:00,626,0.01,0.02,0.0198,0.0187,0.6198,-0.1095,505,137,0.454,62,1.0,0.0,0.1635,0.1624,0.0011,-0.0031
2026-01-26,broken,upper,25762.8,2026-01-26T14:31,624,0.06,0.01,0.0238,0.0107,0.5385,-0.931,65,29,0.47,2,1.0,,0.2377,0.2369,0.0008,-0.0006
2026-01-26,broken,upper,25769.0,2026-01-26T14:33,624,0.03,0.01,0.0156,0.0077,0.92,-0.418,25,189,0.423,6,1.0,,0.2347,0.2362,-0.0015,0.0002
2026-01-26,broken,upper,25775.8,2026-01-26T14:34,624,0.03,0.02,0.0167,0.0154,-0.5556,-0.2545,54,110,0.631,8,1.0,,0.228,0.2273,0.0007,-0.0006
2026-01-26,broken,upper,25786.5,2026-01-26T14:35,624,0.01,0.01,0.0059,0.0073,-0.8,-0.5714,70,42,0.306,10,1.0,,0.2256,0.2271,-0.0015,-0.0007
2026-01-26,broken,upper,25797.8,2026-01-26T14:36,624,0.02,0.01,0.0132,0.0063,0.2727,0.8571,99,70,0.604,12,1.0,,0.231,0.2273,0.0037,-0.0011
2026-01-26,broken,upper,25834.0,2026-01-26T14:45,625,0.01,0.01,0.0067,0.0078,-0.1183,0.9231,93,78,0.388,30,1.0,,0.2084,0.2069,0.0015,-0.0026
2026-01-26,broken,upper,25860.9,2026-01-26T15:17,626,0.01,0.01,0.0068,0.0127,0.7059,-0.7895,68,190,0.286,62,1.0,-0.01,0.1709,0.1725,-0.0016,-0.0009
2026-01-26,broken,upper,25906.72,2026-01-26T16:25,627,0.01,0.01,0.009,0.0142,-0.1376,-0.2316,109,177,0.267,62,1.0,-0.01,0.1565,0.1565,0.0,-0.0026
2026-01-26,rejected,upper,25760.5,2026-01-26T14:30,623,,,,,,,,,,0,,,,,,
2026-01-26,rejected,upper,25767.5,2026-01-26T14:32,624,0.03,0.02,0.0156,0.0155,-0.3559,-0.1667,59,132,1.099,4,1.0,,0.2365,0.2335,0.003,-0.0001
2026-01-26,rejected,upper,25827.0,2026-01-26T14:41,625,0.02,0.01,0.0114,0.0092,0.1951,0.8444,82,90,0.432,22,1.0,,0.2091,0.2084,0.0007,-0.0017
2026-01-26,rejected,upper,25851.65,2026-01-26T14:57,626,0.02,0.01,0.012,0.0114,0.0707,-0.6304,99,579,1.067,54,1.0,,0.1877,0.1869,0.0008,-0.0025
2026-01-26,rejected,upper,25884.65,2026-01-26T15:20,626,0.01,0.01,0.0095,0.0088,-0.4365,0.6491,181,57,0.359,62,1.0,-0.02,0.1723,0.1723,0.0,-0.001
2026-01-26,rejected,upper,25895.93,2026-01-26T15:52,627,0.01,0.01,0.0075,0.015,0.0,-0.9877,86,163,0.239,62,1.0,0.0,0.1585,0.1585,0.0,-0.0019
2026-01-26,rejected,upper,25913.17,2026-01-26T19:10,627,0.01,0.01,0.019,0.0202,-0.949,0.0417,157,192,0.117,62,1.0,0.0,0.1423,0.1395,0.0028,-0.0096
2026-01-26,rejected,upper,25929.34,2026-01-26T16:31,627,0.01,0.01,0.0113,0.0109,-0.7574,-0.034,544,147,0.914,62,1.0,0.0,0.159,0.159,0.0,-0.0025
2026-01-26,placebo,lower,25787.96,2026-01-26T14:30,624,,,,,,,,,,0,,,,,,
2026-01-26,placebo,lower,25605.01,2026-01-26T14:30,620,,,,,,,,,,0,,,,,,
2026-01-26,placebo,lower,25749.33,2026-01-26T16:20,623,0.01,0.06,0.0308,0.0183,0.9108,-0.0968,762,62,0.864,62,1.0,0.0,0.2258,0.2271,-0.0013,0.0002
2026-01-26,placebo,lower,25968.97,2026-01-26T16:20,628,0.06,0.01,0.0265,0.0488,0.3391,-0.8133,115,664,0.383,62,1.0,-0.0,0.1502,0.1516,-0.0014,-0.0027
2026-01-26,placebo,lower,25751.83,2026-01-26T16:19,623,0.01,0.06,0.0317,0.0179,-0.4533,0.225,911,80,1.048,62,1.0,0.0,0.2285,0.2244,0.0041,0.0001
2026-01-26,placebo,lower,25922.97,2026-01-26T16:19,627,0.02,0.01,0.0139,0.0206,0.1954,0.9887,87,177,0.218,62,1.0,0.0,0.1544,0.1516,0.0028,-0.0052
2026-01-26,placebo,lower,25968.07,2026-01-26T18:00,628,0.03,0.01,0.0188,0.0606,0.4615,-0.3674,78,705,0.348,62,1.0,0.0,0.1386,0.1386,0.0,-0.0087
2026-01-26,placebo,lower,25816.64,2026-01-26T18:00,625,0.01,0.04,0.0339,0.0214,0.1292,-0.0541,356,74,0.304,62,1.0,0.0,0.1866,0.188,-0.0014,-0.0009
2026-01-26,placebo,upper,25679.15,2026-01-26T14:30,622,,,,,,,,,,0,,,,,,
2026-01-26,placebo,upper,25680.84,2026-01-26T14:30,622,,,,,,,,,,0,,,,,,
2026-01-26,placebo,upper,25716.71,2026-01-26T14:32,622,0.01,0.02,0.0087,0.008,-0.9459,-0.8462,37,13,0.286,4,1.0,,0.2594,0.2548,0.0046,0.0009
2026-01-26,placebo,upper,25849.75,2026-01-26T14:32,626,0.09,0.02,0.0286,0.0392,0.1795,-0.2069,39,232,0.679,4,1.0,,0.2194,0.2156,0.0038,-0.0006
2026-01-26,placebo,upper,25749.03,2026-01-26T14:41,623,0.01,0.02,0.01,0.0086,-0.1261,-0.0213,222,47,0.912,22,1.0,,0.2368,0.2344,0.0024,0.0
2026-01-26,placebo,upper,25873.96,2026-01-26T14:41,626,0.04,0.01,0.017,0.015,-0.5,0.558,60,181,0.444,22,1.0,,0.2022,0.1997,0.0025,-0.0021
2026-01-26,placebo,upper,25798.26,2026-01-26T14:57,624,0.01,0.02,0.0113,0.0095,0.5211,0.2468,142,77,0.374,54,1.0,,0.2156,0.2148,0.0008,-0.001
2026-01-26,placebo,upper,25734.81,2026-01-26T14:57,623,0.01,0.04,0.015,0.0139,0.2417,0.2542,240,59,0.516,54,1.0,,0.233,0.2321,0.0009,0.0002
2026-01-26,placebo,upper,25998.59,2026-01-26T15:20,629,0.08,0.01,0.0261,0.0645,0.0794,-0.4665,63,836,0.43,62,1.0,0.0,0.1536,0.1583,-0.0047,0.0002
2026-01-26,placebo,upper,25816.6,2026-01-26T15:20,625,0.01,0.01,0.014,0.0056,-0.3333,0.4286,249,63,0.506,62,1.0,0.0,0.1854,0.1854,0.0,-0.0011
2026-01-26,placebo,upper,25977.99,2026-01-26T15:52,629,0.07,0.01,0.025,0.0741,-0.0667,-0.0034,60,875,0.312,62,1.0,0.0,0.1494,0.1494,0.0,-0.0019
2026-01-26,placebo,upper,25851.4,2026-01-26T15:52,626,0.01,0.01,0.0114,0.0083,-0.1667,0.2055,180,73,0.408,62,1.0,0.0,0.1713,0.1697,0.0016,-0.0015
2026-01-26,placebo,upper,25862.98,2026-01-26T19:10,626,0.01,0.02,0.0426,0.0165,-0.5016,0.2593,321,54,0.149,62,1.0,-0.0,0.1666,0.1649,0.0017,-0.0043
2026-01-26,placebo,upper,25811.57,2026-01-26T19:10,625,0.01,0.03,0.08,0.0143,-0.6601,-0.9444,1012,36,0.547,62,1.0,0.0,0.1995,0.1995,0.0,-0.0003
2026-01-26,placebo,upper,26022.13,2026-01-26T16:31,630,0.17,0.01,0.0551,0.1538,0.3514,0.1312,148,1204,0.773,62,1.143,0.0,0.1651,0.1429,0.0222,-0.0024
2026-01-26,placebo,upper,26003.61,2026-01-26T16:31,629,0.05,0.01,0.0231,0.0571,-0.4247,0.4281,73,556,0.285,62,1.0,0.0,0.1474,0.1418,0.0056,-0.0031
2026-01-27,broken,lower,25945.0,2026-01-27T14:35,628,0.01,0.02,0.0081,0.0123,0.0105,-0.2743,95,113,0.542,10,1.0,,0.2082,0.2119,-0.0037,-0.0002
2026-01-27,broken,lower,25955.0,2026-01-27T14:34,628,0.01,0.02,0.009,0.0108,0.3067,-0.0843,75,83,0.73,8,1.0,,0.2142,0.2134,0.0008,-0.0005
2026-01-27,broken,lower,26068.47,2026-01-27T16:46,631,0.01,0.01,0.0155,0.0103,0.4468,-0.3469,141,98,0.17,62,1.0,0.0,0.1444,0.1444,0.0,-0.0027
2026-01-27,broken,lower,26084.0,2026-01-27T16:45,631,0.01,0.01,0.0168,0.0097,0.6158,-0.5,177,76,0.132,62,1.0,0.0,0.1435,0.1435,0.0,-0.0022
2026-01-27,rejected,lower,25917.35,2026-01-27T14:37,627,0.01,0.02,0.0087,0.0106,-0.1273,-0.7053,110,190,0.913,14,1.0,,0.2208,0.2215,-0.0007,0.0006
2026-01-27,rejected,lower,25955.2,2026-01-27T14:30,628,,,,,,,,,,0,,,,,,
2026-01-27,rejected,lower,26038.0,2026-01-27T18:02,630,0.01,0.02,0.019,0.0189,-0.7083,-0.2093,48,86,0.054,62,1.0,0.0,0.1662,0.1628,0.0034,-0.0008
2026-01-27,rejected,lower,26050.2,2026-01-27T17:19,631,0.01,0.01,0.0108,0.0163,0.9474,-0.3729,76,118,0.117,62,1.0,0.0,0.1467,0.1477,-0.001,-0.0032
2026-01-27,rejected,lower,26057.0,2026-01-27T17:17,631,0.01,0.01,0.0114,0.0157,0.2308,-0.5904,91,83,0.089,62,1.0,-0.01,0.1434,0.1453,-0.0019,-0.0041
2026-01-27,rejected,lower,26077.8,2026-01-27T19:47,631,0.01,0.02,0.0308,0.037,-0.5947,-0.0718,755,209,0.423,62,1.0,0.0,0.1436,0.1418,0.0018,-0.0143
2026-01-27,broken,upper,26030.5,2026-01-27T14:53,630,0.01,0.01,0.0068,0.0107,0.037,0.5263,54,114,0.302,46,1.0,,0.1788,0.1773,0.0015,-0.0017
2026-01-27,broken,upper,26038.2,2026-01-27T14:54,630,0.01,0.01,0.0082,0.0084,0.1011,0.0851,89,188,0.268,48,1.0,,0.1817,0.1802,0.0015,-0.0014
2026-01-27,broken,upper,26055.2,2026-01-27T14:55,631,0.01,0.01,0.0063,0.0127,0.3605,0.549,147,102,0.253,50,1.0,,0.173,0.1714,0.0016,-0.0013
2026-01-27,broken,upper,26066.8,2026-01-27T15:09,631,0.02,0.01,0.0141,0.0113,-0.3158,-0.3412,114,170,0.467,62,1.0,0.0,0.1746,0.1738,0.0008,-0.0013
2026-01-27,broken,upper,26079.4,2026-01-27T15:34,631,0.01,0.01,0.0087,0.0108,0.093,0.0233,86,129,0.263,62,1.0,0.0,0.1645,0.1645,0.0,-0.002
2026-01-27,rejected,upper,26012.5,2026-01-27T14:32,630,0.04,0.02,0.0222,0.02,-0.5252,0.2553,139,94,0.619,4,1.0,,0.2032,0.1972,0.006,-0.0001
2026-01-27,rejected,upper,26062.28,2026-01-27T14:59,631,0.01,0.01,0.0071,0.011,-0.8873,0.7956,71,137,0.296,58,1.0,,0.174,0.1725,0.0015,-0.0016
2026-01-27,rejected,upper,26074.15,2026-01-27T15:10,631,0.01,0.01,0.0085,0.0094,-0.1111,-0.7303,54,89,0.275,62,1.0,0.0,0.1723,0.1723,0.0,-0.0014
2026-01-27,rejected,upper,26097.99,2026-01-27T15:44,632,0.01,0.01,0.0077,0.0163,0.0353,-0.2906,85,203,0.252,62,1.0,0.0,0.1491,0.1474,0.0017,-0.0031
2026-01-27,placebo,lower,25822.7,2026-01-27T14:37,625,0.01,0.05,0.016,0.0149,-0.1785,0.0,297,54,0.671,14,1.0,,0.2433,0.2452,-0.0019,-0.0002
2026-01-27,placebo,lower,26012.05,2026-01-27T14:37,630,0.03,0.01,0.0109,0.0202,0.9643,-0.2975,56,316,0.42,14,1.0,,0.1932,0.197,-0.0038,-0.001
2026-01-27,placebo,lower,26003.99,2026-01-27T14:30,629,,,,,,,,,,0,,,,,,
2026-01-27,placebo,lower,25914.37,2026-01-27T14:30,627,,,,,,,,,,0,,,,,,
2026-01-27,placebo,lower,25972.73,2026-01-27T18:02,629,0.01,0.04,0.0328,0.0216,0.0932,-0.2459,161,61,0.147,62,1.0,0.0,0.1879,0.1865,0.0014,-0.0003
2026-01-27,placebo,lower,26122.01,2026-01-27T18:02,632,0.07,0.01,0.0436,0.0645,0.4487,-0.1802,156,344,0.424,62,1.0,0.0,0.1365,0.1365,0.0,-0.008
2026-01-27,placebo,lower,26126.69,2026-01-27T17:19,632,0.03,0.01,0.0192,0.0408,0.2174,-0.9778,92,809,0.358,62,1.0,0.0,0.1405,0.1393,0.0012,-0.0063
2026-01-27,placebo,lower,25955.89,2026-01-27T17:19,628,0.01,0.06,0.0488,0.0207,0.8089,0.0233,879,86,0.912,62,1.0,-0.0,0.202,0.2053,-0.0033,-0.0023
2026-01-27,placebo,lower,25948.18,2026-01-27T17:17,628,0.01,0.06,0.0513,0.0203,-0.5213,0.2889,798,45,0.746,62,1.0,0.0,0.2009,0.2026,-0.0017,-0.0
2026-01-27,placebo,lower,25973.91,2026-01-27T17:17,629,0.01,0.03,0.0317,0.0147,-0.92,-0.65,1425,200,1.567,62,1.0,0.0,0.1821,0.177,0.0051,0.0019
2026-01-27,placebo,lower,26117.96,2026-01-27T19:47,632,0.01,0.01,0.0109,0.08,0.8723,0.2963,94,1117,0.448,62,1.0,0.0,0.1391,0.1346,0.0045,-0.021
2026-01-27,placebo,lower,26018.82,2026-01-27T19:47,630,0.01,0.03,0.08,0.0221,0.7053,-0.8,957,120,0.456,62,1.0,0.0,0.1767,0.1818,-0.0051,-0.0004
2026-01-27,placebo,upper,25924.24,2026-01-27T14:32,628,0.01,0.03,0.0101,0.0137,-0.9833,-0.1364,120,44,0.602,4,1.0,,0.2254,0.2192,0.0062,0.0002
2026-01-27,placebo,upper,26065.85,2026-01-27T14:32,631,0.06,0.01,0.0251,0.0171,0.098,0.9704,51,135,0.321,4,1.0,,0.1945,0.1869,0.0076,-0.002
2026-01-27,placebo,upper,25956.39,2026-01-27T14:59,628,0.01,0.04,0.0202,0.0134,-0.3213,0.92,277,75,0.45,58,1.0,,0.2136,0.2106,0.003,0.0002
2026-01-27,placebo,upper,26118.09,2026-01-27T14:59,632,0.03,0.01,0.015,0.0206,-0.6809,0.8584,94,551,0.509,58,1.0,,0.1642,0.1625,0.0017,-0.0026
2026-01-27,placebo,upper,25984.56,2026-01-27T15:10,629,0.01,0.03,0.018,0.0122,0.5876,0.1186,97,59,0.361,62,1.0,0.0,0.1981,0.2,-0.0019,-0.0022
2026-01-27,placebo,upper,26116.45,2026-01-27T15:10,632,0.03,0.01,0.0175,0.0168,0.2571,0.3235,35,136,0.326,62,1.0,0.0,0.1645,0.1629,0.0016,-0.0029
2026-01-27,placebo,upper,26150.07,2026-01-27T15:44,633,0.05,0.01,0.0254,0.0351,-0.119,0.5229,84,700,0.409,62,1.0,-0.0,0.1443,0.1421,0.0022,-0.0033
2026-01-27,placebo,upper,26002.98,2026-01-27T15:44,629,0.01,0.05,0.0282,0.0187,0.0548,0.1111,438,72,0.571,62,1.0,0.0,0.1896,0.1874,0.0022,-0.0006
2026-01-27,round,,26000.0,2026-01-27T14:31,629,0.02,0.02,0.0132,0.0148,0.375,0.3333,48,45,0.4,2,1.0,,0.2116,0.2072,0.0044,-0.0013
2026-01-28,broken,lower,26123.0,2026-01-28T16:42,632,0.01,0.01,0.0047,0.0035,-0.3761,-0.3008,109,123,0.814,62,1.0,-0.0,0.4424,0.4406,0.0018,0.0002
2026-01-28,broken,lower,26139.83,2026-01-28T16:36,633,0.02,0.01,0.0083,0.0042,0.0189,-0.2222,106,72,0.974,62,1.0,0.0,0.4232,0.4241,-0.0009,0.0005
2026-01-28,broken,lower,26152.6,2026-01-28T16:21,633,0.01,0.01,0.0048,0.0038,0.0355,-0.2632,141,114,0.911,62,1.0,0.0,0.4055,0.4073,-0.0018,-0.0004
2026-01-28,broken,lower,26166.2,2026-01-28T15:47,633,0.01,0.02,0.0049,0.007,0.4887,0.037,133,108,0.903,62,1.0,0.0,0.394,0.3932,0.0008,-0.0006
2026-01-28,broken,lower,26185.9,2026-01-28T15:34,634,0.02,0.01,0.0097,0.0037,-0.4338,-0.194,219,67,0.974,62,1.0,0.01,0.3778,0.3786,-0.0008,-0.0005
2026-01-28,broken,lower,26224.2,2026-01-28T15:10,635,0.01,0.02,0.0043,0.0079,0.3077,-0.0513,78,156,1.101,62,1.0,0.0,0.3714,0.3707,0.0007,-0.0012
2026-01-28,rejected,lower,26109.06,2026-01-28T16:51,632,0.01,0.01,0.0046,0.0038,0.1294,-0.0962,85,104,0.867,62,1.0,-0.0,0.4375,0.4394,-0.0019,-0.0005
2026-01-28,rejected,lower,26161.0,2026-01-28T15:57,633,0.01,0.02,0.0047,0.0073,0.6092,0.0496,87,141,0.894,62,1.0,-0.0,0.4004,0.4028,-0.0024,-0.0005
2026-01-28,rejected,lower,26190.2,2026-01-28T15:35,634,0.01,0.01,0.0043,0.0041,0.2676,-0.1183,71,186,0.941,62,1.0,0.0,0.3791,0.3807,-0.0016,0.0001
2026-01-28,rejected,lower,26205.0,2026-01-28T15:15,634,0.01,0.01,0.0045,0.0036,-0.7037,-0.2941,81,68,0.3,62,1.0,0.0,0.384,0.3825,0.0015,0.0009
2026-01-28,rejected,lower,26213.15,2026-01-28T14:36,634,0.01,0.02,0.0048,0.0064,-0.5263,-0.2308,76,65,0.778,12,1.0,,0.3746,0.3753,-0.0007,0.0006
2026-01-28,rejected,lower,26230.0,2026-01-28T14:30,635,,,,,,,,,,0,,,,,,
2026-01-28,broken,upper,26171.06,2026-01-28T18:16,634,0.02,0.01,0.0079,0.0057,-0.0219,0.1462,137,171,0.889,62,1.0,0.0,0.4789,0.4756,0.0033,-0.0017
2026-01-28,broken,upper,26180.8,2026-01-28T19:47,634,0.01,0.01,0.0045,0.0063,0.6757,-0.6842,37,38,0.377,62,1.0,0.0,0.6318,0.6318,0.0,-0.0009
2026-01-28,rejected,upper,26160.82,2026-01-28T17:13,633,0.01,0.01,0.0044,0.0044,-0.3483,0.7063,89,538,2.131,62,1.0,-0.01,0.4325,0.4325,0.0,-0.0005
2026-01-28,rejected,upper,26179.0,2026-01-28T19:37,634,0.02,0.01,0.0087,0.006,0.2653,-0.9615,49,52,0.689,62,1.0,0.0,0.623,0.6182,0.0048,-0.0005
2026-01-28,rejected,upper,26195.5,2026-01-28T19:00,634,0.17,0.09,0.0692,0.0488,0.9512,0.9167,205,24,1.524,62,1.0,0.08,0.5692,0.5508,0.0184,0.0
2026-01-28,rejected,upper,26210.2,2026-01-28T19:52,634,0.01,0.01,0.0056,0.0055,0.8171,-0.8333,164,24,0.826,62,1.0,-0.0,0.6257,0.6257,0.0,-0.0021
2026-01-28,rejected,upper,26285.6,2026-01-28T14:32,636,0.03,0.02,0.0114,0.0089,0.1111,-0.1739,45,46,0.605,4,1.0,,0.3556,0.352,0.0036,-0.0006
2026-01-28,rejected,upper,26298.5,2026-01-28T14:44,637,0.01,0.01,0.0035,0.0053,-0.7273,0.2549,66,255,1.063,28,1.0,,0.3466,0.3451,0.0015,0.0
2026-01-28,placebo,lower,26186.75,2026-01-28T16:51,634,0.01,0.01,0.0032,0.006,-0.6164,0.1394,73,165,0.862,62,1.0,-0.0,0.4223,0.4242,-0.0019,-0.0001
2026-01-28,placebo,lower,26030.51,2026-01-28T16:51,630,0.01,0.02,0.0069,0.0051,0.12,0.2258,125,62,0.657,62,1.0,0.0,0.4552,0.4561,-0.0009,-0.0007
2026-01-28,placebo,lower,26064.61,2026-01-28T15:57,631,0.01,0.02,0.007,0.005,0.2587,-0.2281,143,57,0.449,62,1.0,0.0,0.4163,0.419,-0.0027,-0.0007
2026-01-28,placebo,lower,26113.84,2026-01-28T15:57,632,0.01,0.01,0.0057,0.003,-0.1231,-0.2222,130,54,0.606,62,1.0,0.0,0.409,0.4107,-0.0017,0.0007
2026-01-28,placebo,lower,26075.74,2026-01-28T15:35,631,0.01,0.04,0.0077,0.0091,0.1385,-0.1282,130,78,0.725,62,1.0,0.0,0.4072,0.4081,-0.0009,-0.0002
2026-01-28,placebo,lower,26109.41,2026-01-28T15:35,632,0.01,0.02,0.0063,0.0054,0.1215,-0.2381,107,84,0.781,62,1.0,0.0,0.3978,0.3987,-0.0009,0.0004
2026-01-28,placebo,lower,26158.37,2026-01-28T15:15,633,0.01,0.01,0.0054,0.0029,-0.0947,0.5909,95,44,0.384,62,1.0,0.0,0.3926,0.391,0.0016,-0.0003
2026-01-28,placebo,lower,26127.37,2026-01-28T15:15,632,0.01,0.01,0.0066,0.0025,0.1111,0.5676,216,37,0.579,62,1.0,0.0,0.4018,0.4001,0.0017,0.0
2026-01-28,placebo,lower,26093.65,2026-01-28T14:36,632,0.01,0.02,0.0069,0.0045,0.7881,0.0286,151,35,1.001,12,1.0,,0.3953,0.3978,-0.0025,-0.0004
2026-01-28,placebo,lower,26121.05,2026-01-28T14:36,632,0.01,0.02,0.0069,0.0045,0.7881,0.0286,151,35,1.001,12,1.0,,0.3953,0.3978,-0.0025,-0.0004
2026-01-28,placebo,lower,26349.8,2026-01-28T14:30,638,,,,,,,,,,0,,,,,,
2026-01-28,placebo,lower,26118.19,2026-01-28T14:30,632,,,,,,,,,,0,,,,,,
2026-01-28,placebo,upper,26271.38,2026-01-28T17:13,636,0.03,0.01,0.0074,0.0099,-0.9524,0.0656,42,244,0.442,62,1.0,0.0,0.4205,0.4183,0.0022,-0.0006
2026-01-28,placebo,upper,26255.88,2026-01-28T17:13,636,0.03,0.01,0.0074,0.0099,-0.9524,0.0656,42,244,0.442,62,1.0,0.0,0.4205,0.4183,0.0022,-0.0006
2026-01-28,placebo,upper,26291.91,2026-01-28T19:37,636,0.07,0.01,0.0198,0.0113,0.4884,0.2941,43,68,0.625,62,1.0,0.0,0.6108,0.6035,0.0073,-0.0014
2026-01-28,placebo,upper,26070.01,2026-01-28T19:37,631,0.02,0.02,0.0175,0.0057,0.3282,-0.2941,131,17,0.69,62,1.0,0.0,0.6681,0.6611,0.007,-0.0
2026-01-28,placebo,upper,26102.89,2026-01-28T19:00,632,0.1,0.35,0.0645,0.1201,-0.9956,0.0,451,26,5.483,62,1.0,0.09,0.5777,0.5519,0.0258,0.001
2026-01-28,placebo,upper,26147.5,2026-01-28T19:00,633,0.1,0.22,0.0513,0.0936,-0.875,0.0,16,30,0.906,62,1.0,0.09,0.5691,0.5533,0.0158,-0.0044
2026-01-28,placebo,upper,26325.92,2026-01-28T19:52,637,0.05,0.01,0.0136,0.0146,0.1282,0.0411,39,219,0.617,62,1.0,-0.0,0.6236,0.6236,0.0,-0.0005
2026-01-28,placebo,upper,26122.43,2026-01-28T19:52,632,0.01,0.02,0.0098,0.0066,-0.1856,-0.5789,167,76,0.911,62,1.0,0.0,0.6475,0.6455,0.002,-0.0008
2026-01-28,placebo,upper,26235.67,2026-01-28T14:32,635,0.02,0.02,0.009,0.007,-0.4426,-0.3585,61,53,0.905,4,1.0,,0.3684,0.3641,0.0043,0.0007
2026-01-28,placebo,upper,26334.3,2026-01-28T14:32,637,0.03,0.01,0.0096,0.0058,0.5862,-0.5833,29,48,0.475,4,1.0,,0.3441,0.3411,0.003,0.0009
2026-01-28,placebo,upper,26251.42,2026-01-28T14:44,635,0.01,0.01,0.005,0.0033,-0.7561,0.3737,123,99,0.812,28,1.0,,0.3673,0.3643,0.003,0.0015
2026-01-28,placebo,upper,26245.74,2026-01-28T14:44,635,0.01,0.01,0.005,0.0033,-0.7561,0.3737,123,99,0.812,28,1.0,,0.3673,0.3643,0.003,0.0015
2026-01-29,broken,lower,25557.2,2026-01-29T15:51,619,0.01,0.02,0.004,0.0074,0.1667,-0.6571,12,35,0.32,62,1.0,-0.01,0.4323,0.4348,-0.0025,-0.0007
2026-01-29,broken,lower,25570.8,2026-01-29T15:50,619,0.01,0.02,0.0046,0.0066,0.6364,0.6154,165,52,1.593,62,1.0,-0.01,0.4299,0.4291,0.0008,0.0004
2026-01-29,broken,lower,25593.0,2026-01-29T15:49,620,0.02,0.03,0.0083,0.011,-0.9013,0.4737,223,76,2.136,62,1.0,0.01,0.4274,0.4282,-0.0008,0.0005
2026-01-29,broken,lower,25610.8,2026-01-29T15:43,620,0.02,0.03,0.0087,0.0105,0.168,0.0,125,86,1.563,62,1.0,0.01,0.4231,0.4239,-0.0008,0.0001
2026-01-29,broken,lower,25620.0,2026-01-29T15:42,620,0.02,0.02,0.0092,0.0068,-0.1868,0.3425,91,73,1.043,62,1.0,0.01,0.4153,0.4219,-0.0066,-0.0003
2026-01-29,broken,lower,25629.5,2026-01-29T15:40,621,0.03,0.03,0.0125,0.0114,-0.4382,0.1233,89,73,0.853,62,1.0,0.01,0.4095,0.4127,-0.0032,0.0015
2026-01-29,broken,lower,25655.2,2026-01-29T15:38,621,0.02,0.02,0.0095,0.0069,-0.0208,-0.7959,96,49,0.927,62,1.0,0.0,0.4056,0.4039,0.0017,0.0002
2026-01-29,broken,lower,25662.8,2026-01-29T15:36,621,0.02,0.03,0.0104,0.0097,0.0392,0.3548,102,62,0.682,62,1.0,0.01,0.4004,0.4012,-0.0008,0.0018
2026-01-29,broken,lower,25678.2,2026-01-29T15:35,622,0.02,0.02,0.0087,0.0079,0.5907,-0.4048,215,84,1.849,62,1.0,0.0,0.3919,0.3919,0.0,0.0
2026-01-29,broken,lower,25685.0,2026-01-29T15:33,622,0.01,0.03,0.0043,0.0118,-0.5377,0.1287,385,101,2.765,62,1.0,0.0,0.3883,0.3931,-0.0048,-0.0016
2026-01-29,broken,lower,25698.2,2026-01-29T15:32,622,0.02,0.02,0.0093,0.0073,0.0811,0.3548,37,62,0.81,62,1.0,-0.01,0.3924,0.3908,0.0016,-0.0005
2026-01-29,broken,lower,25707.8,2026-01-29T15:31,622,0.01,0.02,0.0053,0.0068,0.6021,0.2889,191,45,1.341,62,1.0,-0.02,0.3819,0.3844,-0.0025,-0.0005
2026-01-29,broken,lower,25778.8,2026-01-29T15:02,624,0.02,0.02,0.008,0.0069,0.5277,0.4118,343,34,2.244,62,1.0,0.01,0.4141,0.4141,0.0,0.0003
2026-01-29,broken,lower,25788.3,2026-01-29T15:00,624,0.02,0.04,0.0124,0.0105,0.3443,0.3043,61,46,0.585,60,1.0,,0.3912,0.3928,-0.0016,-0.0005
2026-01-29,broken,lower,25858.0,2026-01-29T14:59,626,0.03,0.01,0.0138,0.0035,0.4688,-0.4815,256,27,0.856,58,1.0,,0.3825,0.3825,0.0,0.0005
2026-01-29,broken,lower,25883.5,2026-01-29T14:58,627,0.02,0.02,0.0086,0.0076,-0.0946,-0.0805,148,87,1.208,56,1.0,,0.3729,0.3805,-0.0076,-0.0001
2026-01-29,broken,lower,25900.2,2026-01-29T14:57,627,0.02,0.02,0.0098,0.0068,0.4213,-0.1045,197,67,0.906,54,1.0,,0.3739,0.3739,0.0,-0.0003
2026-01-29,broken,lower,25947.0,2026-01-29T14:44,628,0.05,0.07,0.0211,0.0243,0.6,0.6667,25,54,0.859,28,1.0,,0.391,0.3896,0.0014,0.0003
2026-01-29,broken,lower,25954.0,2026-01-29T14:43,628,0.01,0.02,0.0049,0.0062,-0.9636,-0.2727,55,55,0.574,26,1.0,,0.3838,0.3846,-0.0008,0.0006
2026-01-29,broken,lower,25997.2,2026-01-29T14:41,629,0.02,0.02,0.0102,0.0064,-0.7895,0.3333,114,45,0.648,22,1.0,,0.3705,0.372,-0.0015,0.0007
2026-01-29,broken,lower,26022.0,2026-01-29T14:36,630,0.02,0.02,0.0097,0.0065,0.0517,0.1379,116,58,1.066,12,1.0,,0.3721,0.3736,-0.0015,0.0003
2026-01-29,broken,lower,26057.8,2026-01-29T14:35,631,0.02,0.03,0.0097,0.0104,-0.1973,0.197,147,132,1.226,10,1.0,,0.3578,0.36,-0.0022,-0.0002
2026-01-29,broken,lower,26083.5,2026-01-29T14:34,631,0.02,0.02,0.0105,0.0066,-0.2812,0.4815,128,27,0.963,8,1.0,,0.3551,0.3536,0.0015,0.0001
2026-01-29,broken,lower,26104.0,2026-01-29T14:33,632,0.01,0.02,0.0048,0.0077,0.525,0.5072,80,69,0.884,6,1.0,,0.3434,0.3412,0.0022,0.0004
2026-01-29,broken,lower,26110.0,2026-01-29T14:31,632,0.04,0.04,0.02,0.0142,0.6145,0.0244,83,41,0.961,2,1.0,,0.3479,0.3464,0.0015,0.001
2026-01-29,rejected,lower,25538.1,2026-01-29T15:54,618,0.03,0.02,0.013,0.0065,0.4472,-0.0769,123,52,0.997,62,1.0,0.02,0.4467,0.4492,-0.0025,-0.001
2026-01-29,rejected,lower,25718.2,2026-01-29T15:14,623,0.02,0.01,0.0093,0.0035,0.5302,0.4634,149,41,0.808,62,1.0,-0.01,0.3909,0.3917,-0.0008,-0.0007
2026-01-29,rejected,lower,25753.34,2026-01-29T15:03,624,0.02,0.03,0.008,0.0105,0.5862,-0.2,58,50,0.64,62,1.0,0.01,0.4094,0.4117,-0.0023,-0.0009
2026-01-29,rejected,lower,25820.0,2026-01-29T19:01,625,0.02,0.01,0.0196,0.0063,-0.5867,-0.2083,542,48,1.455,62,1.0,0.01,0.3446,0.3406,0.004,-0.0012
2026-01-29,rejected,lower,25834.0,2026-01-29T19:49,625,0.01,0.01,0.0144,0.0068,-0.2308,0.7465,156,71,0.266,62,1.0,0.0,0.3568,0.3568,0.0,-0.0026
2026-01-29,rejected,lower,25840.0,2026-01-29T19:48,626,0.01,0.01,0.0087,0.0114,0.6718,-0.1064,195,282,0.563,62,1.0,-0.01,0.3436,0.3436,0.0,-0.0023
2026-01-29,rejected,lower,25906.93,2026-01-29T14:46,627,0.01,0.03,0.0047,0.0087,-0.8415,0.2157,265,51,1.564,32,1.0,,0.4081,0.4096,-0.0015,-0.0001
2026-01-29,rejected,lower,26004.0,2026-01-29T14:37,630,0.01,0.03,0.004,0.0111,0.9444,0.3231,36,65,0.419,14,1.0,,0.3786,0.3845,-0.0059,0.0005
2026-01-29,broken,upper,25646.2,2026-01-29T16:13,621,0.02,0.02,0.0074,0.0095,0.1364,-0.0252,44,119,1.042,62,1.0,0.0,0.4127,0.4127,0.0,-0.0007
2026-01-29,broken,upper,25666.8,2026-01-29T16:14,621,0.02,0.02,0.0085,0.0087,0.4074,-0.3818,54,55,0.421,62,1.0,0.0,0.4023,0.4023,0.0,0.0003
2026-01-29,broken,upper,25676.2,2026-01-29T16:15,622,0.02,0.01,0.0076,0.0051,-0.3521,0.4521,71,73,0.875,62,1.0,0.0,0.3948,0.394,0.0008,-0.0004
2026-01-29,broken,upper,25684.2,2026-01-29T16:17,622,0.02,0.02,0.0083,0.0098,0.5849,-0.7966,53,59,0.331,62,1.0,0.0,0.3874,0.3874,0.0,0.0001
2026-01-29,broken,upper,25689.8,2026-01-29T16:19,622,0.01,0.01,0.004,0.005,0.2766,0.7008,47,127,0.831,62,1.0,-0.01,0.39,0.39,0.0,-0.0008
2026-01-29,broken,upper,25718.0,2026-01-29T16:40,623,0.02,0.02,0.0084,0.0125,-0.4,0.0,30,90,0.473,62,1.0,0.01,0.3566,0.3566,0.0,-0.0003
2026-01-29,broken,upper,25745.0,2026-01-29T17:01,623,0.02,0.02,0.0109,0.0114,0.1373,-0.1868,102,91,0.952,62,1.0,0.01,0.3387,0.3368,0.0019,0.0004
2026-01-29,broken,upper,25751.0,2026-01-29T17:02,624,0.02,0.01,0.009,0.0075,0.4118,-0.4839,68,62,0.582,62,1.0,0.0,0.3293,0.3283,0.001,0.0002
2026-01-29,broken,upper,25764.0,2026-01-29T17:03,624,0.02,0.01,0.01,0.007,-0.0571,-0.4026,70,77,0.899,62,1.0,0.0,0.3228,0.3218,0.001,0.0004
2026-01-29,broken,upper,25784.0,2026-01-29T17:12,624,0.01,0.01,0.0055,0.0066,-0.0323,0.1262,62,206,0.797,62,1.0,0.0,0.3184,0.3184,0.0,-0.0003
2026-01-29,broken,upper,25799.5,2026-01-29T17:13,625,0.02,0.01,0.0097,0.0083,0.2603,0.4366,73,71,0.463,62,1.0,0.0,0.3085,0.3095,-0.001,-0.0006
2026-01-29,broken,upper,25810.0,2026-01-29T17:14,625,0.01,0.01,0.0054,0.007,0.5319,0.9722,47,72,0.492,62,1.0,0.0,0.3166,0.3166,0.0,-0.0013
2026-01-29,broken,upper,25817.5,2026-01-29T17:15,625,0.01,0.01,0.0055,0.0067,-0.0746,-0.4528,67,106,0.559,62,1.0,0.0,0.3208,0.3208,0.0,0.0006
2026-01-29,broken,upper,25825.5,2026-01-29T17:21,625,0.01,0.01,0.0063,0.0059,0.2615,0.2727,65,55,0.317,62,1.0,-0.03,0.3221,0.3241,-0.002,-0.0009
2026-01-29,broken,upper,25842.0,2026-01-29T17:23,626,0.02,0.02,0.0096,0.0163,0.2231,0.1823,121,203,1.012,62,1.0,0.01,0.3194,0.3194,0.0,-0.0002
2026-01-29,broken,upper,25857.36,2026-01-29T17:24,626,0.01,0.01,0.0055,0.0069,0.6538,0.0714,52,112,0.396,62,1.0,0.0,0.3209,0.3189,0.002,-0.0001
2026-01-29,broken,upper,25870.8,2026-01-29T18:38,626,0.01,0.02,0.0081,0.0146,-0.7647,0.1831,34,71,0.519,62,1.0,0.0,0.3188,0.3151,0.0037,-0.0013
2026-01-29,rejected,upper,25713.5,2026-01-29T16:20,623,0.02,0.01,0.0071,0.0062,-0.0746,-0.3258,67,89,0.885,62,1.0,-0.0,0.3809,0.3746,0.0063,-0.0005
2026-01-29,rejected,upper,25733.2,2026-01-29T16:43,623,0.02,0.02,0.0095,0.0112,0.0,-0.4019,78,214,1.09,62,1.0,0.0,0.3542,0.3524,0.0018,0.0002
2026-01-29,rejected,upper,25739.5,2026-01-29T16:47,623,0.01,0.01,0.005,0.0056,-0.082,0.1215,61,107,0.63,62,1.0,0.0,0.349,0.349,0.0,-0.0001
2026-01-29,rejected,upper,25859.1,2026-01-29T18:13,626,0.01,0.01,0.0061,0.0073,-0.2927,0.0769,82,91,0.415,62,1.0,-0.0,0.3396,0.3373,0.0023,0.0007
2026-01-29,rejected,upper,25877.65,2026-01-29T17:37,627,0.02,0.01,0.0101,0.0084,0.375,0.3924,96,79,0.38,62,1.0,-0.01,0.3173,0.3163,0.001,-0.0007
2026-01-29,rejected,upper,25891.5,2026-01-29T18:40,627,0.01,0.01,0.0061,0.0102,-0.6538,-0.4182,52,55,0.22,62,1.0,0.0,0.3161,0.3136,0.0025,-0.0008
2026-01-29,rejected,upper,25898.5,2026-01-29T19:18,627,0.01,0.02,0.0079,0.0198,0.1429,-0.1837,112,245,0.382,62,1.0,0.01,0.3244,0.3259,-0.0015,-0.0008
2026-01-29,placebo,lower,25482.02,2026-01-29T15:54,617,0.01,0.02,0.0052,0.0055,0.218,-0.3333,133,21,0.932,62,1.0,0.0,0.4516,0.4542,-0.0026,0.0005
2026-01-29,placebo,lower,25622.28,2026-01-29T15:54,620,0.03,0.02,0.0091,0.0098,0.5798,0.3623,119,69,0.942,62,1.0,-0.05,0.4389,0.4415,-0.0026,-0.0009
2026-01-29,placebo,lower,25649.16,2026-01-29T15:14,621,0.02,0.03,0.0138,0.0072,0.2245,0.3333,147,48,0.791,62,1.0,-0.01,0.4047,0.4056,-0.0009,-0.0012
2026-01-29,placebo,lower,25657.61,2026-01-29T15:14,621,0.02,0.03,0.0138,0.0072,0.2245,0.3333,147,48,0.791,62,1.0,-0.01,0.4047,0.4056,-0.0009,-0.0012
2026-01-29,placebo,lower,25696.44,2026-01-29T15:03,622,0.01,0.04,0.0058,0.0098,0.9891,-0.1864,183,59,0.93,62,1.0,0.0,0.4241,0.4266,-0.0025,-0.0008
2026-01-29,placebo,lower,25692.75,2026-01-29T15:03,622,0.01,0.04,0.0058,0.0098,0.9891,-0.1864,183,59,0.93,62,1.0,0.0,0.4241,0.4266,-0.0025,-0.0008
2026-01-29,placebo,lower,25915.82,2026-01-29T19:01,627,0.02,0.01,0.0097,0.0155,0.0,0.27,44,200,0.267,62,1.0,0.0,0.3297,0.3253,0.0044,-0.0012
2026-01-29,placebo,lower,25720.32,2026-01-29T19:01,623,0.01,0.05,0.022,0.0165,-0.0129,0.0256,310,78,0.567,62,1.0,0.0,0.3683,0.3612,0.0071,-0.0017
2026-01-29,placebo,lower,25885.44,2026-01-29T19:49,627,0.02,0.01,0.0117,0.0206,-0.8214,0.4848,56,361,0.345,62,1.0,0.0,0.3353,0.3373,-0.002,-0.0007
2026-01-29,placebo,lower,25922.3,2026-01-29T19:49,628,0.07,0.01,0.0284,0.0426,0.1875,0.5908,64,914,0.734,62,1.0,-0.0,0.3329,0.3329,0.0,-0.0069
2026-01-29,placebo,lower,25726.87,2026-01-29T19:48,623,0.01,0.06,0.0377,0.02,0.3683,-0.1364,953,88,1.049,62,1.0,0.0,0.3943,0.3969,-0.0026,-0.0017
2026-01-29,placebo,lower,25921.82,2026-01-29T19:48,628,0.05,0.01,0.02,0.0426,0.2857,0.0306,56,555,0.482,62,1.0,-0.0,0.329,0.3343,-0.0053,-0.0051
2026-01-29,placebo,lower,25792.44,2026-01-29T14:46,624,0.01,0.08,0.0081,0.0144,-0.2895,0.2549,76,51,0.499,32,1.0,,0.4338,0.4347,-0.0009,-0.0
2026-01-29,placebo,lower,25842.05,2026-01-29T14:46,626,0.03,0.03,0.0168,0.0073,-0.5417,0.0857,144,35,0.934,32,1.0,,0.4173,0.4173,0.0,0.0003
2026-01-29,placebo,lower,26093.75,2026-01-29T14:37,632,0.03,0.01,0.0087,0.006,0.6585,-0.5065,164,77,1.29,14,1.0,,0.3577,0.3639,-0.0062,0.0002
2026-01-29,placebo,lower,25943.53,2026-01-29T14:37,628,0.01,0.03,0.0057,0.0076,-0.9861,0.2245,144,49,1.031,14,1.0,,0.3989,0.4036,-0.0047,0.0016
2026-01-29,placebo,upper,25669.62,2026-01-29T16:20,622,0.01,0.01,0.0044,0.0048,-0.4444,-0.6078,36,51,0.507,62,1.0,-0.0,0.3849,0.3797,0.0052,0.0007
2026-01-29,placebo,upper,25774.31,2026-01-29T16:20,624,0.02,0.01,0.0059,0.0082,0.4375,0.4897,32,145,0.813,62,1.0,0.0,0.3772,0.3706,0.0066,-0.0009
2026-01-29,placebo,upper,25815.35,2026-01-29T16:43,625,0.03,0.01,0.0092,0.0105,0.5806,0.1338,62,284,0.9,62,1.0,0.0,0.3427,0.3427,0.0,0.0009
2026-01-29,placebo,upper,25841.22,2026-01-29T16:43,626,0.06,0.01,0.0152,0.0153,0.2941,0.3176,85,255,0.478,62,1.0,0.0,0.3383,0.3371,0.0012,-0.0023
2026-01-29,placebo,upper,25646.54,2026-01-29T16:47,621,0.01,0.01,0.0084,0.0034,0.7431,-0.4222,109,45,0.538,62,1.0,-0.01,0.3596,0.3616,-0.002,-0.0008
2026-01-29,placebo,upper,25783.61,2026-01-29T16:47,624,0.02,0.01,0.0079,0.0075,0.6119,0.4754,67,122,0.687,62,1.0,-0.01,0.3422,0.3431,-0.0009,-0.0005
2026-01-29,placebo,upper,25740.83,2026-01-29T18:13,623,0.01,0.04,0.0168,0.012,-0.1765,-0.662,255,142,0.7,62,1.0,0.0,0.3619,0.3605,0.0014,0.0
2026-01-29,placebo,upper,25763.51,2026-01-29T18:13,624,0.01,0.02,0.0117,0.0078,-0.1895,0.1351,153,74,0.561,62,1.0,0.0,0.3543,0.3506,0.0037,0.0006
2026-01-29,placebo,upper,25795.0,2026-01-29T17:37,625,0.01,0.02,0.009,0.0086,0.0619,0.3333,113,201,0.873,62,1.0,0.0,0.3351,0.334,0.0011,-0.0004
2026-01-29,placebo,upper,25969.01,2026-01-29T17:37,629,0.06,0.01,0.0182,0.0198,-0.1026,0.1111,78,234,0.458,62,1.0,0.0,0.3095,0.3056,0.0039,-0.0007
2026-01-29,placebo,upper,25824.46,2026-01-29T18:40,625,0.01,0.02,0.0129,0.0094,0.9604,0.4583,101,48,0.308,62,1.0,0.0,0.3307,0.3294,0.0013,-0.0012
2026-01-29,placebo,upper,25829.23,2026-01-29T18:40,625,0.01,0.02,0.0129,0.0094,0.9604,0.4583,101,48,0.308,62,1.0,0.0,0.3307,0.3294,0.0013,-0.0012
2026-01-29,placebo,upper,25782.66,2026-01-29T19:18,624,0.01,0.05,0.0299,0.0163,-0.3919,0.3699,888,73,0.98,62,1.0,0.0,0.3619,0.3577,0.0042,-0.0009
2026-01-29,placebo,upper,25780.04,2026-01-29T19:18,624,0.01,0.05,0.0299,0.0163,-0.3919,0.3699,888,73,0.98,62,1.0,0.0,0.3619,0.3577,0.0042,-0.0009
2026-01-30,broken,lower,25597.2,2026-01-30T18:20,620,0.01,0.02,0.0077,0.0112,0.8706,-0.0167,170,120,0.292,62,1.0,0.0,0.3538,0.3526,0.0012,-0.0006
2026-01-30,broken,lower,25615.5,2026-01-30T18:19,620,0.01,0.02,0.0083,0.0107,0.0294,0.1463,136,82,0.81,62,1.0,0.0,0.3471,0.353,-0.0059,0.0
2026-01-30,broken,lower,25624.0,2026-01-30T18:18,621,0.01,0.01,0.0074,0.0063,0.4706,0.0323,68,31,0.244,62,1.0,0.0,0.3362,0.3362,0.0,0.0008
2026-01-30,broken,lower,25633.35,2026-01-30T18:16,621,0.02,0.02,0.0153,0.0126,0.9416,-0.2414,137,58,0.811,62,1.0,0.01,0.3292,0.3315,-0.0023,-0.0008
2026-01-30,broken,lower,25649.75,2026-01-30T18:15,621,0.01,0.01,0.0095,0.0054,0.4917,-0.541,181,61,0.345,62,1.0,0.0,0.3222,0.3222,0.0,-0.0007
2026-01-30,broken,lower,25661.0,2026-01-30T18:12,622,0.01,0.01,0.0063,0.008,0.1163,0.0625,86,128,0.429,62,1.0,-0.01,0.3176,0.3198,-0.0022,0.0015
2026-01-30,broken,lower,25693.2,2026-01-30T17:58,622,0.01,0.01,0.0102,0.0051,0.0667,0.6,120,30,0.484,62,1.0,0.0,0.3076,0.3076,0.0,-0.001
2026-01-30,broken,lower,25714.4,2026-01-30T17:04,623,0.01,0.01,0.0063,0.006,-0.5,-0.3846,64,65,0.467,62,1.0,0.0,0.3094,0.3113,-0.0019,0.0002
2026-01-30,broken,lower,25721.85,2026-01-30T17:02,623,0.01,0.02,0.0078,0.01,-0.358,-0.3091,81,55,0.586,62,1.0,0.0,0.305,0.304,0.001,-0.0007
2026-01-30,broken,lower,25738.0,2026-01-30T17:01,623,0.01,0.02,0.0076,0.0104,0.0513,0.2424,78,66,0.303,62,1.0,0.0,0.3004,0.3032,-0.0028,0.0005
2026-01-30,broken,lower,25744.1,2026-01-30T16:59,623,0.01,0.02,0.0084,0.0094,0.4023,-0.4324,87,74,0.367,62,1.0,0.0,0.3026,0.3035,-0.0009,-0.001
2026-01-30,broken,lower,25751.2,2026-01-30T16:58,624,0.01,0.02,0.0065,0.0126,0.6045,-0.1471,177,204,1.102,62,1.0,-0.01,0.292,0.2948,-0.0028,0.0001
2026-01-30,broken,lower,25765.2,2026-01-30T16:57,624,0.01,0.02,0.0074,0.0113,-0.561,0.5385,82,78,0.408,62,1.0,0.0,0.2897,0.2907,-0.001,-0.0006
2026-01-30,broken,lower,25777.5,2026-01-30T16:18,624,0.01,0.01,0.0074,0.0045,-0.4821,0.3793,112,29,0.397,62,1.0,0.0,0.3025,0.3025,0.0,0.0004
2026-01-30,broken,lower,25804.33,2026-01-30T16:15,625,0.02,0.01,0.0143,0.0049,0.2756,-0.775,127,80,0.763,62,1.0,0.01,0.2936,0.2944,-0.0008,-0.0002
2026-01-30,rejected,lower,25568.9,2026-01-30T18:22,619,0.02,0.02,0.0154,0.0091,-0.6718,-0.1163,390,43,1.814,62,1.0,0.01,0.3987,0.4011,-0.0024,-0.0005
2026-01-30,rejected,lower,25663.53,2026-01-30T18:00,622,0.01,0.01,0.0066,0.0067,0.9907,0.027,215,37,0.782,62,1.0,-0.04,0.3321,0.3234,0.0087,0.0002
2026-01-30,rejected,lower,25672.5,2026-01-30T19:31,622,0.02,0.02,0.0171,0.0144,0.9759,0.25,83,32,0.711,62,1.0,0.01,0.3939,0.397,-0.0031,0.0004
2026-01-30,rejected,lower,25686.0,2026-01-30T17:08,622,0.01,0.02,0.0062,0.0103,-0.0417,0.209,144,134,1.017,62,1.0,0.0,0.3367,0.3434,-0.0067,0.0003
2026-01-30,rejected,lower,25692.2,2026-01-30T17:07,622,0.02,0.02,0.0133,0.01,-0.1579,0.6491,76,57,0.596,62,1.0,0.01,0.3318,0.3337,-0.0019,0.0003
2026-01-30,rejected,lower,25754.0,2026-01-30T16:21,624,0.01,0.02,0.0067,0.0097,-0.0909,0.0727,121,110,0.606,62,1.0,0.0,0.3067,0.3076,-0.0009,-0.0003
2026-01-30,rejected,lower,25770.8,2026-01-30T15:30,624,0.01,0.02,0.0058,0.0081,0.5312,0.9667,64,60,0.376,62,1.0,0.0,0.3337,0.3313,0.0024,-0.0006
2026-01-30,rejected,lower,25806.2,2026-01-30T14:59,625,0.01,0.01,0.0055,0.0037,0.5455,0.4545,110,33,0.683,58,1.0,,0.3447,0.3416,0.0031,-0.0003
2026-01-30,rejected,lower,25814.0,2026-01-30T16:10,625,0.01,0.01,0.0066,0.005,-0.4194,0.0886,93,79,0.597,62,1.0,0.0,0.2976,0.2993,-0.0017,0.0007
2026-01-30,broken,upper,25705.0,2026-01-30T18:50,623,0.02,0.01,0.0108,0.0129,-0.7059,0.7101,34,138,0.411,62,1.0,0.0,0.3164,0.3178,-0.0014,-0.0034
2026-01-30,broken,upper,25711.5,2026-01-30T18:53,623,0.02,0.01,0.0121,0.0102,-0.2821,-0.9785,39,93,0.293,62,1.0,0.0,0.3319,0.3358,-0.0039,0.0011
2026-01-30,broken,upper,25722.8,2026-01-30T18:54,623,0.02,0.01,0.0141,0.009,0.3514,0.197,74,132,0.621,62,1.0,0.0,0.3244,0.3283,-0.0039,0.0002
2026-01-30,broken,upper,25735.5,2026-01-30T18:55,623,0.01,0.02,0.0077,0.0161,0.5385,0.2593,26,81,0.38,62,1.0,0.01,0.3313,0.3326,-0.0013,-0.0001
2026-01-30,broken,upper,25758.0,2026-01-30T18:58,624,0.02,0.01,0.012,0.0109,0.5,0.9835,48,121,0.668,62,1.0,-0.01,0.3231,0.3354,-0.0123,-0.0029
2026-01-30,rejected,upper,25710.8,2026-01-30T18:51,623,0.03,0.02,0.0194,0.0185,0.1026,0.6,78,505,2.266,62,1.0,0.01,0.3316,0.3355,-0.0039,0.0004
2026-01-30,rejected,upper,25771.8,2026-01-30T18:59,624,0.03,0.01,0.0217,0.0083,0.2358,0.8974,123,78,0.798,62,1.0,0.0,0.341,0.3436,-0.0026,-0.0031
2026-01-30,rejected,upper,25781.5,2026-01-30T19:06,624,0.02,0.03,0.0157,0.0233,0.5,-0.1212,104,132,0.808,62,1.0,-0.06,0.3491,0.3478,0.0013,-0.0002
2026-01-30,rejected,upper,25792.07,2026-01-30T17:27,625,0.01,0.01,0.0062,0.0087,0.0667,0.7045,45,88,0.36,62,1.0,0.0,0.2778,0.2718,0.006,-0.0013
2026-01-30,rejected,upper,25860.0,2026-01-30T16:44,626,0.01,0.01,0.0067,0.007,-0.56,0.6508,50,63,0.312,62,1.0,0.0,0.2649,0.2649,0.0,-0.0015
2026-01-30,rejected,upper,25918.2,2026-01-30T14:30,628,,,,,,,,,,0,,,,,,
2026-01-30,rejected,upper,25934.0,2026-01-30T15:47,628,0.02,0.02,0.0109,0.0122,-0.0538,-0.137,93,146,1.173,62,1.0,0.0,0.2844,0.2828,0.0016,-0.0002
2026-01-30,rejected,upper,25940.0,2026-01-30T14:40,628,0.02,0.01,0.008,0.0045,-0.9524,0.3333,42,60,0.773,20,1.0,,0.3523,0.3516,0.0007,-0.0009
2026-01-30,placebo,lower,25506.26,2026-01-30T18:22,618,0.01,0.03,0.0103,0.0105,-0.7468,0.3585,79,53,0.589,62,1.0,0.0,0.4113,0.4113,0.0,0.0012
2026-01-30,placebo,lower,25682.19,2026-01-30T18:22,622,0.03,0.01,0.0105,0.0136,-0.9024,-0.4815,41,162,0.267,62,1.0,-0.0,0.3654,0.3654,0.0,-0.0011
2026-01-30,placebo,lower,25561.3,2026-01-30T18:00,619,0.01,0.06,0.018,0.017,0.4951,0.0353,206,85,0.599,62,1.0,0.0,0.3571,0.347,0.0101,-0.0013
2026-01-30,placebo,lower,25771.61,2026-01-30T18:00,624,0.04,0.01,0.0149,0.0155,0.5833,-0.9832,48,119,0.272,62,1.0,-0.01,0.3193,0.3104,0.0089,0.0001
2026-01-30,placebo,lower,25580.77,2026-01-30T19:31,620,0.02,0.11,0.0385,0.0401,0.6552,0.1014,116,69,0.47,62,1.0,0.01,0.4175,0.4233,-0.0058,-0.0027
2026-01-30,placebo,lower,25748.57,2026-01-30T19:31,624,0.06,0.01,0.026,0.0194,-0.6429,0.0,28,80,0.302,62,1.0,0.0,0.3741,0.3723,0.0018,-0.0036
2026-01-30,placebo,lower,25611.76,2026-01-30T17:08,620,0.01,0.04,0.0108,0.0123,-0.9867,0.439,150,82,0.626,62,1.0,0.0,0.3565,0.3619,-0.0054,0.0008
2026-01-30,placebo,lower,25750.34,2026-01-30T17:08,624,0.03,0.01,0.0114,0.0103,0.1807,0.9783,83,184,0.392,62,1.0,-0.01,0.3168,0.323,-0.0062,-0.0017
2026-01-30,placebo,lower,25759.6,2026-01-30T17:07,624,0.02,0.02,0.008,0.0198,0.7193,-0.02,57,200,0.996,62,1.0,-0.01,0.3124,0.3165,-0.0041,-0.0009
2026-01-30,placebo,lower,25758.06,2026-01-30T17:07,624,0.02,0.02,0.008,0.0198,0.7193,-0.02,57,200,0.996,62,1.0,-0.01,0.3124,0.3165,-0.0041,-0.0009
2026-01-30,placebo,lower,25809.77,2026-01-30T16:21,625,0.02,0.01,0.0104,0.0066,0.1818,-0.4661,110,251,0.793,62,1.0,-0.03,0.2981,0.299,-0.0009,-0.0001
2026-01-30,placebo,lower,25860.09,2026-01-30T16:21,626,0.02,0.01,0.0081,0.0095,0.4343,0.397,99,199,0.457,62,1.0,-0.01,0.2896,0.2905,-0.0009,-0.0014
2026-01-30,placebo,lower,25882.57,2026-01-30T15:30,627,0.02,0.01,0.0061,0.01,0.2,-0.4805,25,77,0.384,62,1.0,0.0,0.3097,0.307,0.0027,-0.0003
2026-01-30,placebo,lower,25861.12,2026-01-30T15:30,626,0.02,0.02,0.0075,0.0142,-0.1905,0.5748,42,381,1.849,62,1.0,0.0,0.3165,0.3148,0.0017,-0.0002
2026-01-30,placebo,lower,25699.11,2026-01-30T14:59,622,0.01,0.05,0.0106,0.0103,0.3892,-0.1111,203,27,0.574,58,1.0,,0.3713,0.3694,0.0019,-0.0006
2026-01-30,placebo,lower,25882.84,2026-01-30T14:59,627,0.01,0.02,0.0037,0.0121,0.9726,-0.181,73,105,0.686,58,1.0,,0.3288,0.3265,0.0023,0.0001
2026-01-30,placebo,lower,25703.21,2026-01-30T16:10,623,0.01,0.04,0.0114,0.0118,-0.0667,0.8333,150,60,0.466,62,1.0,0.0,0.3187,0.3197,-0.001,0.0001
2026-01-30,placebo,lower,25748.21,2026-01-30T16:10,624,0.01,0.02,0.0087,0.0075,0.4962,0.24,131,50,0.408,62,1.0,0.0,0.3068,0.3095,-0.0027,-0.0013
2026-01-30,placebo,upper,25639.8,2026-01-30T18:51,621,0.01,0.02,0.0136,0.0088,-0.1368,0.375,95,32,0.253,62,1.0,-0.01,0.3505,0.352,-0.0015,-0.0004
2026-01-30,placebo,upper,25804.58,2026-01-30T18:51,625,0.06,0.01,0.021,0.0253,0.3231,-0.5633,65,229,0.382,62,1.0,0.0,0.3198,0.3251,-0.0053,-0.0016
2026-01-30,placebo,upper,25875.37,2026-01-30T18:59,627,0.11,0.01,0.0315,0.0339,-0.443,-0.1886,79,350,0.769,62,1.0,0.0,0.3529,0.3487,0.0042,-0.001
2026-01-30,placebo,upper,25868.59,2026-01-30T18:59,627,0.11,0.01,0.0315,0.0339,-0.443,-0.1886,79,350,0.769,62,1.0,0.0,0.3529,0.3487,0.0042,-0.001
2026-01-30,placebo,upper,25690.46,2026-01-30T19:06,622,0.01,0.04,0.018,0.0156,0.085,0.3077,153,52,0.373,62,1.0,-0.04,0.3627,0.3578,0.0049,-0.0016
2026-01-30,placebo,upper,25729.12,2026-01-30T19:06,623,0.01,0.02,0.0117,0.0107,0.0238,-0.2558,84,43,0.406,62,1.0,-0.06,0.3554,0.354,0.0014,-0.0005
2026-01-30,placebo,upper,25685.52,2026-01-30T17:27,622,0.01,0.04,0.0174,0.0129,-0.3235,-0.3091,204,55,0.531,62,1.0,0.0,0.3047,0.2984,0.0063,0.0
2026-01-30,placebo,upper,25717.72,2026-01-30T17:27,623,0.01,0.01,0.0121,0.0042,0.6522,0.3559,92,59,0.417,62,1.0,0.0,0.2946,0.2902,0.0044,-0.0012
2026-01-30,placebo,upper,25775.34,2026-01-30T16:44,624,0.01,0.02,0.0127,0.0074,-0.6907,0.3611,194,72,0.565,62,1.0,0.0,0.2843,0.2833,0.001,0.0009
2026-01-30,placebo,upper,25908.27,2026-01-30T16:44,627,0.01,0.01,0.0049,0.0105,-0.5676,-0.1215,37,107,0.255,62,1.0,0.0,0.2586,0.2586,0.0,-0.0009
2026-01-30,placebo,upper,25995.14,2026-01-30T14:30,630,,,,,,,,,,0,,,,,,
2026-01-30,placebo,upper,26030.26,2026-01-30T14:30,631,,,,,,,,,,0,,,,,,
2026-01-30,placebo,upper,25990.7,2026-01-30T15:47,629,0.02,0.01,0.0085,0.0087,0.2,0.7846,45,65,0.268,62,1.0,0.0,0.2754,0.2728,0.0026,-0.0015
2026-01-30,placebo,upper,25814.87,2026-01-30T15:47,625,0.01,0.03,0.012,0.0082,-0.0275,0.5,109,28,0.367,62,1.0,0.0,0.3157,0.3138,0.0019,-0.0013
2026-01-30,placebo,upper,25864.61,2026-01-30T14:40,626,0.02,0.03,0.0117,0.0087,0.6941,-0.4328,85,67,1.183,20,1.0,,0.3699,0.3707,-0.0008,-0.0015
2026-01-30,placebo,upper,25897.58,2026-01-30T14:40,627,0.02,0.02,0.0096,0.0071,-0.9623,-0.6875,53,64,0.975,20,1.0,,0.3621,0.3621,0.0,0.0009
2026-01-30,round,,25900.0,2026-01-30T14:30,627,,,,,,,,,,0,,,,,,
