date,quarter,kind,dir,entry,dist_lvl,level,stop,target,outcome,pnl,R,risk,mfe,mae
2025-01-16,2025Q1,call_wall,-1,21439.0,-13.7,21452.72,21478.75,21379.38,target,59.62,1.5,39.75,61.0,2.75
2025-01-21,2025Q1,gamma_flip,1,21716.5,14.6,21731.07,21705.0,21733.75,stop,-13.0,-1.13,11.5,12.75,11.5
2025-01-21,2025Q1,gamma_flip,-1,21754.5,23.2,21731.32,21760.25,21745.88,stop,-7.25,-1.261,5.75,1.25,6.0
2025-01-22,2025Q1,call_wall,-1,22014.25,-127.2,22141.48,22041.0,21974.12,stop,-28.25,-1.056,26.75,15.75,27.5
2025-01-23,2025Q1,gamma_flip,1,21897.5,156.3,22053.78,21875.25,21930.88,stop,-23.75,-1.067,22.25,7.0,22.75
2025-01-23,2025Q1,gamma_flip,1,21926.0,87.1,22013.14,21916.25,21940.62,stop,-11.25,-1.154,9.75,1.75,12.75
2025-01-23,2025Q1,gamma_flip,1,21946.5,66.0,22012.5,21919.75,21986.62,timeout,20.5,0.766,26.75,32.25,3.0
2025-01-23,2025Q1,gamma_flip,-1,21948.75,20.5,21928.24,21954.0,21940.88,stop,-6.75,-1.286,5.25,4.75,5.75
2025-01-23,2025Q1,gamma_flip,-1,21959.25,28.9,21930.31,21989.0,21914.62,timeout,7.5,0.252,29.75,35.5,6.5
2025-01-24,2025Q1,gamma_flip,1,21995.5,49.4,22044.87,21991.25,22001.88,stop,-5.75,-1.353,4.25,4.25,4.25
2025-01-24,2025Q1,gamma_flip,-1,22000.75,79.0,21921.7,22039.75,21942.25,target,58.5,1.5,39.0,58.75,7.5
2025-01-24,2025Q1,gamma_flip,1,22006.0,79.9,22085.87,21968.0,22063.0,stop,-39.5,-1.039,38.0,1.75,39.5
2025-01-31,2025Q1,gamma_flip,1,21886.0,14.9,21900.93,21870.0,21910.0,stop,-17.5,-1.094,16.0,10.0,20.5
2025-01-31,2025Q1,gamma_flip,-1,21889.25,-13.3,21902.55,21927.5,21831.88,stop,-39.75,-1.039,38.25,4.5,38.25
2025-01-31,2025Q1,gamma_flip,-1,21911.75,9.8,21901.96,21944.0,21863.38,stop,-33.75,-1.047,32.25,18.5,37.25
2025-01-31,2025Q1,gamma_flip,-1,21922.75,20.3,21902.41,21928.0,21914.88,stop,-6.75,-1.286,5.25,4.25,5.25
2025-02-13,2025Q1,gamma_flip,-1,22033.5,164.1,21869.4,22061.75,21991.12,target,42.38,1.5,28.25,43.5,13.0
2025-02-19,2025Q1,gamma_flip,1,22146.25,77.6,22223.81,22124.0,22179.62,target,33.38,1.5,22.25,42.25,8.25
2025-02-19,2025Q1,gamma_flip,-1,22214.0,154.3,22059.67,22228.25,22192.62,stop,-15.75,-1.105,14.25,4.0,14.5
2025-02-20,2025Q1,put_wall,1,22060.75,33.6,22094.36,22036.0,22097.88,stop,-26.25,-1.061,24.75,13.75,30.75
2025-02-28,2025Q1,put_wall,1,20565.0,21.7,20586.68,20537.75,20605.88,target,40.88,1.5,27.25,41.75,23.5
2025-03-13,2025Q1,put_wall,1,19296.0,19.0,19315.05,19281.0,19318.5,target,22.5,1.5,15.0,26.75,10.25
2025-03-13,2025Q1,put_wall,-1,19311.0,405.9,18905.09,19322.0,19294.5,stop,-12.5,-1.136,11.0,13.75,11.75
2025-03-13,2025Q1,put_wall,1,19311.0,6.1,19317.06,19288.25,19345.12,stop,-24.25,-1.066,22.75,23.0,24.25
2025-03-17,2025Q1,put_wall,1,19689.0,-379.5,19309.51,19656.75,19737.38,stop,-33.75,-1.047,32.25,23.0,32.5
2025-03-20,2025Q1,put_wall,1,19888.5,-183.2,19705.33,19855.25,19938.38,target,49.88,1.5,33.25,50.0,24.0
2025-03-24,2025Q1,call_wall,-1,20377.25,-138.7,20515.91,20395.5,20349.88,eod,5.25,0.288,18.25,16.5,6.75
2025-04-01,2025Q2,call_wall,-1,19432.5,22.7,19409.79,19437.25,19425.38,target,7.12,1.5,4.75,8.0,0.75
2025-04-16,2025Q2,put_wall,1,18628.0,-3.5,18624.45,18594.75,18677.88,stop,-34.75,-1.045,33.25,26.0,34.25
2025-05-01,2025Q2,call_wall,-1,20091.5,-562.7,20654.15,20129.75,20034.12,target,57.38,1.5,38.25,58.25,1.0
2025-05-01,2025Q2,gamma_flip,-1,20091.5,57.0,20034.53,20129.75,20034.12,target,57.38,1.5,38.25,58.25,1.0
2025-05-05,2025Q2,gamma_flip,1,20022.5,622.0,20644.51,20004.25,20049.88,target,27.38,1.5,18.25,27.5,9.75
2025-05-05,2025Q2,gamma_flip,-1,20170.0,1599.6,18570.37,20194.75,20132.88,target,37.12,1.5,24.75,38.25,0.0
2025-05-08,2025Q2,gamma_flip,-1,20305.0,78.6,20226.36,20320.5,20281.75,stop,-17.0,-1.097,15.5,14.0,18.5
2025-05-09,2025Q2,gamma_flip,-1,20244.0,27.2,20216.85,20279.0,20191.5,target,52.5,1.5,35.0,52.75,4.75
2025-05-16,2025Q2,gamma_flip,1,21384.0,56.0,21440.03,21371.5,21402.75,target,18.75,1.5,12.5,19.0,1.0
2025-05-16,2025Q2,gamma_flip,-1,21412.5,795.9,20616.56,21447.25,21360.38,stop,-36.25,-1.043,34.75,7.0,35.0
2025-05-19,2025Q2,gamma_flip,-1,21531.0,1947.3,19583.74,21548.5,21504.75,target,26.25,1.5,17.5,26.75,12.75
2025-05-20,2025Q2,gamma_flip,1,21438.25,203.9,21642.15,21404.0,21489.62,stop,-35.75,-1.044,34.25,3.25,36.25
2025-05-20,2025Q2,gamma_flip,-1,21465.5,483.3,20982.22,21478.25,21446.38,target,19.12,1.5,12.75,19.25,5.25
2025-05-21,2025Q2,gamma_flip,-1,21534.75,553.1,20981.68,21546.25,21517.5,stop,-13.0,-1.13,11.5,6.5,13.5
2025-05-23,2025Q2,put_wall,1,21019.0,-216.5,20802.53,20983.0,21073.0,eod,21.0,0.583,36.0,34.5,9.25
2025-05-27,2025Q2,gamma_flip,-1,21433.0,24.1,21408.87,21447.0,21412.0,stop,-15.5,-1.107,14.0,4.0,17.0
2025-05-28,2025Q2,gamma_flip,1,21439.0,173.0,21611.98,21429.0,21454.0,stop,-11.5,-1.15,10.0,8.25,13.0
2025-06-02,2025Q2,gamma_flip,-1,21514.25,30.2,21484.0,21534.0,21484.62,stop,-21.25,-1.076,19.75,8.25,20.75
2025-06-12,2025Q2,put_wall,1,21850.0,17.3,21867.26,21839.25,21866.12,target,16.12,1.5,10.75,16.75,1.75
2025-06-12,2025Q2,put_wall,-1,21934.5,66.2,21868.26,21953.0,21906.75,stop,-20.0,-1.081,18.5,6.5,19.5
2025-06-17,2025Q2,gamma_flip,1,22060.0,142.2,22202.24,22022.0,22117.0,target,57.0,1.5,38.0,57.0,13.5
2025-06-23,2025Q2,gamma_flip,1,21998.0,834.5,22832.45,21959.0,22056.5,stop,-40.5,-1.038,39.0,20.0,39.25
2025-06-25,2025Q2,gamma_flip,1,22420.0,-4.4,22415.57,22384.5,22473.25,timeout,31.25,0.88,35.5,31.5,12.5
2025-06-30,2025Q2,call_wall,-1,22810.0,-11.2,22821.2,22845.25,22757.12,stop,-36.75,-1.043,35.25,29.0,37.0
2025-06-30,2025Q2,call_wall,-1,22829.25,8.8,22820.48,22852.25,22794.75,target,34.5,1.5,23.0,42.75,4.75
2025-06-30,2025Q2,call_wall,1,22836.75,-15.2,22821.56,22797.5,22895.62,timeout,11.25,0.287,39.25,30.75,7.25
2025-06-30,2025Q2,call_wall,-1,22839.75,18.1,22821.66,22846.0,22830.38,target,9.38,1.5,6.25,11.75,1.75
2025-06-30,2025Q2,call_wall,1,22849.75,177.9,23027.69,22828.0,22882.38,stop,-23.25,-1.069,21.75,16.75,22.5
2025-07-01,2025Q3,gamma_flip,-1,22735.5,126.5,22609.0,22753.5,22708.5,target,27.0,1.5,18.0,27.0,10.75
2025-07-01,2025Q3,gamma_flip,1,22744.75,72.3,22817.01,22716.75,22786.75,stop,-29.5,-1.054,28.0,1.5,28.0
2025-07-02,2025Q3,gamma_flip,-1,22810.75,205.1,22605.61,22835.75,22773.25,stop,-26.5,-1.06,25.0,9.75,26.0
2025-07-02,2025Q3,call_wall,1,22822.75,406.6,23229.34,22806.5,22847.12,timeout,13.75,0.846,16.25,22.25,13.25
2025-07-02,2025Q3,call_wall,1,22823.0,-7.7,22815.26,22794.25,22866.12,timeout,8.75,0.304,28.75,22.0,13.5
2025-07-02,2025Q3,call_wall,-1,22831.5,17.3,22814.15,22851.5,22801.5,target,30.0,1.5,20.0,30.75,4.75
2025-07-07,2025Q3,gamma_flip,1,22858.0,147.8,23005.85,22842.75,22880.88,stop,-16.75,-1.098,15.25,4.0,16.25
2025-07-07,2025Q3,gamma_flip,1,22871.75,134.8,23006.5,22847.25,22908.5,stop,-26.0,-1.061,24.5,9.5,29.0
2025-07-07,2025Q3,gamma_flip,-1,22872.0,73.1,22798.87,22885.25,22852.12,target,19.88,1.5,13.25,22.75,1.25
2025-07-10,2025Q3,gamma_flip,1,22960.75,34.6,22995.35,22930.75,23005.75,target,45.0,1.5,30.0,45.0,9.25
2025-07-10,2025Q3,gamma_flip,-1,23019.25,231.2,22788.09,23025.75,23009.5,target,9.75,1.5,6.5,9.75,6.25
2025-07-11,2025Q3,gamma_flip,1,22996.0,33.9,23029.93,22956.0,23056.0,timeout,-6.0,-0.15,40.0,22.75,8.75
2025-07-11,2025Q3,gamma_flip,-1,23006.75,18.6,22988.14,23012.75,22997.75,stop,-7.5,-1.25,6.0,0.25,6.25
2025-07-11,2025Q3,gamma_flip,-1,23009.0,20.2,22988.84,23015.75,22998.88,stop,-8.25,-1.222,6.75,4.25,6.75
2025-07-15,2025Q3,gamma_flip,1,23095.5,10.1,23105.64,23073.75,23128.12,eod,15.0,0.69,21.75,17.25,13.75
2025-07-15,2025Q3,gamma_flip,-1,23153.0,87.3,23065.65,23185.0,23105.0,target,48.0,1.5,32.0,49.0,15.0
2025-07-17,2025Q3,gamma_flip,-1,23224.5,81.9,23142.64,23248.0,23189.25,stop,-25.0,-1.064,23.5,7.0,23.5
2025-07-21,2025Q3,gamma_flip,-1,23389.0,216.6,23172.41,23411.5,23355.25,stop,-24.0,-1.067,22.5,1.75,30.25
2025-07-24,2025Q3,gamma_flip,1,23356.5,-28.9,23327.59,23330.25,23395.88,stop,-27.75,-1.057,26.25,8.0,26.5
2025-07-24,2025Q3,gamma_flip,-1,23376.0,89.0,23287.02,23401.75,23337.38,timeout,28.25,1.097,25.75,36.0,24.5
2025-07-25,2025Q3,gamma_flip,-1,23407.0,44.3,23362.69,23427.5,23376.25,stop,-22.0,-1.073,20.5,16.0,22.25
2025-07-31,2025Q3,call_wall,-1,23553.0,-6.4,23559.36,23588.5,23499.75,target,53.25,1.5,35.5,55.0,2.0
2025-07-31,2025Q3,gamma_flip,1,23561.25,-1.9,23559.36,23535.0,23600.62,stop,-27.75,-1.057,26.25,1.25,34.0
2025-07-31,2025Q3,call_wall,-1,23606.0,-158.9,23764.87,23621.0,23583.5,target,22.5,1.5,15.0,23.75,1.75
2025-07-31,2025Q3,gamma_flip,-1,23606.0,89.1,23516.89,23621.0,23583.5,target,22.5,1.5,15.0,23.75,1.75
2025-08-07,2025Q3,gamma_flip,1,23529.0,3.1,23532.06,23505.75,23563.88,stop,-24.75,-1.065,23.25,20.25,26.5
2025-08-07,2025Q3,gamma_flip,-1,23543.25,11.6,23531.61,23561.5,23515.88,target,27.38,1.5,18.25,27.5,15.25
2025-08-07,2025Q3,call_wall,-1,23634.75,18.0,23616.78,23650.0,23611.88,target,22.88,1.5,15.25,23.5,13.25
2025-08-14,2025Q3,gamma_flip,1,23911.5,17.2,23928.75,23889.5,23944.5,target,33.0,1.5,22.0,33.75,1.25
2025-08-14,2025Q3,call_wall,-1,23926.25,-208.2,24134.44,23964.25,23869.25,stop,-39.5,-1.039,38.0,21.5,38.5
2025-08-14,2025Q3,call_wall,-1,23933.75,6.6,23927.16,23958.75,23896.25,stop,-26.5,-1.06,25.0,7.25,26.25
2025-08-20,2025Q3,put_wall,1,23092.0,-7.9,23084.12,23059.5,23140.75,stop,-34.0,-1.046,32.5,17.25,33.5
2025-08-28,2025Q3,gamma_flip,-1,23738.75,59.2,23679.58,23770.0,23691.88,stop,-32.75,-1.048,31.25,16.5,34.5
2025-09-05,2025Q3,gamma_flip,-1,23865.5,9.9,23855.58,23897.25,23817.88,target,47.62,1.5,31.75,54.5,4.75
2025-09-08,2025Q3,gamma_flip,1,23842.0,10.1,23852.11,23825.75,23866.38,target,24.38,1.5,16.25,24.75,3.75
2025-09-08,2025Q3,gamma_flip,-1,23844.25,-8.1,23852.35,23880.0,23790.62,target,53.62,1.5,35.75,54.25,9.75
2025-09-08,2025Q3,gamma_flip,-1,23846.25,-6.1,23852.38,23880.25,23795.25,stop,-35.5,-1.044,34.0,40.0,35.75
2025-09-08,2025Q3,gamma_flip,-1,23882.25,29.2,23853.03,23892.0,23867.62,target,14.62,1.5,9.75,14.75,4.5
2025-09-10,2025Q3,gamma_flip,1,23909.5,18.5,23927.98,23903.25,23918.88,target,9.38,1.5,6.25,9.5,5.0
2025-09-11,2025Q3,gamma_flip,-1,23987.5,60.8,23926.68,24024.0,23932.75,stop,-38.0,-1.041,36.5,12.5,36.5
2025-09-15,2025Q3,call_wall,1,24504.75,185.3,24690.03,24486.5,24532.12,target,27.38,1.5,18.25,27.5,0.75
2025-09-15,2025Q3,call_wall,-1,24510.0,62.4,24447.61,24525.75,24486.38,stop,-17.25,-1.095,15.75,19.5,15.75
2025-09-17,2025Q3,gamma_flip,-1,24412.75,2018.6,22394.13,24449.0,24358.38,timeout,-7.5,-0.207,36.25,23.5,10.75
2025-09-17,2025Q3,gamma_flip,1,24415.25,145.2,24560.44,24404.0,24432.12,stop,-12.75,-1.133,11.25,8.25,17.25
2025-09-17,2025Q3,gamma_flip,1,24458.75,17.8,24476.59,24449.75,24472.25,stop,-10.5,-1.167,9.0,5.25,9.25
2025-09-29,2025Q3,gamma_flip,1,24850.75,37.5,24888.24,24826.75,24886.75,stop,-25.5,-1.062,24.0,0.25,24.75
2025-10-01,2025Q4,gamma_flip,-1,24931.75,11.0,24920.76,24952.75,24900.25,stop,-22.5,-1.071,21.0,3.0,21.25
2025-10-07,2025Q4,gamma_flip,-1,25239.25,377.6,24861.64,25268.75,25195.0,target,44.25,1.5,29.5,44.75,18.25
2025-10-08,2025Q4,gamma_flip,-1,25265.25,158.2,25107.07,25272.75,25254.0,stop,-9.0,-1.2,7.5,0.25,11.0
2025-10-10,2025Q4,gamma_flip,-1,25343.5,8.7,25334.8,25374.75,25296.62,target,46.88,1.5,31.25,53.5,13.25
2025-10-20,2025Q4,gamma_flip,-1,25303.25,24.0,25279.23,25317.75,25281.5,stop,-16.0,-1.103,14.5,12.5,15.25
2025-10-20,2025Q4,gamma_flip,1,25309.5,11.4,25320.86,25292.25,25335.38,stop,-18.75,-1.087,17.25,4.25,17.25
2025-10-20,2025Q4,gamma_flip,-1,25327.0,47.4,25279.57,25349.5,25293.25,target,33.75,1.5,22.5,34.75,1.0
2025-10-27,2025Q4,call_wall,1,25824.75,218.1,26042.87,25808.25,25849.5,target,24.75,1.5,16.5,25.25,16.25
2025-10-30,2025Q4,put_wall,1,26018.75,-192.2,25826.5,25979.5,26077.62,stop,-40.75,-1.038,39.25,0.5,40.75
2025-11-04,2025Q4,put_wall,1,25610.5,-1.9,25608.61,25577.75,25659.62,eod,20.25,0.618,32.75,23.75,16.25
2025-11-04,2025Q4,put_wall,1,25771.25,-164.0,25607.3,25734.25,25826.75,stop,-38.5,-1.041,37.0,25.25,37.25
2025-11-06,2025Q4,put_wall,1,25343.75,-156.8,25186.93,25315.75,25385.75,stop,-29.5,-1.054,28.0,7.25,28.0
2025-11-07,2025Q4,put_wall,1,24721.0,43.6,24764.6,24716.0,24728.5,target,7.5,1.5,5.0,8.5,2.25
2025-11-20,2025Q4,put_wall,1,24273.75,41.6,24315.35,24256.25,24300.0,target,26.25,1.5,17.5,28.75,10.25
2025-12-02,2025Q4,gamma_flip,-1,25577.5,2326.2,23251.3,25614.25,25522.38,stop,-38.25,-1.041,36.75,14.25,38.5
2025-12-02,2025Q4,gamma_flip,1,25604.75,115.5,25720.23,25576.75,25646.75,target,42.0,1.5,28.0,42.0,26.25
2025-12-02,2025Q4,gamma_flip,-1,25627.75,-94.8,25722.57,25658.75,25581.25,target,46.5,1.5,31.0,49.25,19.5
2025-12-05,2025Q4,gamma_flip,-1,25707.5,2264.3,23443.2,25743.0,25654.25,stop,-37.0,-1.042,35.5,7.5,36.0
2025-12-05,2025Q4,gamma_flip,-1,25835.25,-76.5,25911.72,25872.0,25780.12,target,55.12,1.5,36.75,55.25,26.0
2025-12-09,2025Q4,gamma_flip,1,25615.0,495.6,26110.61,25592.0,25649.5,target,34.5,1.5,23.0,35.75,9.5
2025-12-09,2025Q4,gamma_flip,-1,25635.0,2198.8,23436.2,25652.5,25608.75,stop,-19.0,-1.086,17.5,7.0,17.75
2025-12-09,2025Q4,gamma_flip,1,25662.5,447.8,26110.29,25633.25,25706.38,target,43.88,1.5,29.25,45.0,27.0
2025-12-09,2025Q4,gamma_flip,1,25693.5,251.4,25944.94,25685.75,25705.12,stop,-9.25,-1.194,7.75,5.0,8.75
2025-12-09,2025Q4,gamma_flip,-1,25713.75,2276.8,23436.96,25720.0,25704.38,target,9.38,1.5,6.25,9.5,1.25
2025-12-09,2025Q4,gamma_flip,1,25727.0,178.1,25905.14,25696.75,25772.38,stop,-31.75,-1.05,30.25,6.0,30.25
2026-01-06,2026Q1,gamma_flip,-1,25772.25,2419.4,23352.88,25783.0,25756.12,target,16.12,1.5,10.75,17.25,0.75
2026-01-07,2026Q1,gamma_flip,1,25951.75,5.0,25956.74,25922.0,25996.38,stop,-31.25,-1.05,29.75,27.25,34.0
2026-01-07,2026Q1,gamma_flip,-1,25953.25,-2.2,25955.5,25983.0,25908.62,target,44.62,1.5,29.75,45.0,2.25
2026-01-07,2026Q1,gamma_flip,-1,25984.5,27.8,25956.75,25993.0,25971.75,stop,-10.0,-1.176,8.5,9.5,9.0
2026-01-12,2026Q1,call_wall,-1,25961.25,18.0,25943.26,25967.5,25951.88,stop,-7.75,-1.24,6.25,1.75,7.25
2026-01-12,2026Q1,call_wall,1,25969.5,99.4,26068.9,25934.25,26022.38,timeout,16.5,0.468,35.25,28.0,10.5
2026-01-13,2026Q1,call_wall,-1,26003.75,-62.3,26066.01,26029.75,25964.75,target,39.0,1.5,26.0,39.5,2.75
2026-01-27,2026Q1,call_wall,-1,26071.25,-372.2,26443.44,26102.5,26024.38,stop,-32.75,-1.048,31.25,6.0,31.25
2026-01-28,2026Q1,gamma_flip,1,26187.0,46.0,26232.98,26155.5,26234.25,stop,-33.0,-1.048,31.5,11.5,32.5
2026-02-05,2026Q1,put_wall,-1,24737.75,388.5,24349.24,24743.5,24729.12,stop,-7.25,-1.261,5.75,6.0,5.75
2026-02-23,2026Q1,put_wall,1,24701.0,7.4,24708.41,24673.5,24742.25,target,41.25,1.5,27.5,41.75,7.25
2026-02-23,2026Q1,put_wall,1,24707.0,-410.7,24296.33,24679.75,24747.88,stop,-28.75,-1.055,27.25,9.0,28.25
2026-02-23,2026Q1,put_wall,-1,24785.0,75.8,24709.19,24824.25,24726.12,target,58.88,1.5,39.25,59.0,16.75
2026-03-18,2026Q1,put_wall,1,24832.5,-382.3,24450.24,24807.75,24869.62,target,37.12,1.5,24.75,38.0,1.5
2026-03-19,2026Q1,put_wall,1,24429.75,17.9,24447.68,24423.0,24439.88,stop,-8.25,-1.222,6.75,1.25,7.75
2026-03-19,2026Q1,put_wall,-1,24431.0,813.5,23617.47,24446.0,24408.5,stop,-16.5,-1.1,15.0,9.5,15.0
2026-03-19,2026Q1,put_wall,1,24441.5,6.6,24448.11,24421.0,24472.25,target,30.75,1.5,20.5,31.75,5.75
2026-04-01,2026Q2,call_wall,-1,24265.5,-1214.2,25479.75,24290.75,24227.62,stop,-26.75,-1.059,25.25,35.75,26.5
2026-04-08,2026Q2,gamma_flip,1,25039.0,10.0,25049.04,25022.75,25063.38,stop,-17.75,-1.092,16.25,23.0,16.5
2026-04-08,2026Q2,gamma_flip,1,25073.5,-24.3,25049.18,25038.5,25126.0,stop,-36.5,-1.043,35.0,9.75,37.25
2026-04-08,2026Q2,gamma_flip,1,25093.0,-6.2,25086.8,25061.0,25141.0,stop,-33.5,-1.047,32.0,38.75,37.0
2026-04-10,2026Q2,gamma_flip,1,25302.0,21.2,25323.17,25294.5,25313.25,stop,-9.0,-1.2,7.5,2.5,7.75
2026-04-13,2026Q2,gamma_flip,-1,25424.75,61.4,25363.38,25443.5,25396.62,target,28.12,1.5,18.75,28.75,7.0
2026-04-21,2026Q2,gamma_flip,-1,26696.75,647.6,26049.19,26734.5,26640.12,stop,-39.25,-1.04,37.75,32.0,44.75
2026-04-24,2026Q2,call_wall,-1,27318.75,-163.0,27481.71,27348.75,27273.75,stop,-31.5,-1.05,30.0,11.25,41.75
2026-04-28,2026Q2,gamma_flip,-1,27127.5,67.4,27060.11,27152.0,27090.75,stop,-26.0,-1.061,24.5,4.5,24.5
2026-04-29,2026Q2,gamma_flip,1,27260.25,6.8,27267.1,27227.25,27309.75,stop,-34.5,-1.045,33.0,13.25,33.5
2026-04-29,2026Q2,gamma_flip,-1,27284.25,225.7,27058.52,27319.5,27231.38,target,52.88,1.5,35.25,58.25,6.0
2026-04-30,2026Q2,gamma_flip,-1,27404.75,326.5,27078.26,27421.0,27380.38,stop,-17.75,-1.092,16.25,0.75,18.5
2026-05-12,2026Q2,put_wall,1,28822.0,-603.9,28218.12,28791.5,28867.75,stop,-32.0,-1.049,30.5,7.75,30.5
2026-05-12,2026Q2,gamma_flip,1,28973.75,316.5,29290.3,28943.5,29019.12,target,45.38,1.5,30.25,45.75,24.0
2026-05-18,2026Q2,put_wall,1,28835.0,26.4,28861.38,28819.75,28857.88,stop,-16.75,-1.098,15.25,2.25,19.25
2026-05-19,2026Q2,gamma_flip,-1,29026.25,2022.6,27003.69,29065.5,28967.38,target,58.88,1.5,39.25,59.25,33.5
2026-05-21,2026Q2,call_wall,-1,29519.0,-155.5,29674.47,29558.0,29460.5,target,58.5,1.5,39.0,59.5,2.5
2026-05-21,2026Q2,gamma_flip,-1,29519.0,380.3,29138.68,29558.0,29460.5,target,58.5,1.5,39.0,59.5,2.5
2026-05-28,2026Q2,call_wall,-1,30234.0,-660.2,30894.2,30248.0,30213.0,target,21.0,1.5,14.0,21.5,6.75
2026-05-28,2026Q2,gamma_flip,-1,30234.0,1811.3,28422.66,30248.0,30213.0,target,21.0,1.5,14.0,21.5,6.75
2026-06-01,2026Q2,gamma_flip,1,30320.25,149.5,30469.73,30292.75,30361.5,stop,-29.0,-1.055,27.5,3.5,28.25
2026-06-01,2026Q2,gamma_flip,-1,30433.75,15.4,30418.35,30451.25,30407.5,stop,-19.0,-1.086,17.5,21.25,20.0
2026-06-03,2026Q2,gamma_flip,-1,30652.25,197.9,30454.35,30686.25,30601.25,timeout,-16.25,-0.478,34.0,41.0,17.25
2026-06-10,2026Q2,put_wall,-1,28805.0,840.0,27964.99,28819.25,28783.62,stop,-15.75,-1.105,14.25,6.5,16.5
2026-06-11,2026Q2,put_wall,1,28761.0,23.7,28784.7,28751.75,28774.88,target,13.88,1.5,9.25,16.0,0.0
2026-06-15,2026Q2,call_wall,-1,30742.25,24.0,30718.28,30768.0,30703.62,target,38.62,1.5,25.75,40.25,20.25
