date,quarter,kind,dir,entry,pen,dist_lvl,level,stop,target,outcome,pnl,R,risk,mfe,mae
2023-04-03,2023Q2,RND0,-1,4149.5,6.0,-0.5,4150.0,4157.0,4138.25,eod,-4.25,-0.567,7.5,0.0,4.5
2023-04-04,2023Q2,RND0,1,4125.25,5.5,-0.25,4125.0,4118.5,4135.38,stop,-7.25,-1.074,6.75,3.0,6.75
2023-04-04,2023Q2,RND0,1,4126.0,5.0,-1.0,4125.0,4119.0,4136.5,stop,-7.5,-1.071,7.0,2.25,7.5
2023-04-10,2023Q2,RND1,-1,4124.5,4.25,-0.5,4125.0,4130.25,4115.88,stop,-6.25,-1.087,5.75,0.5,5.75
2023-04-10,2023Q2,RND1,-1,4124.75,6.0,-0.25,4125.0,4132.0,4113.88,stop,-7.75,-1.069,7.25,0.5,7.25
2023-04-12,2023Q2,RND1,-1,4148.75,4.5,-1.25,4150.0,4155.5,4138.62,target,10.12,1.5,6.75,12.0,5.75
2023-04-12,2023Q2,RND1,-1,4149.75,4.5,-0.25,4150.0,4155.5,4141.12,timeout,-1.5,-0.261,5.75,7.0,4.75
2023-04-18,2023Q2,RND0,-1,4173.25,4.5,-1.75,4175.0,4180.5,4162.38,stop,-7.75,-1.069,7.25,0.75,7.5
2023-04-18,2023Q2,RND0,-1,4174.75,4.25,-0.25,4175.0,4180.25,4166.5,stop,-6.0,-1.091,5.5,2.25,5.5
2023-04-20,2023Q2,RND0,1,4151.0,4.5,-1.0,4150.0,4144.5,4160.75,stop,-7.0,-1.077,6.5,1.75,6.5
2023-04-21,2023Q2,RND0,1,4151.75,4.75,-1.75,4150.0,4144.25,4163.0,stop,-8.0,-1.067,7.5,0.75,7.5
2023-04-26,2023Q2,RND1,1,4100.25,5.0,-0.25,4100.0,4094.0,4109.62,stop,-6.75,-1.08,6.25,2.0,6.75
2023-04-27,2023Q2,RND0,-1,4098.75,5.5,-1.25,4100.0,4106.5,4087.12,stop,-8.25,-1.065,7.75,0.75,7.75
2023-05-01,2023Q2,RND0,-1,4199.5,6.25,-0.5,4200.0,4207.25,4187.88,timeout,4.5,0.581,7.75,4.75,2.5
2023-05-02,2023Q2,RND0,1,4125.75,4.25,-0.75,4125.0,4119.75,4134.75,stop,-6.5,-1.083,6.0,0.75,6.25
2023-05-03,2023Q2,RND0,1,4126.75,4.25,-1.75,4125.0,4119.75,4137.25,stop,-7.5,-1.071,7.0,8.0,7.0
2023-05-03,2023Q2,RND1,-1,4149.25,6.25,-0.75,4150.0,4157.25,4137.25,target,12.0,1.5,8.0,12.0,4.25
2023-05-03,2023Q2,RND1,-1,4149.75,4.5,-0.25,4150.0,4155.5,4141.12,target,8.62,1.5,5.75,8.75,3.0
2023-05-04,2023Q2,RND0,1,4077.0,4.25,-2.0,4075.0,4069.75,4087.88,target,10.88,1.5,7.25,11.0,1.75
2023-05-08,2023Q2,RND0,-1,4147.75,4.75,-2.25,4150.0,4155.75,4135.75,stop,-8.5,-1.062,8.0,10.25,8.0
2023-05-15,2023Q2,RND1,-1,4149.5,5.25,-0.5,4150.0,4156.25,4139.38,target,10.12,1.5,6.75,10.25,1.25
2023-05-19,2023Q2,RND0,1,4200.25,6.75,-0.25,4200.0,4192.25,4212.25,timeout,5.25,0.656,8.0,8.75,0.5
2023-05-24,2023Q2,RND0,1,4125.25,6.25,-0.25,4125.0,4117.75,4136.5,stop,-8.0,-1.067,7.5,2.25,7.75
2023-05-31,2023Q2,RND1,-1,4198.0,4.5,-2.0,4200.0,4205.5,4186.75,target,11.25,1.5,7.5,11.5,1.5
2023-06-05,2023Q2,RND1,-1,4297.0,4.25,-3.0,4300.0,4305.25,4284.62,timeout,1.5,0.182,8.25,11.25,1.75
2023-06-07,2023Q2,RND0,1,4275.5,5.75,-0.5,4275.0,4268.25,4286.38,timeout,0.25,0.034,7.25,6.75,4.5
2023-06-07,2023Q2,RND1,-1,4298.5,4.75,-1.5,4300.0,4305.75,4287.62,target,10.88,1.5,7.25,11.5,4.0
2023-06-08,2023Q2,RND0,-1,4274.75,4.5,-0.25,4275.0,4280.5,4266.12,stop,-6.25,-1.087,5.75,1.25,5.75
2023-06-09,2023Q2,RND0,1,4300.25,6.0,-0.25,4300.0,4293.0,4311.12,timeout,4.75,0.655,7.25,4.75,6.0
2023-06-09,2023Q2,RND0,1,4301.25,5.75,-1.25,4300.0,4293.25,4313.25,timeout,7.75,0.969,8.0,10.5,1.5
2023-06-16,2023Q2,RND0,1,4475.25,4.5,-0.25,4475.0,4469.5,4483.88,stop,-6.25,-1.087,5.75,6.75,6.75
2023-06-21,2023Q2,RND0,-1,4424.0,5.75,-1.0,4425.0,4431.75,4412.38,target,11.62,1.5,7.75,11.75,4.5
2023-06-28,2023Q2,RND1,-1,4424.5,5.25,-0.5,4425.0,4431.25,4414.38,target,10.12,1.5,6.75,10.25,1.0
2023-07-06,2023Q3,RND0,1,4425.5,4.5,-0.5,4425.0,4419.5,4434.5,stop,-6.5,-1.083,6.0,0.25,6.0
2023-07-11,2023Q3,RND0,1,4450.25,5.75,-0.25,4450.0,4443.25,4460.75,stop,-7.5,-1.071,7.0,1.75,7.0
2023-07-18,2023Q3,RND1,-1,4574.0,4.5,-1.0,4575.0,4580.5,4564.25,timeout,-3.5,-0.538,6.5,4.25,3.5
2023-07-19,2023Q3,RND0,1,4600.25,4.25,-0.25,4600.0,4594.75,4608.5,stop,-6.0,-1.091,5.5,0.5,5.75
2023-07-20,2023Q3,RND0,1,4575.75,4.25,-0.75,4575.0,4569.75,4584.75,target,9.0,1.5,6.0,9.0,1.0
2023-07-24,2023Q3,RND0,1,4575.25,6.25,-0.25,4575.0,4567.75,4586.5,timeout,7.5,1.0,7.5,10.0,4.75
2023-07-24,2023Q3,RND0,1,4575.75,4.5,-0.75,4575.0,4569.5,4585.12,target,9.38,1.5,6.25,9.5,0.25
2023-07-25,2023Q3,RND0,-1,4599.25,4.25,-0.75,4600.0,4605.25,4590.25,eod,-0.25,-0.042,6.0,0.75,3.25
2023-07-27,2023Q3,RND1,1,4600.75,4.5,-0.75,4600.0,4594.5,4610.12,stop,-6.75,-1.08,6.25,0.0,6.25
2023-07-28,2023Q3,RND0,-1,4599.5,4.5,-0.5,4600.0,4605.5,4590.5,stop,-6.5,-1.083,6.0,0.75,6.0
2023-08-03,2023Q3,RND0,-1,4523.75,6.25,-1.25,4525.0,4532.25,4511.0,stop,-9.0,-1.059,8.5,0.0,8.5
2023-08-03,2023Q3,RND0,1,4526.25,5.0,-1.25,4525.0,4519.0,4537.12,eod,-2.25,-0.31,7.25,2.0,3.25
2023-08-10,2023Q3,RND1,1,4500.25,4.25,-0.25,4500.0,4494.75,4508.5,stop,-6.0,-1.091,5.5,1.0,5.5
2023-08-10,2023Q3,RND1,1,4502.5,4.75,-2.5,4500.0,4494.25,4514.88,stop,-8.75,-1.061,8.25,2.0,8.75
2023-08-11,2023Q3,RND0,1,4475.25,4.75,-0.25,4475.0,4469.25,4484.25,target,9.0,1.5,6.0,9.5,1.0
2023-08-11,2023Q3,RND0,1,4475.5,4.25,-0.5,4475.0,4469.75,4484.12,timeout,2.25,0.391,5.75,6.5,5.25
2023-08-16,2023Q3,RND1,-1,4449.75,4.5,-0.25,4450.0,4455.5,4441.12,target,8.62,1.5,5.75,8.75,0.75
2023-08-17,2023Q3,RND1,1,4425.75,5.25,-0.75,4425.0,4418.75,4436.25,stop,-7.5,-1.071,7.0,3.25,7.0
2023-08-18,2023Q3,RND0,-1,4374.25,6.0,-0.75,4375.0,4382.0,4362.62,stop,-8.25,-1.065,7.75,7.0,7.75
2023-08-21,2023Q3,RND1,-1,4398.75,5.75,-1.25,4400.0,4406.75,4386.75,stop,-8.5,-1.062,8.0,5.25,8.0
2023-08-23,2023Q3,RND1,-1,4449.25,5.25,-0.75,4450.0,4456.25,4438.75,timeout,1.0,0.143,7.0,7.0,1.25
2023-08-25,2023Q3,RND1,1,4401.0,5.5,-1.0,4400.0,4393.5,4412.25,stop,-8.0,-1.067,7.5,5.5,8.25
2023-08-29,2023Q3,RND0,-1,4449.75,6.75,-0.25,4450.0,4457.75,4437.75,stop,-8.5,-1.062,8.0,0.0,8.0
2023-08-29,2023Q3,RND2,1,4500.25,4.5,-0.25,4500.0,4494.5,4508.88,eod,7.25,1.261,5.75,8.25,2.25
2023-08-30,2023Q3,RND0,-1,4523.5,5.0,-1.5,4525.0,4531.0,4512.25,timeout,-3.5,-0.467,7.5,0.5,7.25
2023-08-30,2023Q3,RND0,-1,4524.75,5.75,-0.25,4525.0,4531.75,4514.25,timeout,5.5,0.786,7.0,5.25,3.75
2023-08-31,2023Q3,RND0,1,4525.75,5.75,-0.75,4525.0,4518.25,4537.0,eod,1.0,0.133,7.5,1.5,4.5
2023-09-07,2023Q3,RND0,1,4450.5,4.5,-0.5,4450.0,4444.5,4459.5,timeout,3.0,0.5,6.0,8.75,0.5
2023-09-11,2023Q3,RND0,-1,4524.5,5.0,-0.5,4525.0,4531.0,4514.75,stop,-7.0,-1.077,6.5,2.25,6.5
2023-09-12,2023Q3,RND0,-1,4524.5,4.25,-0.5,4525.0,4530.25,4515.88,stop,-6.25,-1.087,5.75,1.0,5.75
2023-09-15,2023Q3,RND0,1,4500.25,5.0,-0.25,4500.0,4494.0,4509.62,timeout,0.75,0.12,6.25,6.75,3.5
2023-09-21,2023Q3,RND0,1,4400.25,5.0,-0.25,4400.0,4394.0,4409.62,stop,-6.75,-1.08,6.25,3.75,6.75
2023-09-21,2023Q3,RND0,1,4400.75,4.25,-0.75,4400.0,4394.75,4409.75,stop,-6.5,-1.083,6.0,3.25,7.25
2023-09-22,2023Q3,RND0,1,4375.25,5.5,-0.25,4375.0,4368.5,4385.38,stop,-7.25,-1.074,6.75,1.75,6.75
2023-09-27,2023Q3,RND0,1,4300.5,5.75,-0.5,4300.0,4293.25,4311.38,stop,-7.75,-1.069,7.25,0.75,8.75
2023-09-28,2023Q3,RND0,-1,4324.25,5.25,-0.75,4325.0,4331.25,4313.75,stop,-7.5,-1.071,7.0,0.75,7.0
2023-09-28,2023Q3,RND1,-1,4349.0,4.5,-1.0,4350.0,4355.5,4339.25,target,9.75,1.5,6.5,10.0,0.75
2023-09-29,2023Q3,RND0,-1,4323.75,4.5,-1.25,4325.0,4330.5,4313.62,eod,1.25,0.185,6.75,3.0,4.25
2023-10-02,2023Q4,RND0,1,4301.0,4.5,-1.0,4300.0,4294.5,4310.75,target,9.75,1.5,6.5,9.75,4.5
2023-10-02,2023Q4,RND1,-1,4324.5,4.5,-0.5,4325.0,4330.5,4315.5,target,9.0,1.5,6.0,9.25,0.75
2023-10-04,2023Q4,RND0,1,4275.25,5.0,-0.25,4275.0,4269.0,4284.62,target,9.38,1.5,6.25,9.5,0.75
2023-10-10,2023Q4,RND1,1,4400.75,5.25,-0.75,4400.0,4393.75,4411.25,stop,-7.5,-1.071,7.0,2.75,7.0
2023-10-12,2023Q4,RND0,1,4375.25,4.25,-0.25,4375.0,4369.75,4383.5,stop,-6.0,-1.091,5.5,0.0,5.75
2023-10-17,2023Q4,RND1,-1,4398.5,4.75,-1.5,4400.0,4405.75,4387.62,stop,-7.75,-1.069,7.25,0.5,8.25
2023-10-20,2023Q4,RND0,-1,4273.0,4.25,-2.0,4275.0,4280.25,4262.12,target,10.88,1.5,7.25,11.0,4.75
2023-10-20,2023Q4,RND0,-1,4274.25,6.0,-0.75,4275.0,4282.0,4262.62,stop,-8.25,-1.065,7.75,7.25,8.0
2023-10-23,2023Q4,RND2,-1,4274.5,5.75,-0.5,4275.0,4281.75,4263.62,target,10.88,1.5,7.25,11.0,2.25
2023-10-24,2023Q4,RND0,1,4250.75,5.0,-0.75,4250.0,4244.0,4260.88,target,10.12,1.5,6.75,10.25,1.0
2023-10-24,2023Q4,RND1,-1,4274.5,5.25,-0.5,4275.0,4281.25,4264.38,stop,-7.25,-1.074,6.75,0.75,6.75
2023-10-26,2023Q4,RND1,1,4177.0,4.75,-2.0,4175.0,4169.25,4188.62,stop,-8.25,-1.065,7.75,3.75,8.25
2023-10-26,2023Q4,RND2,-1,4198.75,5.0,-1.25,4200.0,4206.0,4187.88,target,10.88,1.5,7.25,11.25,5.25
2023-11-01,2023Q4,RND0,1,4225.5,4.25,-0.5,4225.0,4219.75,4234.12,target,8.62,1.5,5.75,9.5,5.25
2023-11-01,2023Q4,RND0,1,4227.25,4.75,-2.25,4225.0,4219.25,4239.25,target,12.0,1.5,8.0,12.25,1.0
2023-11-02,2023Q4,RND0,-1,4299.5,6.0,-0.5,4300.0,4307.0,4288.25,stop,-8.0,-1.067,7.5,3.75,7.5
2023-11-03,2023Q4,RND0,-1,4372.75,4.25,-2.25,4375.0,4380.25,4361.5,target,11.25,1.5,7.5,11.25,4.0
2023-11-08,2023Q4,RND0,1,4400.5,4.75,-0.5,4400.0,4394.25,4409.88,stop,-6.75,-1.08,6.25,2.0,6.25
2023-11-09,2023Q4,RND1,1,4400.25,5.75,-0.25,4400.0,4393.25,4410.75,stop,-7.5,-1.071,7.0,6.0,7.0
2023-11-09,2023Q4,RND1,1,4401.25,4.5,-1.25,4400.0,4394.5,4411.38,stop,-7.25,-1.074,6.75,1.0,6.75
2023-11-15,2023Q4,RND0,-1,4524.5,4.5,-0.5,4525.0,4530.5,4515.5,eod,2.0,0.333,6.0,4.5,2.25
2023-11-15,2023Q4,RND0,1,4525.25,6.75,-0.25,4525.0,4517.25,4537.25,stop,-8.5,-1.062,8.0,1.25,8.0
2023-11-21,2023Q4,RND0,-1,4549.5,4.25,-0.5,4550.0,4555.25,4540.88,timeout,-2.5,-0.435,5.75,5.0,4.5
2023-11-22,2023Q4,RND0,-1,4574.5,5.5,-0.5,4575.0,4581.5,4564.0,target,10.5,1.5,7.0,10.5,2.0
2023-11-29,2023Q4,RND0,1,4575.25,4.5,-0.25,4575.0,4569.5,4583.88,stop,-6.25,-1.087,5.75,1.75,5.75
2023-11-30,2023Q4,RND0,1,4550.5,5.25,-0.5,4550.0,4543.75,4560.62,timeout,6.5,0.963,6.75,6.75,4.5
2023-12-05,2023Q4,RND0,-1,4573.75,4.75,-1.25,4575.0,4580.75,4563.25,stop,-7.5,-1.071,7.0,7.0,7.0
2023-12-06,2023Q4,RND0,1,4575.25,6.25,-0.25,4575.0,4567.75,4586.5,stop,-8.0,-1.067,7.5,2.0,8.0
2023-12-06,2023Q4,RND0,1,4576.0,5.25,-1.0,4575.0,4568.75,4586.88,stop,-7.75,-1.069,7.25,0.0,7.25
2023-12-07,2023Q4,RND0,1,4575.75,4.25,-0.75,4575.0,4569.75,4584.75,target,9.0,1.5,6.0,9.0,5.0
2023-12-07,2023Q4,RND0,1,4577.0,4.25,-2.0,4575.0,4569.75,4587.88,target,10.88,1.5,7.25,11.0,0.25
2023-12-27,2023Q4,RND0,1,4825.75,4.5,-0.75,4825.0,4819.5,4835.12,timeout,-5.5,-0.88,6.25,9.25,6.0
2024-01-04,2024Q1,RND0,1,4750.25,7.0,-0.25,4750.0,4742.0,4762.62,stop,-8.75,-1.061,8.25,0.75,8.5
2024-01-05,2024Q1,RND0,1,4726.25,5.25,-1.25,4725.0,4718.75,4737.5,eod,5.0,0.667,7.5,5.75,2.0
2024-01-05,2024Q1,RND1,-1,4748.25,5.25,-1.75,4750.0,4756.25,4736.25,stop,-8.5,-1.062,8.0,0.0,8.0
2024-01-08,2024Q1,RND0,-1,4749.0,4.25,-1.0,4750.0,4755.25,4739.62,stop,-6.75,-1.08,6.25,0.5,6.5
2024-01-11,2024Q1,RND1,1,4800.75,5.75,-0.75,4800.0,4793.25,4812.0,stop,-8.0,-1.067,7.5,2.0,7.5
2024-01-11,2024Q1,RND2,1,4826.0,5.0,-1.0,4825.0,4819.0,4836.5,stop,-7.5,-1.071,7.0,6.25,7.0
2024-01-18,2024Q1,RND0,1,4775.25,5.0,-0.25,4775.0,4769.0,4784.62,target,9.38,1.5,6.25,10.0,2.75
2024-01-18,2024Q1,RND1,-1,4799.75,5.75,-0.25,4800.0,4806.75,4789.25,stop,-7.5,-1.071,7.0,4.25,7.25
2024-01-19,2024Q1,RND0,-1,4823.25,4.75,-1.75,4825.0,4830.75,4812.0,stop,-8.0,-1.067,7.5,7.75,8.75
2024-01-29,2024Q1,RND1,-1,4949.0,6.0,-1.0,4950.0,4957.0,4937.0,eod,1.0,0.125,8.0,1.0,1.25
2024-01-30,2024Q1,RND0,1,4950.25,5.0,-0.25,4950.0,4944.0,4959.62,stop,-6.75,-1.08,6.25,1.25,6.25
2024-01-31,2024Q1,RND1,1,4901.0,4.5,-1.0,4900.0,4894.5,4910.75,target,9.75,1.5,6.5,10.75,3.5
2024-01-31,2024Q1,RND2,-1,4923.0,4.75,-2.0,4925.0,4930.75,4911.38,target,11.62,1.5,7.75,12.5,0.5
2024-02-02,2024Q1,RND1,-1,4972.75,4.5,-2.25,4975.0,4980.5,4961.12,stop,-8.25,-1.065,7.75,0.0,7.75
2024-02-09,2024Q1,RND0,-1,5024.75,4.75,-0.25,5025.0,5030.75,5015.75,stop,-6.5,-1.083,6.0,1.0,6.0
2024-02-13,2024Q1,RND1,-1,4974.75,7.0,-0.25,4975.0,4983.0,4962.38,target,12.38,1.5,8.25,12.5,2.25
2024-02-16,2024Q1,RND1,-1,5049.0,4.5,-1.0,5050.0,5055.5,5039.25,target,9.75,1.5,6.5,11.0,1.0
2024-02-21,2024Q1,RND0,1,4975.75,5.0,-0.75,4975.0,4969.0,4985.88,stop,-7.25,-1.074,6.75,4.5,7.0
2024-02-22,2024Q1,RND0,-1,5074.0,4.5,-1.0,5075.0,5080.5,5064.25,stop,-7.0,-1.077,6.5,6.5,6.5
2024-02-22,2024Q1,RND1,-1,5099.5,5.75,-0.5,5100.0,5106.75,5088.62,eod,-0.25,-0.034,7.25,0.25,0.25
2024-02-27,2024Q1,RND0,1,5075.25,4.5,-0.25,5075.0,5069.5,5083.88,target,8.62,1.5,5.75,8.75,1.25
2024-02-29,2024Q1,RND0,1,5076.0,5.0,-1.0,5075.0,5069.0,5086.5,target,10.5,1.5,7.0,10.5,2.25
2024-02-29,2024Q1,RND1,-1,5099.0,5.5,-1.0,5100.0,5106.5,5087.75,target,11.25,1.5,7.5,11.25,1.25
2024-03-01,2024Q1,RND0,-1,5124.0,5.25,-1.0,5125.0,5131.25,5113.12,timeout,-4.75,-0.655,7.25,6.25,5.5
2024-03-01,2024Q1,RND0,-1,5124.75,4.25,-0.25,5125.0,5130.25,5116.5,stop,-6.0,-1.091,5.5,7.0,6.0
2024-03-08,2024Q1,RND1,-1,5149.0,5.25,-1.0,5150.0,5156.25,5138.12,target,10.88,1.5,7.25,11.25,5.75
2024-03-08,2024Q1,RND1,-1,5149.5,4.75,-0.5,5150.0,5155.75,5140.12,target,9.38,1.5,6.25,9.5,0.5
2024-03-11,2024Q1,RND0,-1,5173.25,5.75,-1.75,5175.0,5181.75,5160.5,timeout,0.5,0.059,8.5,9.75,7.75
2024-03-19,2024Q1,RND0,1,5200.25,4.75,-0.25,5200.0,5194.25,5209.25,timeout,7.0,1.167,6.0,8.5,4.5
2024-03-19,2024Q1,RND0,1,5201.25,4.25,-1.25,5200.0,5194.75,5211.0,timeout,6.75,1.038,6.5,9.25,4.75
2024-03-20,2024Q1,RND0,-1,5249.75,4.75,-0.25,5250.0,5255.75,5240.75,stop,-6.5,-1.083,6.0,0.5,6.0
2024-03-22,2024Q1,RND0,1,5300.75,6.0,-0.75,5300.0,5293.0,5312.38,stop,-8.25,-1.065,7.75,2.5,8.5
2024-04-03,2024Q2,RND1,1,5275.25,7.0,-0.25,5275.0,5267.0,5287.62,stop,-8.75,-1.061,8.25,4.25,9.25
2024-04-04,2024Q2,RND0,1,5200.5,5.75,-0.5,5200.0,5193.25,5211.38,eod,-0.5,-0.069,7.25,0.25,1.25
2024-04-05,2024Q2,RND0,-1,5224.0,6.25,-1.0,5225.0,5232.25,5211.62,stop,-8.75,-1.061,8.25,8.5,9.0
2024-04-05,2024Q2,RND1,1,5250.5,4.5,-0.5,5250.0,5244.5,5259.5,stop,-6.5,-1.083,6.0,4.75,6.0
2024-04-05,2024Q2,RND1,1,5251.0,5.5,-1.0,5250.0,5243.5,5262.25,eod,-1.5,-0.2,7.5,7.75,5.0
2024-04-08,2024Q2,RND0,1,5250.75,4.75,-0.75,5250.0,5244.25,5260.5,target,9.75,1.5,6.5,9.75,1.0
2024-04-10,2024Q2,RND0,1,5200.25,6.25,-0.25,5200.0,5192.75,5211.5,stop,-8.0,-1.067,7.5,8.75,8.0
2024-04-10,2024Q2,RND0,1,5201.5,6.0,-1.5,5200.0,5193.0,5214.25,stop,-9.0,-1.059,8.5,4.75,8.5
2024-04-11,2024Q2,RND2,-1,5249.25,4.75,-0.75,5250.0,5255.75,5239.5,eod,-4.0,-0.615,6.5,1.75,5.25
2024-04-11,2024Q2,RND2,-1,5249.75,5.5,-0.25,5250.0,5256.5,5239.62,stop,-7.25,-1.074,6.75,0.5,6.75
2024-04-15,2024Q2,RND0,1,5100.75,6.0,-0.75,5100.0,5093.0,5112.38,eod,1.25,0.161,7.75,10.5,0.75
2024-04-16,2024Q2,RND0,-1,5099.0,5.0,-1.0,5100.0,5106.0,5088.5,eod,-3.25,-0.464,7.0,0.25,4.0
2024-04-17,2024Q2,RND1,-1,5074.75,5.25,-0.25,5075.0,5081.25,5065.0,stop,-7.0,-1.077,6.5,4.25,7.0
2024-04-17,2024Q2,RND1,1,5075.75,5.75,-0.75,5075.0,5068.25,5087.0,stop,-8.0,-1.067,7.5,0.25,7.5
2024-04-19,2024Q2,RND0,1,5000.25,7.0,-0.25,5000.0,4992.0,5012.62,stop,-8.75,-1.061,8.25,9.5,8.75
2024-04-19,2024Q2,RND0,1,5002.25,5.0,-2.25,5000.0,4994.0,5014.62,stop,-8.75,-1.061,8.25,2.75,9.25
2024-04-19,2024Q2,RND1,-1,5024.0,5.0,-1.0,5025.0,5031.0,5013.5,stop,-7.5,-1.071,7.0,7.0,7.5
2024-04-19,2024Q2,RND2,-1,5049.0,4.5,-1.0,5050.0,5055.5,5039.25,target,9.75,1.5,6.5,9.75,3.0
2024-04-22,2024Q2,RND0,1,5026.0,5.75,-1.0,5025.0,5018.25,5037.62,stop,-8.25,-1.065,7.75,8.25,8.0
2024-04-24,2024Q2,RND0,1,5100.25,4.75,-0.25,5100.0,5094.25,5109.25,stop,-6.5,-1.083,6.0,3.25,6.0
2024-04-25,2024Q2,RND1,-1,5049.0,6.0,-1.0,5050.0,5057.0,5037.0,stop,-8.5,-1.062,8.0,2.5,8.25
2024-04-29,2024Q2,RND0,1,5126.0,6.25,-1.0,5125.0,5117.75,5138.38,eod,10.0,1.212,8.25,11.25,0.5
2024-04-29,2024Q2,RND1,-1,5149.5,4.25,-0.5,5150.0,5155.25,5140.88,target,8.62,1.5,5.75,8.75,0.75
2024-04-30,2024Q2,RND0,1,5100.25,4.5,-0.25,5100.0,5094.5,5108.88,stop,-6.25,-1.087,5.75,2.5,6.25
2024-04-30,2024Q2,RND0,1,5100.75,4.25,-0.75,5100.0,5094.75,5109.75,target,9.0,1.5,6.0,9.0,3.0
2024-05-01,2024Q2,RND0,-1,5049.75,5.25,-0.25,5050.0,5056.25,5040.0,stop,-7.0,-1.077,6.5,7.0,6.75
2024-05-01,2024Q2,RND0,1,5050.5,5.5,-0.5,5050.0,5043.5,5061.0,timeout,-0.75,-0.107,7.0,9.5,3.5
2024-05-01,2024Q2,RND0,1,5051.25,5.5,-1.25,5050.0,5043.5,5062.88,timeout,6.5,0.839,7.75,8.75,6.75
2024-05-03,2024Q2,RND0,-1,5149.75,6.5,-0.25,5150.0,5157.5,5138.12,stop,-8.25,-1.065,7.75,0.0,8.0
2024-05-09,2024Q2,RND0,1,5225.25,4.25,-0.25,5225.0,5219.75,5233.5,target,8.25,1.5,5.5,8.75,2.75
2024-05-13,2024Q2,RND0,1,5250.25,4.5,-0.25,5250.0,5244.5,5258.88,stop,-6.25,-1.087,5.75,0.75,6.0
2024-05-14,2024Q2,RND0,-1,5249.75,7.25,-0.25,5250.0,5258.25,5237.0,timeout,4.25,0.5,8.5,6.25,1.0
2024-05-15,2024Q2,RND1,-1,5324.5,5.25,-0.5,5325.0,5331.25,5314.38,timeout,-3.5,-0.519,6.75,2.75,4.0
2024-05-22,2024Q2,RND0,-1,5324.75,4.25,-0.25,5325.0,5330.25,5316.5,target,8.25,1.5,5.5,8.25,3.0
2024-05-24,2024Q2,RND1,-1,5324.5,4.25,-0.5,5325.0,5330.25,5315.88,timeout,-1.75,-0.304,5.75,8.25,2.75
2024-06-03,2024Q2,RND2,1,5300.5,5.0,-0.5,5300.0,5294.0,5310.25,target,9.75,1.5,6.5,10.75,2.25
2024-06-03,2024Q2,RND2,1,5302.0,4.5,-2.0,5300.0,5294.5,5313.25,stop,-8.0,-1.067,7.5,4.5,8.0
2024-06-04,2024Q2,RND0,1,5275.75,5.5,-0.75,5275.0,5268.5,5286.62,target,10.88,1.5,7.25,11.75,0.75
2024-06-06,2024Q2,RND0,1,5351.0,4.75,-1.0,5350.0,5344.25,5361.12,target,10.12,1.5,6.75,10.25,2.5
2024-06-07,2024Q2,RND1,-1,5374.0,5.75,-1.0,5375.0,5381.75,5362.38,target,11.62,1.5,7.75,11.75,1.25
2024-06-07,2024Q2,RND1,-1,5374.75,5.5,-0.25,5375.0,5381.5,5364.62,stop,-7.25,-1.074,6.75,1.0,7.0
2024-06-11,2024Q2,RND1,-1,5374.25,5.5,-0.75,5375.0,5381.5,5363.38,eod,-2.25,-0.31,7.25,2.75,3.5
2024-06-12,2024Q2,RND0,1,5426.5,5.75,-1.5,5425.0,5418.25,5438.88,stop,-8.75,-1.061,8.25,1.0,8.5
2024-06-18,2024Q2,RND0,-1,5549.5,6.25,-0.5,5550.0,5557.25,5537.88,timeout,-1.0,-0.129,7.75,6.0,2.0
2024-06-20,2024Q2,RND0,-1,5549.75,5.75,-0.25,5550.0,5556.75,5539.25,target,10.5,1.5,7.0,10.5,1.5
2024-06-21,2024Q2,RND0,1,5527.0,4.5,-2.0,5525.0,5519.5,5538.25,timeout,10.5,1.4,7.5,10.5,0.25
2024-06-24,2024Q2,RND1,-1,5548.0,4.5,-2.0,5550.0,5555.5,5536.75,target,11.25,1.5,7.5,11.25,4.5
2024-06-25,2024Q2,RND0,1,5525.5,5.0,-0.5,5525.0,5519.0,5535.25,stop,-7.0,-1.077,6.5,0.75,6.5
2024-06-26,2024Q2,RND0,-1,5524.5,4.25,-0.5,5525.0,5530.25,5515.88,stop,-6.25,-1.087,5.75,1.75,5.75
2024-06-27,2024Q2,RND0,-1,5549.25,4.25,-0.75,5550.0,5555.25,5540.25,target,9.0,1.5,6.0,9.0,0.75
2024-06-27,2024Q2,RND0,-1,5549.5,5.0,-0.5,5550.0,5556.0,5539.75,timeout,7.25,1.115,6.5,9.5,4.25
2024-06-28,2024Q2,RND2,-1,5573.75,5.0,-1.25,5575.0,5581.0,5562.88,target,10.88,1.5,7.25,11.0,0.5
2024-07-12,2024Q3,RND2,-1,5698.5,4.25,-1.5,5700.0,5705.25,5688.38,target,10.12,1.5,6.75,10.25,2.0
2024-07-16,2024Q3,RND0,-1,5699.0,5.5,-1.0,5700.0,5706.5,5687.75,timeout,0.5,0.067,7.5,5.0,4.0
2024-07-16,2024Q3,RND0,-1,5699.5,5.75,-0.5,5700.0,5706.75,5688.62,timeout,-6.0,-0.828,7.25,9.25,6.0
2024-07-17,2024Q3,RND0,1,5651.0,5.0,-1.0,5650.0,5644.0,5661.5,stop,-7.5,-1.071,7.0,1.75,7.0
2024-07-18,2024Q3,RND0,1,5577.75,4.75,-2.75,5575.0,5569.25,5590.5,target,12.75,1.5,8.5,12.75,6.25
2024-07-18,2024Q3,RND3,-1,5649.75,5.25,-0.25,5650.0,5656.25,5640.0,stop,-7.0,-1.077,6.5,6.5,6.5
2024-07-19,2024Q3,RND0,1,5551.0,6.5,-1.0,5550.0,5542.5,5563.75,target,12.75,1.5,8.5,12.75,1.0
2024-07-19,2024Q3,RND1,1,5576.75,5.0,-1.75,5575.0,5569.0,5588.38,stop,-8.25,-1.065,7.75,7.0,7.75
2024-07-24,2024Q3,RND1,1,5500.25,4.75,-0.25,5500.0,5494.25,5509.25,target,9.0,1.5,6.0,9.0,4.5
2024-07-25,2024Q3,RND0,1,5453.0,4.25,-3.0,5450.0,5444.75,5465.38,target,12.38,1.5,8.25,12.5,5.25
2024-07-26,2024Q3,RND1,1,5500.25,4.25,-0.25,5500.0,5494.75,5508.5,target,8.25,1.5,5.5,8.25,0.75
2024-07-30,2024Q3,RND1,-1,5474.5,5.0,-0.5,5475.0,5481.0,5464.75,target,9.75,1.5,6.5,9.75,2.25
2024-08-01,2024Q3,RND1,1,5476.0,5.5,-1.0,5475.0,5468.5,5487.25,stop,-8.0,-1.067,7.5,2.0,7.75
2024-08-01,2024Q3,RND2,1,5502.0,4.75,-2.0,5500.0,5494.25,5513.62,stop,-8.25,-1.065,7.75,0.0,8.0
2024-08-02,2024Q3,RND0,1,5350.5,7.0,-0.5,5350.0,5342.0,5363.25,stop,-9.0,-1.059,8.5,1.0,9.25
2024-08-05,2024Q3,RND3,1,5226.0,4.25,-1.0,5225.0,5219.75,5235.38,target,9.38,1.5,6.25,11.5,0.75
2024-08-05,2024Q3,RND5,-1,5274.25,4.5,-0.75,5275.0,5280.5,5264.88,target,9.38,1.5,6.25,9.75,0.0
2024-08-06,2024Q3,RND3,1,5300.5,6.5,-0.5,5300.0,5292.5,5312.5,target,12.0,1.5,8.0,12.25,2.0
2024-08-07,2024Q3,RND0,1,5250.75,4.25,-0.75,5250.0,5244.75,5259.75,target,9.0,1.5,6.0,9.0,5.25
2024-08-07,2024Q3,RND4,-1,5348.5,4.5,-1.5,5350.0,5355.5,5338.0,target,10.5,1.5,7.0,10.75,1.25
2024-08-07,2024Q3,RND4,-1,5349.75,5.75,-0.25,5350.0,5356.75,5339.25,target,10.5,1.5,7.0,10.5,3.5
2024-08-08,2024Q3,RND1,-1,5299.0,6.5,-1.0,5300.0,5307.5,5286.25,stop,-9.0,-1.059,8.5,4.5,9.25
2024-08-08,2024Q3,RND3,-1,5349.75,5.5,-0.25,5350.0,5356.5,5339.62,target,10.12,1.5,6.75,10.5,1.75
2024-08-13,2024Q3,RND1,-1,5449.5,5.75,-0.5,5450.0,5456.75,5438.62,eod,-2.5,-0.345,7.25,4.5,2.75
2024-08-19,2024Q3,RND1,1,5600.25,6.75,-0.25,5600.0,5592.25,5612.25,timeout,6.5,0.812,8.0,10.0,2.0
2024-08-20,2024Q3,RND0,-1,5624.75,7.25,-0.25,5625.0,5633.25,5612.0,eod,5.25,0.618,8.5,5.5,2.25
2024-08-21,2024Q3,RND0,1,5625.25,5.5,-0.25,5625.0,5618.5,5635.38,target,10.12,1.5,6.75,10.25,6.0
2024-08-21,2024Q3,RND0,1,5625.5,5.5,-0.5,5625.0,5618.5,5636.0,target,10.5,1.5,7.0,10.5,6.25
2024-08-21,2024Q3,RND1,-1,5648.0,5.25,-2.0,5650.0,5656.25,5635.62,target,12.38,1.5,8.25,12.5,0.25
2024-08-23,2024Q3,RND1,-1,5649.75,5.25,-0.25,5650.0,5656.25,5640.0,target,9.75,1.5,6.5,9.75,6.25
2024-08-26,2024Q3,RND0,1,5626.25,5.25,-1.25,5625.0,5618.75,5637.5,target,11.25,1.5,7.5,11.25,2.5
2024-08-26,2024Q3,RND1,1,5651.5,5.25,-1.5,5650.0,5643.75,5663.12,stop,-8.25,-1.065,7.75,0.0,7.75
2024-08-29,2024Q3,RND2,1,5650.75,5.5,-0.75,5650.0,5643.5,5661.62,stop,-7.75,-1.069,7.25,0.25,7.25
2024-08-30,2024Q3,RND0,1,5601.0,5.75,-1.0,5600.0,5593.25,5612.62,target,11.62,1.5,7.75,12.25,2.75
2024-09-03,2024Q3,RND2,1,5576.0,6.5,-1.0,5575.0,5567.5,5588.75,stop,-9.0,-1.059,8.5,0.0,9.25
2024-09-05,2024Q3,RND0,1,5500.75,4.5,-0.75,5500.0,5494.5,5510.12,stop,-6.75,-1.08,6.25,1.75,6.25
2024-09-05,2024Q3,RND2,-1,5548.5,5.0,-1.5,5550.0,5556.0,5537.25,target,11.25,1.5,7.5,11.75,2.0
2024-09-05,2024Q3,RND2,-1,5549.5,5.5,-0.5,5550.0,5556.5,5539.0,target,10.5,1.5,7.0,10.5,2.25
2024-09-06,2024Q3,RND0,1,5426.0,5.0,-1.0,5425.0,5419.0,5436.5,stop,-7.5,-1.071,7.0,0.75,7.0
2024-09-09,2024Q3,RND1,-1,5473.25,4.75,-1.75,5475.0,5480.75,5462.0,target,11.25,1.5,7.5,11.25,0.0
2024-09-10,2024Q3,RND1,1,5475.75,4.75,-0.75,5475.0,5469.25,5485.5,target,9.75,1.5,6.5,10.25,4.5
2024-09-11,2024Q3,RND2,-1,5474.0,5.5,-1.0,5475.0,5481.5,5462.75,stop,-8.0,-1.067,7.5,4.0,7.5
2024-09-11,2024Q3,RND2,1,5477.75,4.75,-2.75,5475.0,5469.25,5490.5,stop,-9.0,-1.059,8.5,0.75,10.5
2024-09-11,2024Q3,RND3,-1,5499.75,5.5,-0.25,5500.0,5506.5,5489.62,stop,-7.25,-1.074,6.75,5.0,7.5
2024-09-12,2024Q3,RND0,1,5551.5,4.25,-1.5,5550.0,5544.75,5561.62,target,10.12,1.5,6.75,10.25,5.0
2024-09-12,2024Q3,RND2,-1,5599.75,6.5,-0.25,5600.0,5607.5,5588.12,target,11.62,1.5,7.75,12.0,7.25
2024-09-16,2024Q3,RND0,1,5675.25,5.5,-0.25,5675.0,5668.5,5685.38,target,10.12,1.5,6.75,10.75,2.75
2024-09-17,2024Q3,RND0,1,5700.5,5.75,-0.5,5700.0,5693.25,5711.38,stop,-7.75,-1.069,7.25,0.25,8.0
2024-09-18,2024Q3,RND0,-1,5699.75,6.0,-0.25,5700.0,5707.0,5688.88,stop,-7.75,-1.069,7.25,1.0,7.25
2024-09-18,2024Q3,RND0,1,5700.5,5.25,-0.5,5700.0,5693.75,5710.62,stop,-7.25,-1.074,6.75,1.75,6.75
2024-09-18,2024Q3,RND0,1,5700.75,6.5,-0.75,5700.0,5692.5,5713.12,stop,-8.75,-1.061,8.25,2.0,8.5
2024-09-19,2024Q3,RND1,-1,5773.75,4.75,-1.25,5775.0,5780.75,5763.25,stop,-7.5,-1.071,7.0,5.5,7.5
2024-09-19,2024Q3,RND1,-1,5774.75,4.75,-0.25,5775.0,5780.75,5765.75,stop,-6.5,-1.083,6.0,6.5,6.5
2024-09-20,2024Q3,RND0,1,5751.0,4.5,-1.0,5750.0,5744.5,5760.75,stop,-7.0,-1.077,6.5,8.75,6.5
2024-09-25,2024Q3,RND0,1,5775.25,6.75,-0.25,5775.0,5767.25,5787.25,timeout,6.25,0.781,8.0,7.75,6.25
2024-09-26,2024Q3,RND0,-1,5799.75,7.0,-0.25,5800.0,5808.0,5787.38,eod,-1.0,-0.121,8.25,1.75,4.75
2024-09-27,2024Q3,RND0,-1,5799.0,4.5,-1.0,5800.0,5805.5,5789.25,target,9.75,1.5,6.5,9.75,0.75
2024-10-01,2024Q4,RND0,1,5750.75,6.5,-0.75,5750.0,5742.5,5763.12,stop,-8.75,-1.061,8.25,11.25,8.5
2024-10-01,2024Q4,RND1,-1,5774.75,4.25,-0.25,5775.0,5780.25,5766.5,target,8.25,1.5,5.5,8.5,4.25
2024-10-01,2024Q4,RND1,1,5777.75,4.25,-2.75,5775.0,5769.75,5789.75,stop,-8.5,-1.062,8.0,3.0,8.5
2024-10-02,2024Q4,RND1,-1,5749.5,6.25,-0.5,5750.0,5757.25,5737.88,stop,-8.25,-1.065,7.75,4.25,7.75
2024-10-03,2024Q4,RND0,-1,5749.5,4.25,-0.5,5750.0,5755.25,5740.88,stop,-6.25,-1.087,5.75,1.0,6.5
2024-10-04,2024Q4,RND1,1,5775.5,6.5,-0.5,5775.0,5767.5,5787.5,stop,-8.5,-1.062,8.0,6.25,8.0
2024-10-07,2024Q4,RND1,1,5775.5,5.25,-0.5,5775.0,5768.75,5785.62,timeout,1.5,0.222,6.75,5.0,4.25
2024-10-09,2024Q4,RND0,-1,5799.75,6.25,-0.25,5800.0,5807.25,5788.5,stop,-8.0,-1.067,7.5,1.5,8.0
2024-10-10,2024Q4,RND0,-1,5824.5,5.0,-0.5,5825.0,5831.0,5814.75,stop,-7.0,-1.077,6.5,6.25,6.5
2024-10-10,2024Q4,RND0,1,5826.0,5.25,-1.0,5825.0,5818.75,5836.88,stop,-7.75,-1.069,7.25,8.25,7.75
2024-10-11,2024Q4,RND1,1,5851.25,5.0,-1.25,5850.0,5844.0,5862.12,timeout,5.0,0.69,7.25,7.25,2.75
2024-10-16,2024Q4,RND0,-1,5874.5,5.5,-0.5,5875.0,5881.5,5864.0,stop,-7.5,-1.071,7.0,1.25,7.0
2024-10-17,2024Q4,RND0,1,5900.5,6.25,-0.5,5900.0,5892.75,5912.12,stop,-8.25,-1.065,7.75,1.25,8.0
2024-10-17,2024Q4,RND0,1,5901.75,5.75,-1.75,5900.0,5893.25,5914.5,stop,-9.0,-1.059,8.5,1.75,8.75
2024-10-18,2024Q4,RND0,-1,5898.75,5.75,-1.25,5900.0,5906.75,5886.75,stop,-8.5,-1.062,8.0,1.0,8.25
2024-10-22,2024Q4,RND0,-1,5874.5,6.0,-0.5,5875.0,5882.0,5863.25,timeout,-4.75,-0.633,7.5,6.0,7.0
2024-10-22,2024Q4,RND0,-1,5874.75,5.5,-0.25,5875.0,5881.5,5864.62,stop,-7.25,-1.074,6.75,6.25,6.75
2024-10-22,2024Q4,RND1,-1,5897.5,4.25,-2.5,5900.0,5905.25,5885.88,timeout,4.0,0.516,7.75,10.0,1.0
2024-10-23,2024Q4,RND1,1,5850.25,5.0,-0.25,5850.0,5844.0,5859.62,stop,-6.75,-1.08,6.25,6.25,7.0
2024-10-24,2024Q4,RND1,1,5850.5,4.75,-0.5,5850.0,5844.25,5859.88,stop,-6.75,-1.08,6.25,5.0,6.25
2024-10-24,2024Q4,RND1,1,5851.75,4.25,-1.75,5850.0,5844.75,5862.25,stop,-7.5,-1.071,7.0,3.75,7.0
2024-10-25,2024Q4,RND0,1,5850.5,5.0,-0.5,5850.0,5844.0,5860.25,eod,-2.5,-0.385,6.5,1.25,4.75
2024-10-25,2024Q4,RND0,1,5850.75,5.5,-0.75,5850.0,5843.5,5861.62,eod,-2.75,-0.379,7.25,2.25,5.75
2024-10-28,2024Q4,RND0,-1,5873.25,4.5,-1.75,5875.0,5880.5,5862.38,timeout,-0.0,-0.0,7.25,6.75,6.5
2024-10-28,2024Q4,RND0,-1,5874.0,4.75,-1.0,5875.0,5880.75,5863.88,timeout,7.5,1.111,6.75,9.25,5.0
2024-10-30,2024Q4,RND0,1,5850.25,4.5,-0.25,5850.0,5844.5,5858.88,target,8.62,1.5,5.75,9.0,3.25
2024-10-30,2024Q4,RND1,-1,5873.0,5.25,-2.0,5875.0,5881.25,5860.62,stop,-8.75,-1.061,8.25,4.0,8.25
2024-10-31,2024Q4,RND2,1,5801.0,6.25,-1.0,5800.0,5792.75,5813.38,stop,-8.75,-1.061,8.25,5.5,8.75
2024-11-04,2024Q4,RND1,-1,5749.25,4.75,-0.75,5750.0,5755.75,5739.5,target,9.75,1.5,6.5,10.0,0.25
2024-11-04,2024Q4,RND1,1,5750.5,5.25,-0.5,5750.0,5743.75,5760.62,stop,-7.25,-1.074,6.75,2.5,6.75
2024-11-05,2024Q4,RND1,1,5800.25,5.0,-0.25,5800.0,5794.0,5809.62,stop,-6.75,-1.08,6.25,5.25,6.25
2024-11-06,2024Q4,RND1,-1,5949.0,5.0,-1.0,5950.0,5956.0,5938.5,stop,-7.5,-1.071,7.0,3.5,7.75
2024-11-06,2024Q4,RND1,-1,5949.75,6.75,-0.25,5950.0,5957.75,5937.75,stop,-8.5,-1.062,8.0,0.75,8.0
2024-11-12,2024Q4,RND0,1,6000.25,4.25,-0.25,6000.0,5994.75,6008.5,target,8.25,1.5,5.5,8.25,0.0
2024-11-18,2024Q4,RND1,-1,5924.5,4.25,-0.5,5925.0,5930.25,5915.88,stop,-6.25,-1.087,5.75,0.5,5.75
2024-11-20,2024Q4,RND0,1,5900.25,5.5,-0.25,5900.0,5893.5,5910.38,stop,-7.25,-1.074,6.75,2.75,6.75
2024-11-20,2024Q4,RND0,1,5901.0,4.5,-1.0,5900.0,5894.5,5910.75,target,9.75,1.5,6.5,9.75,0.0
2024-11-21,2024Q4,RND0,1,5925.5,4.25,-0.5,5925.0,5919.75,5934.12,stop,-6.25,-1.087,5.75,2.0,6.5
2024-11-21,2024Q4,RND1,-1,5949.5,5.0,-0.5,5950.0,5956.0,5939.75,stop,-7.0,-1.077,6.5,5.75,6.5
2024-11-21,2024Q4,RND2,-1,5973.5,6.0,-1.5,5975.0,5982.0,5960.75,stop,-9.0,-1.059,8.5,1.5,8.5
2024-11-21,2024Q4,RND2,-1,5974.75,4.25,-0.25,5975.0,5980.25,5966.5,stop,-6.0,-1.091,5.5,1.25,5.5
2024-11-25,2024Q4,RND0,1,6001.0,4.5,-1.0,6000.0,5994.5,6010.75,timeout,1.25,0.192,6.5,4.0,3.75
2024-12-06,2024Q4,RND0,1,6100.25,4.25,-0.25,6100.0,6094.75,6108.5,stop,-6.0,-1.091,5.5,2.75,6.0
2024-12-06,2024Q4,RND0,1,6101.25,4.5,-1.25,6100.0,6094.5,6111.38,stop,-7.25,-1.074,6.75,1.75,7.0
2024-12-09,2024Q4,RND0,1,6075.25,6.0,-0.25,6075.0,6068.0,6086.12,timeout,-1.5,-0.207,7.25,8.0,4.0
2024-12-12,2024Q4,RND0,1,6076.0,4.25,-1.0,6075.0,6069.75,6085.38,stop,-6.75,-1.08,6.25,1.25,6.25
2024-12-13,2024Q4,RND0,1,6050.5,5.0,-0.5,6050.0,6044.0,6060.25,stop,-7.0,-1.077,6.5,1.0,6.75
2024-12-13,2024Q4,RND0,1,6051.0,6.5,-1.0,6050.0,6042.5,6063.75,timeout,-2.75,-0.324,8.5,9.0,4.5
2024-12-20,2024Q4,RND1,-1,5924.75,6.75,-0.25,5925.0,5932.75,5912.75,target,12.0,1.5,8.0,12.0,0.5
2024-12-20,2024Q4,RND5,1,6026.5,4.5,-1.5,6025.0,6019.5,6037.0,stop,-7.5,-1.071,7.0,1.0,7.0
2024-12-23,2024Q4,RND2,-1,6024.0,4.75,-1.0,6025.0,6030.75,6013.88,stop,-7.25,-1.074,6.75,0.25,6.75
2024-12-24,2024Q4,RND1,-1,6074.5,6.25,-0.5,6075.0,6082.25,6062.88,stop,-8.25,-1.065,7.75,0.25,7.75
2024-12-27,2024Q4,RND0,-1,5999.0,5.25,-1.0,6000.0,6006.25,5988.12,stop,-7.75,-1.069,7.25,1.0,7.25
2024-12-27,2024Q4,RND1,1,6025.5,6.5,-0.5,6025.0,6017.5,6037.5,stop,-8.5,-1.062,8.0,4.25,8.25
2024-12-27,2024Q4,RND1,1,6026.75,4.5,-1.75,6025.0,6019.5,6037.62,stop,-7.75,-1.069,7.25,0.5,7.75
2024-12-30,2024Q4,RND0,1,5925.25,6.75,-0.25,5925.0,5917.25,5937.25,target,12.0,1.5,8.0,12.5,6.0
2024-12-30,2024Q4,RND2,1,5975.5,4.5,-0.5,5975.0,5969.5,5984.5,stop,-6.5,-1.083,6.0,0.25,6.75
2024-12-31,2024Q4,RND0,1,5925.25,4.25,-0.25,5925.0,5919.75,5933.5,stop,-6.0,-1.091,5.5,3.75,6.25
2024-12-31,2024Q4,RND0,1,5925.75,6.5,-0.75,5925.0,5917.5,5938.12,target,12.38,1.5,8.25,12.5,1.0
2025-01-02,2025Q1,RND1,-1,5898.5,5.75,-1.5,5900.0,5906.75,5886.12,stop,-8.75,-1.061,8.25,7.0,8.25
2025-01-02,2025Q1,RND3,1,5950.75,4.5,-0.75,5950.0,5944.5,5960.12,stop,-6.75,-1.08,6.25,8.5,7.0
2025-01-02,2025Q1,RND4,-1,5973.25,4.25,-1.75,5975.0,5980.25,5962.75,stop,-7.5,-1.071,7.0,2.0,7.0
2025-01-03,2025Q1,RND0,-1,5947.5,5.0,-2.5,5950.0,5956.0,5934.75,stop,-9.0,-1.059,8.5,2.5,8.5
2025-01-03,2025Q1,RND0,-1,5949.25,6.0,-0.75,5950.0,5957.0,5937.62,stop,-8.25,-1.065,7.75,1.0,7.75
2025-01-03,2025Q1,RND1,-1,5972.25,4.75,-2.75,5975.0,5980.75,5959.5,timeout,-8.5,-1.0,8.5,3.0,7.75
2025-01-03,2025Q1,RND1,-1,5973.75,6.25,-1.25,5975.0,5982.25,5961.0,timeout,-4.0,-0.471,8.5,4.5,6.0
2025-01-03,2025Q1,RND1,-1,5974.75,5.75,-0.25,5975.0,5981.75,5964.25,timeout,-1.0,-0.143,7.0,5.5,6.5
2025-01-06,2025Q1,RND0,1,6025.25,7.0,-0.25,6025.0,6017.0,6037.62,stop,-8.75,-1.061,8.25,2.5,9.0
2025-01-07,2025Q1,RND1,1,5976.0,5.5,-1.0,5975.0,5968.5,5987.25,target,11.25,1.5,7.5,11.25,1.0
2025-01-07,2025Q1,RND2,1,6001.0,6.0,-1.0,6000.0,5993.0,6013.0,stop,-8.5,-1.062,8.0,2.25,8.0
2025-01-08,2025Q1,RND0,1,5925.5,4.75,-0.5,5925.0,5919.25,5934.88,target,9.38,1.5,6.25,9.75,0.75
2025-01-08,2025Q1,RND1,-1,5948.75,5.5,-1.25,5950.0,5956.5,5937.12,stop,-8.25,-1.065,7.75,4.25,7.75
2025-01-08,2025Q1,RND1,-1,5949.5,6.0,-0.5,5950.0,5957.0,5938.25,stop,-8.0,-1.067,7.5,5.0,7.75
2025-01-10,2025Q1,RND0,1,5850.25,4.75,-0.25,5850.0,5844.25,5859.25,target,9.0,1.5,6.0,9.0,1.75
2025-01-13,2025Q1,RND0,-1,5824.75,4.5,-0.25,5825.0,5830.5,5816.12,stop,-6.25,-1.087,5.75,1.25,6.25
2025-01-14,2025Q1,RND2,-1,5899.0,5.25,-1.0,5900.0,5906.25,5888.12,target,10.88,1.5,7.25,11.0,7.0
2025-01-15,2025Q1,RND0,-1,5973.25,5.75,-1.75,5975.0,5981.75,5960.5,stop,-9.0,-1.059,8.5,3.25,8.5
2025-01-15,2025Q1,RND0,-1,5974.75,4.75,-0.25,5975.0,5980.75,5965.75,target,9.0,1.5,6.0,9.0,0.5
2025-01-16,2025Q1,RND0,1,5975.5,4.75,-0.5,5975.0,5969.25,5984.88,target,9.38,1.5,6.25,9.5,1.25
2025-01-16,2025Q1,RND1,-1,5998.5,4.25,-1.5,6000.0,6005.25,5988.38,target,10.12,1.5,6.75,10.25,0.5
2025-01-17,2025Q1,RND0,-1,6022.75,5.25,-2.25,6025.0,6031.25,6010.0,stop,-9.0,-1.059,8.5,5.5,8.5
2025-01-20,2025Q1,RND0,1,6050.5,7.0,-0.5,6050.0,6042.0,6063.25,timeout,9.25,1.088,8.5,11.0,0.5
2025-01-23,2025Q1,RND0,-1,6124.75,4.5,-0.25,6125.0,6130.5,6116.12,stop,-6.25,-1.087,5.75,5.0,5.75
2025-01-24,2025Q1,RND1,1,6150.5,5.5,-0.5,6150.0,6143.5,6161.0,timeout,-1.25,-0.179,7.0,7.0,3.75
2025-01-27,2025Q1,RND1,-1,6023.5,5.0,-1.5,6025.0,6031.0,6012.25,stop,-8.0,-1.067,7.5,3.25,8.5
2025-01-28,2025Q1,RND3,-1,6099.5,4.25,-0.5,6100.0,6105.25,6090.88,stop,-6.25,-1.087,5.75,1.0,6.0
2025-01-29,2025Q1,RND1,-1,6073.5,5.5,-1.5,6075.0,6081.5,6061.5,target,12.0,1.5,8.0,12.75,3.5
2025-01-29,2025Q1,RND1,1,6075.75,5.75,-0.75,6075.0,6068.25,6087.0,timeout,0.75,0.1,7.5,8.75,5.5
2025-01-30,2025Q1,RND0,1,6076.25,5.0,-1.25,6075.0,6069.0,6087.12,target,10.88,1.5,7.25,11.25,0.25
2025-01-31,2025Q1,RND1,1,6100.5,4.25,-0.5,6100.0,6094.75,6109.12,target,8.62,1.5,5.75,9.25,0.0
2025-02-03,2025Q1,RND0,1,5975.5,5.25,-0.5,5975.0,5968.75,5985.62,stop,-7.25,-1.074,6.75,1.0,7.0
2025-02-03,2025Q1,RND2,-1,6024.25,6.0,-0.75,6025.0,6032.0,6012.62,stop,-8.25,-1.065,7.75,0.5,7.75
2025-02-03,2025Q1,RND2,-1,6024.75,4.75,-0.25,6025.0,6030.75,6015.75,stop,-6.5,-1.083,6.0,4.25,6.0
2025-02-04,2025Q1,RND1,-1,6047.75,5.0,-2.25,6050.0,6056.0,6035.38,stop,-8.75,-1.061,8.25,0.75,8.25
2025-02-04,2025Q1,RND1,-1,6048.75,4.75,-1.25,6050.0,6055.75,6038.25,stop,-7.5,-1.071,7.0,0.25,7.25
2025-02-05,2025Q1,RND0,1,6052.0,4.75,-2.0,6050.0,6044.25,6063.62,target,11.62,1.5,7.75,11.75,0.5
2025-02-06,2025Q1,RND0,1,6075.25,5.0,-0.25,6075.0,6069.0,6084.62,target,9.38,1.5,6.25,9.5,1.0
2025-02-06,2025Q1,RND1,-1,6099.0,5.0,-1.0,6100.0,6106.0,6088.5,target,10.5,1.5,7.0,11.5,4.25
2025-02-07,2025Q1,RND0,1,6050.75,5.25,-0.75,6050.0,6043.75,6061.25,stop,-7.5,-1.071,7.0,0.75,7.0
2025-02-10,2025Q1,RND0,1,6075.25,7.25,-0.25,6075.0,6066.75,6088.0,target,12.75,1.5,8.5,12.75,1.25
2025-02-11,2025Q1,RND0,1,6077.0,4.5,-2.0,6075.0,6069.5,6088.25,timeout,3.0,0.4,7.5,7.0,2.25
2025-02-12,2025Q1,RND2,-1,6073.75,4.75,-1.25,6075.0,6080.75,6063.25,stop,-7.5,-1.071,7.0,4.0,7.0
2025-02-12,2025Q1,RND2,-1,6074.75,6.5,-0.25,6075.0,6082.5,6063.12,eod,8.5,1.097,7.75,8.75,0.25
2025-02-13,2025Q1,RND0,1,6075.75,4.75,-0.75,6075.0,6069.25,6085.5,target,9.75,1.5,6.5,9.75,2.5
2025-02-13,2025Q1,RND1,-1,6098.5,4.5,-1.5,6100.0,6105.5,6088.0,stop,-7.5,-1.071,7.0,7.0,7.25
2025-02-13,2025Q1,RND1,1,6100.5,4.75,-0.5,6100.0,6094.25,6109.88,timeout,-1.5,-0.24,6.25,7.75,4.25
2025-02-18,2025Q1,RND0,1,6125.25,6.75,-0.25,6125.0,6117.25,6137.25,timeout,7.25,0.906,8.0,9.75,7.0
2025-02-21,2025Q1,RND1,1,6050.5,4.5,-0.5,6050.0,6044.5,6059.5,target,9.0,1.5,6.0,9.25,0.75
2025-02-21,2025Q1,RND3,1,6100.75,6.75,-0.75,6100.0,6092.25,6113.5,stop,-9.0,-1.059,8.5,1.0,9.25
2025-02-24,2025Q1,RND1,1,6025.5,5.0,-0.5,6025.0,6019.0,6035.25,stop,-7.0,-1.077,6.5,1.5,6.75
2025-02-25,2025Q1,RND2,-1,5974.5,5.5,-0.5,5975.0,5981.5,5964.0,stop,-7.5,-1.071,7.0,10.25,7.0
2025-02-26,2025Q1,RND0,1,5950.75,4.5,-0.75,5950.0,5944.5,5960.12,target,9.38,1.5,6.25,9.75,4.0
2025-02-26,2025Q1,RND2,-1,5999.0,5.75,-1.0,6000.0,6006.75,5987.38,stop,-8.25,-1.065,7.75,2.0,7.75
2025-02-26,2025Q1,RND2,1,6000.75,4.75,-0.75,6000.0,5994.25,6010.5,stop,-7.0,-1.077,6.5,2.25,7.0
2025-02-27,2025Q1,RND2,1,5951.5,5.0,-1.5,5950.0,5944.0,5962.75,stop,-8.0,-1.067,7.5,2.5,7.5
2025-02-28,2025Q1,RND1,1,5875.75,6.0,-0.75,5875.0,5868.0,5887.38,target,11.62,1.5,7.75,11.75,0.0
2025-02-28,2025Q1,RND2,-1,5898.5,4.5,-1.5,5900.0,5905.5,5888.0,stop,-7.5,-1.071,7.0,4.0,7.25
2025-02-28,2025Q1,RND2,-1,5899.0,6.0,-1.0,5900.0,5907.0,5887.0,stop,-8.5,-1.062,8.0,1.25,8.25
2025-02-28,2025Q1,RND2,-1,5899.75,6.0,-0.25,5900.0,5907.0,5888.88,stop,-7.75,-1.069,7.25,1.0,7.25
2025-03-03,2025Q1,RND1,1,5850.75,4.75,-0.75,5850.0,5844.25,5860.5,stop,-7.0,-1.077,6.5,3.0,7.5
2025-03-03,2025Q1,RND5,1,5951.0,4.5,-1.0,5950.0,5944.5,5960.75,stop,-7.0,-1.077,6.5,0.5,7.0
2025-03-03,2025Q1,RND5,1,5951.5,4.25,-1.5,5950.0,5944.75,5961.62,target,10.12,1.5,6.75,10.25,0.0
2025-03-04,2025Q1,RND0,1,5751.5,6.0,-1.5,5750.0,5743.0,5764.25,target,12.75,1.5,8.5,12.75,1.0
2025-03-04,2025Q1,RND1,1,5776.25,5.25,-1.25,5775.0,5768.75,5787.5,stop,-8.0,-1.067,7.5,1.25,8.25
2025-03-04,2025Q1,RND1,1,5776.75,5.75,-1.75,5775.0,5768.25,5789.5,stop,-9.0,-1.059,8.5,5.75,9.0
2025-03-04,2025Q1,RND3,-1,5824.5,5.25,-0.5,5825.0,5831.25,5814.38,stop,-7.25,-1.074,6.75,1.0,7.25
2025-03-05,2025Q1,RND2,-1,5824.25,4.75,-0.75,5825.0,5830.75,5814.5,stop,-7.0,-1.077,6.5,0.75,6.5
2025-03-05,2025Q1,RND3,-1,5848.75,5.25,-1.25,5850.0,5856.25,5837.5,stop,-8.0,-1.067,7.5,1.75,8.0
2025-03-05,2025Q1,RND3,-1,5849.75,6.5,-0.25,5850.0,5857.5,5838.12,stop,-8.25,-1.065,7.75,6.5,7.75
2025-03-06,2025Q1,RND0,1,5725.25,5.0,-0.25,5725.0,5719.0,5734.62,target,9.38,1.5,6.25,9.75,5.0
2025-03-06,2025Q1,RND0,1,5727.75,4.75,-2.75,5725.0,5719.25,5740.5,target,12.75,1.5,8.5,12.75,4.75
2025-03-06,2025Q1,RND1,-1,5749.0,5.0,-1.0,5750.0,5756.0,5738.5,target,10.5,1.5,7.0,10.5,1.25
2025-03-06,2025Q1,RND1,1,5752.5,4.75,-2.5,5750.0,5744.25,5764.88,stop,-8.75,-1.061,8.25,11.5,10.0
2025-03-06,2025Q1,RND3,-1,5799.75,6.5,-0.25,5800.0,5807.5,5788.12,stop,-8.25,-1.065,7.75,11.0,8.0
2025-03-10,2025Q1,RND2,-1,5624.25,6.75,-0.75,5625.0,5632.75,5611.5,target,12.75,1.5,8.5,12.75,0.25
2025-03-10,2025Q1,RND2,1,5626.0,6.5,-1.0,5625.0,5617.5,5638.75,stop,-9.0,-1.059,8.5,4.5,8.75
2025-03-10,2025Q1,RND3,1,5652.5,4.5,-2.5,5650.0,5644.5,5664.5,stop,-8.5,-1.062,8.0,0.0,8.5
2025-03-11,2025Q1,RND0,1,5552.25,4.5,-2.25,5550.0,5544.5,5563.88,stop,-8.25,-1.065,7.75,5.25,8.5
2025-03-11,2025Q1,RND1,1,5575.5,4.5,-0.5,5575.0,5569.5,5584.5,stop,-6.5,-1.083,6.0,8.25,6.0
2025-03-11,2025Q1,RND2,-1,5598.5,4.5,-1.5,5600.0,5605.5,5588.0,target,10.5,1.5,7.0,10.75,2.25
2025-03-12,2025Q1,RND1,-1,5599.5,5.0,-0.5,5600.0,5606.0,5589.75,stop,-7.0,-1.077,6.5,9.5,6.5
2025-03-12,2025Q1,RND1,1,5601.75,4.25,-1.75,5600.0,5594.75,5612.25,stop,-7.5,-1.071,7.0,9.5,7.25
2025-03-12,2025Q1,RND2,1,5625.5,5.75,-0.5,5625.0,5618.25,5636.38,stop,-7.75,-1.069,7.25,1.25,7.25
2025-03-13,2025Q1,RND1,-1,5549.75,4.5,-0.25,5550.0,5555.5,5541.12,stop,-6.25,-1.087,5.75,2.5,5.75
2025-03-13,2025Q1,RND2,1,5576.0,4.5,-1.0,5575.0,5569.5,5585.75,stop,-7.0,-1.077,6.5,5.5,6.5
2025-03-14,2025Q1,RND1,-1,5598.25,4.5,-1.75,5600.0,5605.5,5587.38,stop,-7.75,-1.069,7.25,1.0,7.25
2025-03-14,2025Q1,RND2,-1,5623.25,5.5,-1.75,5625.0,5631.5,5610.88,timeout,-3.0,-0.364,8.25,10.25,5.0
2025-03-17,2025Q1,RND0,1,5701.0,4.25,-1.0,5700.0,5694.75,5710.38,target,9.38,1.5,6.25,9.5,0.0
2025-03-17,2025Q1,RND2,-1,5749.25,5.5,-0.75,5750.0,5756.5,5738.38,eod,-1.5,-0.207,7.25,2.25,3.5
2025-03-17,2025Q1,RND2,-1,5749.5,4.25,-0.5,5750.0,5755.25,5740.88,stop,-6.25,-1.087,5.75,1.25,5.75
2025-03-19,2025Q1,RND0,-1,5699.75,4.5,-0.25,5700.0,5705.5,5691.12,stop,-6.25,-1.087,5.75,0.75,5.75
2025-03-20,2025Q1,RND0,1,5702.5,5.0,-2.5,5700.0,5694.0,5715.25,target,12.75,1.5,8.5,12.75,4.75
2025-03-20,2025Q1,RND1,1,5726.0,6.5,-1.0,5725.0,5717.5,5738.75,stop,-9.0,-1.059,8.5,3.25,8.5
2025-03-20,2025Q1,RND2,-1,5748.25,5.0,-1.75,5750.0,5756.0,5736.62,target,11.62,1.5,7.75,11.75,5.0
2025-03-21,2025Q1,RND0,-1,5674.75,5.25,-0.25,5675.0,5681.25,5665.0,target,9.75,1.5,6.5,10.0,3.75
2025-03-21,2025Q1,RND1,-1,5699.25,6.25,-0.75,5700.0,5707.25,5687.25,eod,3.0,0.375,8.0,11.0,4.0
2025-03-24,2025Q1,RND0,-1,5799.75,4.5,-0.25,5800.0,5805.5,5791.12,stop,-6.25,-1.087,5.75,5.25,5.75
2025-03-24,2025Q1,RND0,1,5800.25,4.75,-0.25,5800.0,5794.25,5809.25,target,9.0,1.5,6.0,9.0,5.25
2025-03-27,2025Q1,RND0,1,5726.0,5.0,-1.0,5725.0,5719.0,5736.5,target,10.5,1.5,7.0,11.5,2.5
2025-03-27,2025Q1,RND1,-1,5747.0,4.25,-3.0,5750.0,5755.25,5734.62,stop,-8.75,-1.061,8.25,0.75,8.25
2025-03-27,2025Q1,RND1,1,5751.25,5.75,-1.25,5750.0,5743.25,5763.25,target,12.0,1.5,8.0,12.25,4.0
2025-03-27,2025Q1,RND2,-1,5773.25,4.75,-1.75,5775.0,5780.75,5762.0,target,11.25,1.5,7.5,11.25,6.5
2025-03-27,2025Q1,RND2,-1,5773.75,4.75,-1.25,5775.0,5780.75,5763.25,target,10.5,1.5,7.0,10.75,2.75
2025-03-28,2025Q1,RND0,-1,5624.5,6.0,-0.5,5625.0,5632.0,5613.25,eod,3.75,0.5,7.5,7.25,1.0
2025-03-28,2025Q1,RND1,1,5650.5,5.5,-0.5,5650.0,5643.5,5661.0,target,10.5,1.5,7.0,10.5,4.0
2025-03-28,2025Q1,RND1,1,5650.75,4.25,-0.75,5650.0,5644.75,5659.75,stop,-6.5,-1.083,6.0,4.25,7.0
2025-03-28,2025Q1,RND2,1,5675.75,4.75,-0.75,5675.0,5669.25,5685.5,stop,-7.0,-1.077,6.5,1.5,6.75
2025-03-28,2025Q1,RND4,-1,5724.0,6.25,-1.0,5725.0,5732.25,5711.62,target,12.38,1.5,8.25,12.75,6.75
2025-03-31,2025Q1,RND2,-1,5599.5,6.75,-0.5,5600.0,5607.75,5587.12,stop,-8.75,-1.061,8.25,4.25,8.25
2025-03-31,2025Q1,RND4,-1,5648.25,4.75,-1.75,5650.0,5655.75,5637.0,stop,-8.0,-1.067,7.5,2.5,7.5
2025-04-01,2025Q2,RND1,-1,5648.5,4.25,-1.5,5650.0,5655.25,5638.38,stop,-7.25,-1.074,6.75,2.75,7.5
2025-04-02,2025Q2,RND2,-1,5674.0,5.0,-1.0,5675.0,5681.0,5663.5,stop,-7.5,-1.071,7.0,6.5,7.5
2025-04-03,2025Q2,RND2,-1,5499.75,4.75,-0.25,5500.0,5505.75,5490.75,stop,-6.5,-1.083,6.0,6.0,6.75
2025-04-04,2025Q2,RND2,1,5175.25,4.25,-0.25,5175.0,5169.75,5183.5,target,8.25,1.5,5.5,8.25,3.5
2025-04-04,2025Q2,RND2,1,5175.5,4.25,-0.5,5175.0,5169.75,5184.12,stop,-6.25,-1.087,5.75,2.0,7.5
2025-04-08,2025Q2,RND8,1,5175.5,4.75,-0.5,5175.0,5169.25,5184.88,target,9.38,1.5,6.25,9.5,0.5
2025-04-08,2025Q2,RND9,1,5200.5,5.0,-0.5,5200.0,5194.0,5210.25,target,9.75,1.5,6.5,10.25,1.0
2025-04-09,2025Q2,RND2,-1,5048.5,5.5,-1.5,5050.0,5056.5,5036.5,stop,-8.5,-1.062,8.0,2.25,9.25
2025-04-09,2025Q2,RND2,-1,5049.25,4.75,-0.75,5050.0,5055.75,5039.5,stop,-7.0,-1.077,6.5,8.75,6.75
2025-04-09,2025Q2,RND3,-1,5074.0,5.75,-1.0,5075.0,5081.75,5062.38,stop,-8.25,-1.065,7.75,1.75,9.25
2025-04-09,2025Q2,RND16,-1,5397.5,4.5,-2.5,5400.0,5405.5,5385.5,stop,-8.5,-1.062,8.0,8.75,8.5
2025-04-10,2025Q2,RND6,1,5300.25,5.0,-0.25,5300.0,5294.0,5309.62,stop,-6.75,-1.08,6.25,3.25,7.5
2025-04-10,2025Q2,RND8,1,5351.25,6.25,-1.25,5350.0,5342.75,5364.0,stop,-9.0,-1.059,8.5,0.25,10.0
2025-04-11,2025Q2,RND3,-1,5349.75,5.75,-0.25,5350.0,5356.75,5339.25,stop,-7.5,-1.071,7.0,0.5,7.0
2025-04-11,2025Q2,RND4,-1,5374.25,4.75,-0.75,5375.0,5380.75,5364.5,stop,-7.0,-1.077,6.5,5.75,7.0
2025-04-14,2025Q2,RND3,1,5476.75,4.75,-1.75,5475.0,5469.25,5488.0,target,11.25,1.5,7.5,11.25,4.75
2025-04-15,2025Q2,RND0,1,5425.25,5.5,-0.25,5425.0,5418.5,5435.38,target,10.12,1.5,6.75,10.25,5.75
2025-04-15,2025Q2,RND0,1,5426.75,5.5,-1.75,5425.0,5418.5,5439.12,target,12.38,1.5,8.25,12.5,3.5
2025-04-16,2025Q2,RND4,-1,5374.25,4.25,-0.75,5375.0,5380.25,5365.25,target,9.0,1.5,6.0,9.0,1.25
2025-04-17,2025Q2,RND1,1,5325.25,4.5,-0.25,5325.0,5319.5,5333.88,stop,-6.25,-1.087,5.75,1.25,6.5
2025-04-17,2025Q2,RND1,1,5326.5,5.5,-1.5,5325.0,5318.5,5338.5,eod,-0.25,-0.031,8.0,6.25,3.25
2025-04-17,2025Q2,RND2,-1,5349.0,5.5,-1.0,5350.0,5356.5,5337.75,target,11.25,1.5,7.5,12.5,6.5
2025-04-17,2025Q2,RND2,-1,5349.75,5.5,-0.25,5350.0,5356.5,5339.62,target,10.12,1.5,6.75,10.5,2.75
2025-04-21,2025Q2,RND0,-1,5149.5,5.5,-0.5,5150.0,5156.5,5139.0,stop,-7.5,-1.071,7.0,5.75,7.0
2025-04-21,2025Q2,RND2,1,5202.75,4.5,-2.75,5200.0,5194.5,5215.12,stop,-8.75,-1.061,8.25,11.0,8.5
2025-04-22,2025Q2,RND1,-1,5272.75,5.0,-2.25,5275.0,5281.0,5260.38,stop,-8.75,-1.061,8.25,7.25,9.25
2025-04-22,2025Q2,RND1,-1,5274.5,4.25,-0.5,5275.0,5280.25,5265.88,stop,-6.25,-1.087,5.75,7.0,5.75
2025-04-22,2025Q2,RND3,-1,5322.75,4.25,-2.25,5325.0,5330.25,5311.5,stop,-8.0,-1.067,7.5,1.0,7.5
2025-04-22,2025Q2,RND3,-1,5324.75,4.25,-0.25,5325.0,5330.25,5316.5,target,8.25,1.5,5.5,8.25,1.75
2025-04-23,2025Q2,RND0,1,5400.25,5.25,-0.25,5400.0,5393.75,5410.0,stop,-7.0,-1.077,6.5,1.0,6.5
2025-04-23,2025Q2,RND0,1,5401.25,4.25,-1.25,5400.0,5394.75,5411.0,stop,-7.0,-1.077,6.5,7.75,6.5
2025-04-24,2025Q2,RND1,-1,5424.25,5.75,-0.75,5425.0,5431.75,5413.0,stop,-8.0,-1.067,7.5,0.75,7.5
2025-04-24,2025Q2,RND4,-1,5499.75,6.25,-0.25,5500.0,5507.25,5488.5,stop,-8.0,-1.067,7.5,6.5,7.5
2025-04-25,2025Q2,RND2,-1,5547.5,4.5,-2.5,5550.0,5555.5,5535.5,target,12.0,1.5,8.0,12.25,6.25
2025-04-28,2025Q2,RND0,1,5501.0,5.75,-1.0,5500.0,5493.25,5512.62,stop,-8.25,-1.065,7.75,4.75,9.0
2025-04-28,2025Q2,RND1,-1,5524.0,6.25,-1.0,5525.0,5532.25,5511.62,stop,-8.75,-1.061,8.25,1.25,8.25
2025-04-29,2025Q2,RND0,-1,5549.0,5.75,-1.0,5550.0,5556.75,5537.38,stop,-8.25,-1.065,7.75,11.5,7.75
2025-04-30,2025Q2,RND2,1,5525.25,6.0,-0.25,5525.0,5518.0,5536.12,stop,-7.75,-1.069,7.25,0.5,7.25
2025-05-01,2025Q2,RND0,-1,5648.5,4.75,-1.5,5650.0,5655.75,5637.62,target,10.88,1.5,7.25,11.0,3.5
2025-05-02,2025Q2,RND0,1,5675.5,5.5,-0.5,5675.0,5668.5,5686.0,target,10.5,1.5,7.0,11.25,3.5
2025-05-05,2025Q2,RND1,-1,5699.0,6.25,-1.0,5700.0,5707.25,5686.62,target,12.38,1.5,8.25,14.5,1.0
2025-05-06,2025Q2,RND0,1,5625.75,4.25,-0.75,5625.0,5619.75,5634.75,target,9.0,1.5,6.0,9.0,5.5
2025-05-06,2025Q2,RND0,1,5627.0,4.75,-2.0,5625.0,5619.25,5638.62,target,11.62,1.5,7.75,11.75,3.5
2025-05-07,2025Q2,RND1,1,5626.0,5.0,-1.0,5625.0,5619.0,5636.5,target,10.5,1.5,7.0,10.5,3.25
2025-05-07,2025Q2,RND2,-1,5648.75,5.5,-1.25,5650.0,5656.5,5637.12,stop,-8.25,-1.065,7.75,2.0,7.75
2025-05-07,2025Q2,RND2,-1,5649.75,6.5,-0.25,5650.0,5657.5,5638.12,target,11.62,1.5,7.75,11.75,0.5
2025-05-08,2025Q2,RND0,1,5675.75,6.25,-0.75,5675.0,5667.75,5687.75,stop,-8.5,-1.062,8.0,1.25,8.0
2025-05-08,2025Q2,RND2,-1,5724.0,5.75,-1.0,5725.0,5731.75,5712.38,stop,-8.25,-1.065,7.75,1.0,7.75
2025-05-08,2025Q2,RND2,1,5725.75,4.75,-0.75,5725.0,5719.25,5735.5,stop,-7.0,-1.077,6.5,0.25,6.75
2025-05-09,2025Q2,RND0,1,5675.25,6.75,-0.25,5675.0,5667.25,5687.25,stop,-8.5,-1.062,8.0,1.5,9.0
2025-05-09,2025Q2,RND0,1,5675.5,4.25,-0.5,5675.0,5669.75,5684.12,target,8.62,1.5,5.75,9.25,1.75
2025-05-09,2025Q2,RND1,1,5700.5,7.0,-0.5,5700.0,5692.0,5713.25,stop,-9.0,-1.059,8.5,8.25,8.5
2025-05-09,2025Q2,RND1,1,5701.0,4.5,-1.0,5700.0,5694.5,5710.75,stop,-7.0,-1.077,6.5,1.25,7.0
2025-05-12,2025Q2,RND0,1,5827.5,4.25,-2.5,5825.0,5819.75,5839.12,target,11.62,1.5,7.75,11.75,3.75
2025-05-12,2025Q2,RND1,-1,5848.75,4.5,-1.25,5850.0,5855.5,5838.62,stop,-7.25,-1.074,6.75,0.75,6.75
2025-05-13,2025Q2,RND1,-1,5899.0,4.5,-1.0,5900.0,5905.5,5889.25,stop,-7.0,-1.077,6.5,2.0,6.5
2025-05-15,2025Q2,RND0,-1,5898.0,5.5,-2.0,5900.0,5906.5,5885.25,stop,-9.0,-1.059,8.5,11.0,8.75
2025-05-16,2025Q2,RND1,-1,5949.75,6.25,-0.25,5950.0,5957.25,5938.5,stop,-8.0,-1.067,7.5,0.0,7.5
2025-05-19,2025Q2,RND1,-1,5949.75,4.75,-0.25,5950.0,5955.75,5940.75,stop,-6.5,-1.083,6.0,0.0,6.0
2025-05-19,2025Q2,RND2,1,5975.5,4.75,-0.5,5975.0,5969.25,5984.88,stop,-6.75,-1.08,6.25,3.0,6.5
2025-05-21,2025Q2,RND4,1,5950.75,5.5,-0.75,5950.0,5943.5,5961.62,stop,-7.75,-1.069,7.25,5.5,7.75
2025-05-22,2025Q2,RND1,-1,5872.5,4.5,-2.5,5875.0,5880.5,5860.5,target,12.0,1.5,8.0,12.0,1.0
2025-05-22,2025Q2,RND1,-1,5873.75,5.0,-1.25,5875.0,5881.0,5862.88,stop,-7.75,-1.069,7.25,0.5,7.5
2025-05-22,2025Q2,RND1,-1,5874.75,5.5,-0.25,5875.0,5881.5,5864.62,target,10.12,1.5,6.75,10.25,4.75
2025-05-23,2025Q2,RND1,1,5825.5,6.0,-0.5,5825.0,5818.0,5836.75,eod,6.5,0.867,7.5,10.25,2.75
2025-05-27,2025Q2,RND0,1,5875.5,6.75,-0.5,5875.0,5867.25,5887.88,target,12.38,1.5,8.25,12.75,1.0
2025-05-28,2025Q2,RND0,-1,5924.5,5.5,-0.5,5925.0,5931.5,5914.0,timeout,-2.0,-0.286,7.0,6.0,4.5
2025-05-28,2025Q2,RND0,1,5926.25,5.75,-1.25,5925.0,5918.25,5938.25,stop,-8.5,-1.062,8.0,0.75,8.25
2025-05-29,2025Q2,RND1,1,5926.25,6.0,-1.25,5925.0,5918.0,5938.62,stop,-8.75,-1.061,8.25,6.25,8.25
2025-05-30,2025Q2,RND1,1,5900.75,5.5,-0.75,5900.0,5893.5,5911.62,stop,-7.75,-1.069,7.25,7.0,7.5
2025-06-03,2025Q2,RND0,1,5950.25,6.25,-0.25,5950.0,5942.75,5961.5,stop,-8.0,-1.067,7.5,3.25,8.75
2025-06-03,2025Q2,RND1,1,5975.75,6.75,-0.75,5975.0,5967.25,5988.5,timeout,5.5,0.647,8.5,9.75,0.5
2025-06-05,2025Q2,RND1,1,5975.75,5.0,-0.75,5975.0,5969.0,5985.88,stop,-7.25,-1.074,6.75,2.0,7.25
2025-06-05,2025Q2,RND1,1,5977.5,4.25,-2.5,5975.0,5969.75,5989.12,stop,-8.25,-1.065,7.75,3.75,11.0
2025-06-06,2025Q2,RND0,1,6001.25,4.25,-1.25,6000.0,5994.75,6011.0,stop,-7.0,-1.077,6.5,9.0,6.5
2025-06-10,2025Q2,RND0,-1,6024.5,4.5,-0.5,6025.0,6030.5,6015.5,target,9.0,1.5,6.0,9.5,4.25
2025-06-10,2025Q2,RND0,-1,6024.75,5.75,-0.25,6025.0,6031.75,6014.25,target,10.5,1.5,7.0,11.0,4.75
2025-06-11,2025Q2,RND0,1,6025.5,4.5,-0.5,6025.0,6019.5,6034.5,stop,-6.5,-1.083,6.0,0.0,6.0
2025-06-13,2025Q2,RND2,-1,6024.75,4.75,-0.25,6025.0,6030.75,6015.75,target,9.0,1.5,6.0,9.25,3.5
2025-06-16,2025Q2,RND1,-1,6098.5,5.0,-1.5,6100.0,6106.0,6087.25,timeout,4.75,0.633,7.5,6.75,4.0
2025-06-17,2025Q2,RND1,-1,6074.5,4.75,-0.5,6075.0,6080.75,6065.12,stop,-6.75,-1.08,6.25,8.0,6.75
2025-06-18,2025Q2,RND0,-1,6049.5,7.0,-0.5,6050.0,6058.0,6036.75,stop,-9.0,-1.059,8.5,1.25,8.5
2025-06-19,2025Q2,RND0,1,5975.5,5.5,-0.5,5975.0,5968.5,5986.0,target,10.5,1.5,7.0,10.5,1.75
2025-06-20,2025Q2,RND0,1,6026.0,5.0,-1.0,6025.0,6019.0,6036.5,stop,-7.5,-1.071,7.0,3.5,7.25
2025-06-23,2025Q2,RND2,-1,6049.75,5.0,-0.25,6050.0,6056.0,6040.38,stop,-6.75,-1.08,6.25,4.0,7.75
2025-06-24,2025Q2,RND0,-1,6124.5,5.25,-0.5,6125.0,6131.25,6114.38,target,10.12,1.5,6.75,10.75,0.5
2025-06-27,2025Q2,RND1,-1,6224.0,5.0,-1.0,6225.0,6231.0,6213.5,timeout,-0.5,-0.071,7.0,3.75,6.75
2025-06-30,2025Q2,RND1,-1,6248.25,4.25,-1.75,6250.0,6255.25,6237.75,eod,-2.5,-0.357,7.0,1.25,6.0
2025-06-30,2025Q2,RND1,-1,6249.75,6.25,-0.25,6250.0,6257.25,6238.5,eod,-1.0,-0.133,7.5,2.75,4.5
2025-07-01,2025Q3,RND0,-1,6247.75,4.25,-2.25,6250.0,6255.25,6236.5,stop,-8.0,-1.067,7.5,5.25,7.5
2025-07-03,2025Q3,RND1,1,6325.5,6.25,-0.5,6325.0,6317.75,6337.12,timeout,-2.0,-0.258,7.75,2.25,5.5
2025-07-07,2025Q3,RND2,1,6300.25,6.5,-0.25,6300.0,6292.5,6311.88,stop,-8.25,-1.065,7.75,2.5,7.75
2025-07-08,2025Q3,RND0,1,6275.25,4.25,-0.25,6275.0,6269.75,6283.5,stop,-6.0,-1.091,5.5,1.5,5.75
2025-07-08,2025Q3,RND0,1,6275.75,5.75,-0.75,6275.0,6268.25,6287.0,stop,-8.0,-1.067,7.5,1.0,7.75
2025-07-11,2025Q3,RND0,1,6300.25,5.25,-0.25,6300.0,6293.75,6310.0,timeout,7.75,1.192,6.5,9.5,2.5
2025-07-15,2025Q3,RND1,1,6326.5,4.75,-1.5,6325.0,6319.25,6337.38,stop,-7.75,-1.069,7.25,0.25,7.25
2025-07-22,2025Q3,RND0,1,6326.75,5.75,-1.75,6325.0,6318.25,6339.5,timeout,10.75,1.265,8.5,11.5,2.5
2025-07-31,2025Q3,RND1,1,6400.25,4.5,-0.25,6400.0,6394.5,6408.88,stop,-6.25,-1.087,5.75,1.75,5.75
2025-07-31,2025Q3,RND2,1,6426.0,4.75,-1.0,6425.0,6419.25,6436.12,timeout,4.0,0.593,6.75,9.25,2.25
2025-08-06,2025Q3,RND0,-1,6349.5,5.0,-0.5,6350.0,6356.0,6339.75,stop,-7.0,-1.077,6.5,0.75,6.5
2025-08-07,2025Q3,RND0,1,6350.25,5.25,-0.25,6350.0,6343.75,6360.0,stop,-7.0,-1.077,6.5,4.25,6.5
2025-08-07,2025Q3,RND0,1,6351.25,6.0,-1.25,6350.0,6343.0,6363.62,target,12.38,1.5,8.25,12.75,0.0
2025-08-11,2025Q3,RND1,-1,6424.75,6.5,-0.25,6425.0,6432.5,6413.12,target,11.62,1.5,7.75,12.0,0.25
2025-08-12,2025Q3,RND0,-1,6423.25,5.0,-1.75,6425.0,6431.0,6411.62,stop,-8.25,-1.065,7.75,2.75,8.0
2025-08-12,2025Q3,RND0,-1,6423.75,4.5,-1.25,6425.0,6430.5,6413.62,target,10.12,1.5,6.75,10.5,0.5
2025-08-13,2025Q3,RND0,1,6476.0,4.5,-1.0,6475.0,6469.5,6485.75,timeout,-2.0,-0.308,6.5,6.75,2.75
2025-08-14,2025Q3,RND0,1,6475.25,6.0,-0.25,6475.0,6468.0,6486.12,target,10.88,1.5,7.25,11.25,0.75
2025-08-14,2025Q3,RND0,1,6475.75,6.0,-0.75,6475.0,6468.0,6487.38,stop,-8.25,-1.065,7.75,6.25,9.75
2025-08-15,2025Q3,RND0,1,6475.25,5.75,-0.25,6475.0,6468.25,6485.75,stop,-7.5,-1.071,7.0,4.25,8.0
2025-08-15,2025Q3,RND0,1,6475.5,4.25,-0.5,6475.0,6469.75,6484.12,stop,-6.25,-1.087,5.75,1.5,5.75
2025-08-19,2025Q3,RND1,1,6451.25,4.5,-1.25,6450.0,6444.5,6461.38,stop,-7.25,-1.074,6.75,2.5,7.0
2025-08-20,2025Q3,RND0,1,6376.5,5.75,-1.5,6375.0,6368.25,6388.88,stop,-8.75,-1.061,8.25,0.0,8.5
2025-08-20,2025Q3,RND0,1,6377.25,5.0,-2.25,6375.0,6369.0,6389.62,stop,-8.75,-1.061,8.25,8.5,9.25
2025-08-21,2025Q3,RND0,1,6375.75,4.75,-0.75,6375.0,6369.25,6385.5,target,9.75,1.5,6.5,10.25,1.0
2025-08-21,2025Q3,RND1,-1,6399.75,5.5,-0.25,6400.0,6406.5,6389.62,stop,-7.25,-1.074,6.75,3.25,6.75
2025-08-25,2025Q3,RND0,1,6475.5,5.25,-0.5,6475.0,6468.75,6485.62,stop,-7.25,-1.074,6.75,1.5,7.0
2025-08-28,2025Q3,RND0,-1,6497.75,4.25,-2.25,6500.0,6505.25,6486.5,stop,-8.0,-1.067,7.5,9.25,7.75
2025-09-03,2025Q3,RND0,-1,6448.25,4.25,-1.75,6450.0,6455.25,6437.75,stop,-7.5,-1.071,7.0,3.25,7.0
2025-09-03,2025Q3,RND0,-1,6449.25,4.5,-0.75,6450.0,6455.5,6439.88,target,9.38,1.5,6.25,10.0,4.25
2025-09-04,2025Q3,RND0,-1,6474.75,4.25,-0.25,6475.0,6480.25,6466.5,stop,-6.0,-1.091,5.5,1.0,6.0
2025-09-04,2025Q3,RND1,-1,6499.75,4.25,-0.25,6500.0,6505.25,6491.5,eod,-3.75,-0.682,5.5,0.25,5.0
2025-09-08,2025Q3,RND0,1,6501.25,4.75,-1.25,6500.0,6494.25,6511.75,target,10.5,1.5,7.0,10.5,0.0
2025-09-09,2025Q3,RND0,1,6501.25,5.0,-1.25,6500.0,6494.0,6512.12,timeout,3.5,0.483,7.25,5.0,4.0
2025-09-10,2025Q3,RND1,-1,6549.5,4.25,-0.5,6550.0,6555.25,6540.88,stop,-6.25,-1.087,5.75,3.0,5.75
2025-09-12,2025Q3,RND0,-1,6599.0,6.0,-1.0,6600.0,6607.0,6587.0,target,12.0,1.5,8.0,12.0,1.25
2025-09-18,2025Q3,RND0,1,6677.25,4.75,-2.25,6675.0,6669.25,6689.25,target,12.0,1.5,8.0,12.25,0.0
2025-09-18,2025Q3,RND1,1,6700.25,6.5,-0.25,6700.0,6692.5,6711.88,stop,-8.25,-1.065,7.75,1.0,7.75
2025-09-26,2025Q3,RND0,-1,6672.25,4.5,-2.75,6675.0,6680.5,6659.88,stop,-8.75,-1.061,8.25,9.0,8.25
2025-09-29,2025Q3,RND1,-1,6724.0,5.5,-1.0,6725.0,6731.5,6712.75,target,11.25,1.5,7.5,11.25,1.25
2025-09-30,2025Q3,RND0,1,6700.25,6.0,-0.25,6700.0,6693.0,6711.12,target,10.88,1.5,7.25,11.0,3.25
2025-09-30,2025Q3,RND0,1,6701.0,5.75,-1.0,6700.0,6693.25,6712.62,target,11.62,1.5,7.75,11.75,0.5
2025-10-02,2025Q4,RND0,1,6750.5,4.25,-0.5,6750.0,6744.75,6759.12,stop,-6.25,-1.087,5.75,3.0,8.5
2025-10-02,2025Q4,RND1,-1,6773.25,5.25,-1.75,6775.0,6781.25,6761.25,target,12.0,1.5,8.0,12.0,1.5
2025-10-09,2025Q4,RND0,1,6775.5,6.0,-0.5,6775.0,6768.0,6786.75,timeout,2.25,0.3,7.5,9.75,3.75
2025-10-10,2025Q4,RND0,1,6625.75,6.5,-0.75,6625.0,6617.5,6638.12,stop,-8.75,-1.061,8.25,0.5,8.25
2025-10-10,2025Q4,RND1,1,6651.0,5.25,-1.0,6650.0,6643.75,6661.88,target,10.88,1.5,7.25,11.0,0.0
2025-10-10,2025Q4,RND2,1,6676.75,5.25,-1.75,6675.0,6668.75,6688.75,target,12.0,1.5,8.0,12.0,7.25
2025-10-13,2025Q4,RND1,-1,6698.0,5.25,-2.0,6700.0,6706.25,6685.62,stop,-8.75,-1.061,8.25,3.0,8.5
2025-10-17,2025Q4,RND1,-1,6672.75,4.25,-2.25,6675.0,6680.25,6661.5,stop,-8.0,-1.067,7.5,7.75,7.5
2025-10-17,2025Q4,RND1,-1,6673.75,4.25,-1.25,6675.0,6680.25,6664.0,stop,-7.0,-1.077,6.5,0.75,6.5
2025-10-21,2025Q4,RND0,1,6776.25,5.0,-1.25,6775.0,6769.0,6787.12,timeout,6.5,0.897,7.25,8.25,5.25
2025-10-22,2025Q4,RND0,1,6701.75,4.75,-1.75,6700.0,6694.25,6713.0,target,11.25,1.5,7.5,12.0,0.0
2025-10-23,2025Q4,RND0,-1,6749.25,6.5,-0.75,6750.0,6757.5,6736.88,stop,-8.75,-1.061,8.25,1.25,8.25
2025-10-23,2025Q4,RND0,1,6752.25,4.75,-2.25,6750.0,6744.25,6764.25,target,12.0,1.5,8.0,12.5,2.25
2025-10-29,2025Q4,RND0,1,6902.5,5.0,-2.5,6900.0,6894.0,6915.25,eod,6.75,0.794,8.5,8.25,1.25
2025-10-30,2025Q4,RND1,-1,6899.5,5.0,-0.5,6900.0,6906.0,6889.75,stop,-7.0,-1.077,6.5,0.75,6.75
2025-10-31,2025Q4,RND0,1,6850.75,4.5,-0.75,6850.0,6844.5,6860.12,target,9.38,1.5,6.25,10.0,1.5
2025-11-03,2025Q4,RND1,1,6875.5,4.25,-0.5,6875.0,6869.75,6884.12,stop,-6.25,-1.087,5.75,0.75,5.75
2025-11-04,2025Q4,RND0,1,6800.25,5.25,-0.25,6800.0,6793.75,6810.0,target,9.75,1.5,6.5,9.75,2.25
2025-11-05,2025Q4,RND0,1,6800.25,4.5,-0.25,6800.0,6794.5,6808.88,stop,-6.25,-1.087,5.75,1.5,5.75
2025-11-05,2025Q4,RND1,-1,6824.0,4.5,-1.0,6825.0,6830.5,6814.25,target,9.75,1.5,6.5,11.25,1.75
2025-11-06,2025Q4,RND0,1,6750.75,5.75,-0.75,6750.0,6743.25,6762.0,stop,-8.0,-1.067,7.5,2.0,8.75
2025-11-06,2025Q4,RND1,-1,6774.25,5.25,-0.75,6775.0,6781.25,6763.75,target,10.5,1.5,7.0,10.5,6.5
2025-11-07,2025Q4,RND0,1,6675.25,4.5,-0.25,6675.0,6669.5,6683.88,stop,-6.25,-1.087,5.75,2.5,5.75
2025-11-07,2025Q4,RND0,1,6676.25,4.25,-1.25,6675.0,6669.75,6686.0,stop,-7.0,-1.077,6.5,2.25,6.75
2025-11-07,2025Q4,RND1,-1,6699.75,4.25,-0.25,6700.0,6705.25,6691.5,stop,-6.0,-1.091,5.5,1.0,5.5
2025-11-07,2025Q4,RND1,1,6701.25,4.5,-1.25,6700.0,6694.5,6711.38,stop,-7.25,-1.074,6.75,3.0,6.75
2025-11-11,2025Q4,RND1,-1,6873.75,4.25,-1.25,6875.0,6880.25,6864.0,eod,-1.25,-0.192,6.5,5.25,2.0
2025-11-12,2025Q4,RND0,-1,6874.0,5.75,-1.0,6875.0,6881.75,6862.38,stop,-8.25,-1.065,7.75,1.0,7.75
2025-11-12,2025Q4,RND0,-1,6874.75,6.75,-0.25,6875.0,6882.75,6862.75,stop,-8.5,-1.062,8.0,0.25,8.0
2025-11-13,2025Q4,RND2,1,6801.0,5.0,-1.0,6800.0,6794.0,6811.5,stop,-7.5,-1.071,7.0,0.25,8.25
2025-11-14,2025Q4,RND2,-1,6724.0,5.0,-1.0,6725.0,6731.0,6713.5,target,10.5,1.5,7.0,10.5,0.5
2025-11-14,2025Q4,RND3,-1,6748.0,4.75,-2.0,6750.0,6755.75,6736.38,stop,-8.25,-1.065,7.75,0.0,8.0
2025-11-14,2025Q4,RND4,1,6777.25,5.0,-2.25,6775.0,6769.0,6789.62,stop,-8.75,-1.061,8.25,5.25,8.25
2025-11-17,2025Q4,RND3,1,6750.5,4.5,-0.5,6750.0,6744.5,6759.5,stop,-6.5,-1.083,6.0,2.5,6.25
2025-11-18,2025Q4,RND0,1,6601.5,6.0,-1.5,6600.0,6593.0,6614.25,target,12.75,1.5,8.5,13.75,3.5
2025-11-18,2025Q4,RND1,1,6626.5,5.5,-1.5,6625.0,6618.5,6638.5,stop,-8.5,-1.062,8.0,4.25,8.0
2025-11-18,2025Q4,RND2,-1,6648.75,4.5,-1.25,6650.0,6655.5,6638.62,target,10.12,1.5,6.75,10.25,3.5
2025-11-18,2025Q4,RND2,-1,6649.75,6.25,-0.25,6650.0,6657.25,6638.5,target,11.25,1.5,7.5,11.25,4.75
2025-11-18,2025Q4,RND3,-1,6672.75,4.75,-2.25,6675.0,6680.75,6660.75,stop,-8.5,-1.062,8.0,6.0,8.0
2025-11-18,2025Q4,RND3,-1,6674.0,5.5,-1.0,6675.0,6681.5,6662.75,stop,-8.0,-1.067,7.5,7.25,8.5
2025-11-19,2025Q4,RND1,1,6650.25,7.25,-0.25,6650.0,6641.75,6663.0,target,12.75,1.5,8.5,12.75,1.0
2025-11-19,2025Q4,RND1,1,6651.25,4.75,-1.25,6650.0,6644.25,6661.75,target,10.5,1.5,7.0,10.75,1.5
2025-11-19,2025Q4,RND1,1,6651.5,4.5,-1.5,6650.0,6644.5,6662.0,stop,-7.5,-1.071,7.0,10.0,7.0
2025-11-19,2025Q4,RND2,-1,6674.5,4.5,-0.5,6675.0,6680.5,6665.5,target,9.0,1.5,6.0,9.0,3.25
2025-11-20,2025Q4,RND1,-1,6599.5,5.0,-0.5,6600.0,6606.0,6589.75,stop,-7.0,-1.077,6.5,0.75,6.5
2025-11-21,2025Q4,RND4,1,6650.25,5.5,-0.25,6650.0,6643.5,6660.38,stop,-7.25,-1.074,6.75,1.0,7.25
2025-11-25,2025Q4,RND2,-1,6722.0,4.5,-3.0,6725.0,6730.5,6709.25,stop,-9.0,-1.059,8.5,3.5,8.5
2025-11-25,2025Q4,RND2,-1,6724.25,6.75,-0.75,6725.0,6732.75,6711.5,stop,-9.0,-1.059,8.5,5.75,9.25
2025-11-25,2025Q4,RND2,-1,6724.75,5.0,-0.25,6725.0,6731.0,6715.38,target,9.38,1.5,6.25,9.5,0.0
2025-11-28,2025Q4,RND0,-1,6849.25,6.75,-0.75,6850.0,6857.75,6836.5,stop,-9.0,-1.059,8.5,4.0,8.5
2025-11-28,2025Q4,RND0,-1,6849.75,6.0,-0.25,6850.0,6857.0,6838.88,timeout,-0.25,-0.034,7.25,7.25,7.0
2025-12-02,2025Q4,RND1,-1,6848.5,4.75,-1.5,6850.0,6855.75,6837.62,stop,-7.75,-1.069,7.25,8.75,7.25
2025-12-03,2025Q4,RND1,1,6851.0,5.25,-1.0,6850.0,6843.75,6861.88,target,10.88,1.5,7.25,11.0,0.0
2025-12-04,2025Q4,RND0,1,6851.0,5.0,-1.0,6850.0,6844.0,6861.5,target,10.5,1.5,7.0,10.5,2.5
2025-12-05,2025Q4,RND1,-1,6899.0,5.0,-1.0,6900.0,6906.0,6888.5,target,10.5,1.5,7.0,10.5,3.75
2025-12-08,2025Q4,RND1,1,6875.25,5.75,-0.25,6875.0,6868.25,6885.75,stop,-7.5,-1.071,7.0,4.0,7.0
2025-12-10,2025Q4,RND0,-1,6849.0,5.0,-1.0,6850.0,6856.0,6838.5,stop,-7.5,-1.071,7.0,2.0,7.0
2025-12-10,2025Q4,RND0,1,6851.25,5.5,-1.25,6850.0,6843.5,6862.88,stop,-8.25,-1.065,7.75,0.25,7.75
2025-12-10,2025Q4,RND2,-1,6899.0,4.25,-1.0,6900.0,6905.25,6889.62,stop,-6.75,-1.08,6.25,1.0,7.75
2025-12-11,2025Q4,RND1,-1,6873.25,4.5,-1.75,6875.0,6880.5,6862.38,target,10.88,1.5,7.25,11.0,5.25
2025-12-12,2025Q4,RND2,1,6875.75,5.25,-0.75,6875.0,6868.75,6886.25,stop,-7.5,-1.071,7.0,3.25,7.75
2025-12-16,2025Q4,RND2,-1,6874.5,5.5,-0.5,6875.0,6881.5,6864.0,target,10.5,1.5,7.0,10.75,0.0
2025-12-16,2025Q4,RND2,-1,6874.75,4.5,-0.25,6875.0,6880.5,6866.12,target,8.62,1.5,5.75,9.0,2.0
2025-12-17,2025Q4,RND0,1,6800.25,4.75,-0.25,6800.0,6794.25,6809.25,target,9.0,1.5,6.0,9.5,0.75
2025-12-17,2025Q4,RND0,1,6801.5,4.25,-1.5,6800.0,6794.75,6811.62,stop,-7.25,-1.074,6.75,7.5,6.75
2025-12-17,2025Q4,RND0,1,6802.75,4.5,-2.75,6800.0,6794.5,6815.12,stop,-8.75,-1.061,8.25,12.25,9.25
2025-12-18,2025Q4,RND0,1,6825.75,4.5,-0.75,6825.0,6819.5,6835.12,target,9.38,1.5,6.25,9.5,2.75
2025-12-19,2025Q4,RND1,-1,6873.0,4.25,-2.0,6875.0,6880.25,6862.12,stop,-7.75,-1.069,7.25,0.25,7.25
2025-12-26,2025Q4,RND0,1,6975.5,6.0,-0.5,6975.0,6968.0,6986.75,timeout,3.25,0.433,7.5,5.75,1.25
2025-12-29,2025Q4,RND0,-1,6949.75,4.75,-0.25,6950.0,6955.75,6940.75,stop,-6.5,-1.083,6.0,5.5,6.0
2025-12-29,2025Q4,RND0,1,6950.25,4.25,-0.25,6950.0,6944.75,6958.5,stop,-6.0,-1.091,5.5,1.75,5.5
2025-12-29,2025Q4,RND0,1,6950.75,6.5,-0.75,6950.0,6942.5,6963.12,timeout,-5.25,-0.636,8.25,9.0,6.5
2025-12-30,2025Q4,RND0,1,6950.75,5.25,-0.75,6950.0,6943.75,6961.25,eod,1.0,0.143,7.0,2.5,1.25
2026-01-02,2026Q1,RND1,-1,6899.25,6.0,-0.75,6900.0,6907.0,6887.62,eod,3.75,0.484,7.75,4.75,4.0
2026-01-05,2026Q1,RND0,-1,6949.75,5.0,-0.25,6950.0,6956.0,6940.38,stop,-6.75,-1.08,6.25,0.75,6.25
2026-01-05,2026Q1,RND0,1,6951.0,5.0,-1.0,6950.0,6944.0,6961.5,timeout,0.5,0.071,7.0,5.75,1.5
2026-01-06,2026Q1,RND0,1,6952.75,4.5,-2.75,6950.0,6944.5,6965.12,target,12.38,1.5,8.25,12.5,0.25
2026-01-08,2026Q1,RND0,1,6951.25,6.0,-1.25,6950.0,6943.0,6963.62,target,12.38,1.5,8.25,12.75,1.75
2026-01-13,2026Q1,RND0,1,7000.5,5.5,-0.5,7000.0,6993.5,7011.0,stop,-7.5,-1.071,7.0,4.5,7.25
2026-01-14,2026Q1,RND1,1,6950.75,5.0,-0.75,6950.0,6944.0,6960.88,target,10.12,1.5,6.75,11.0,4.75
2026-01-14,2026Q1,RND2,-1,6974.0,4.75,-1.0,6975.0,6980.75,6963.88,target,10.12,1.5,6.75,12.25,1.5
2026-01-15,2026Q1,RND1,1,7000.25,5.5,-0.25,7000.0,6993.5,7010.38,target,10.12,1.5,6.75,10.25,5.0
2026-01-15,2026Q1,RND1,1,7001.5,4.75,-1.5,7000.0,6994.25,7012.38,stop,-7.75,-1.069,7.25,10.5,7.75
2026-01-19,2026Q1,RND0,-1,6898.0,4.75,-2.0,6900.0,6905.75,6886.38,stop,-8.25,-1.065,7.75,2.75,7.75
2026-01-20,2026Q1,RND2,1,6876.5,4.75,-1.5,6875.0,6869.25,6887.38,stop,-7.75,-1.069,7.25,2.5,9.0
2026-01-20,2026Q1,RND3,-1,6899.25,4.75,-0.75,6900.0,6905.75,6889.5,target,9.75,1.5,6.5,10.0,2.0
2026-01-21,2026Q1,RND0,1,6851.25,4.5,-1.25,6850.0,6844.5,6861.38,target,10.12,1.5,6.75,10.25,0.0
2026-01-21,2026Q1,RND2,-1,6899.0,5.75,-1.0,6900.0,6906.75,6887.38,target,11.62,1.5,7.75,11.75,4.25
2026-01-22,2026Q1,RND0,1,6950.5,7.0,-0.5,6950.0,6942.0,6963.25,stop,-9.0,-1.059,8.5,0.0,8.75
2026-01-23,2026Q1,RND0,-1,6949.75,6.25,-0.25,6950.0,6957.25,6938.5,timeout,8.75,1.167,7.5,10.5,3.25
