date,total_oi,zdte_oi,zdte_share
2023-03-29,344066191,8021093,0.023312645095082882
2023-03-30,354085689,7922680,0.022375035891382778
2023-03-31,362199990,48027295,0.13259883027605826
2023-04-03,375255745,11510394,0.030673465105777394
2023-04-04,354779050,8020039,0.02260572883319914
2023-04-05,362015740,11211109,0.030968567830779954
2023-04-06,364281181,32513741,0.08925451737788233
2023-04-10,361264129,10642646,0.02945945956344866
2023-04-11,346507491,6691625,0.0193116315629667
2023-04-12,350771934,7877851,0.022458612666542473
2023-04-13,357460660,6769791,0.018938562358162714
2023-04-14,367092105,22765040,0.062014518127541864
2023-04-17,365787030,7444674,0.020352482153344804
2023-04-18,359504110,5677566,0.01579277076971387
2023-04-19,368541044,6689694,0.018151828972406123
2023-04-20,373812428,6835530,0.018285989143196704
2023-04-21,380640868,80554041,0.21162740990807113
2023-04-24,373807611,7730605,0.020680705187674737
2023-04-25,323356648,6359309,0.0196665478793558
2023-04-26,331887503,8614665,0.025956581438379738
2023-04-27,334978233,6402455,0.01911304786182928
2023-04-28,347273877,28232376,0.08129714864789556
2023-05-01,355310037,9239738,0.02600471992858451
2023-05-02,344897813,8976051,0.026025247657920057
2023-05-03,349338642,9783432,0.028005582044943085
2023-05-04,352884047,8651402,0.02451627403831038
2023-05-05,355405495,26876728,0.07562271371184061
2023-05-08,362294408,7423220,0.02048946888520565
2023-05-09,353650074,8144343,0.023029382993993097
2023-05-10,355043587,7303591,0.020570970065148648
2023-05-11,364670021,6991080,0.01917097539531499
2023-05-12,367033746,21969984,0.05985821260151921
2023-05-15,369000286,8747792,0.023706735013208094
2023-05-16,365600763,5162883,0.0141216417537947
2023-05-17,367769776,6596272,0.017935873012033483
2023-05-18,379057504,8291954,0.021875187570485347
2023-05-19,387079581,67276429,0.173805161269925
2023-05-22,384876120,8490531,0.022060425572779107
2023-05-23,344971979,6703593,0.019432282643454934
2023-05-24,351771384,9366439,0.026626495007905475
2023-05-25,359207620,8466357,0.023569536191910406
2023-05-26,356166642,24840451,0.0697439009462318
2023-05-30,366976758,10297410,0.028060114913326474
2023-05-31,358596165,9719206,0.027103485615915607
2023-06-01,359651957,8745276,0.024315941647997205
2023-06-02,365654962,32701897,0.08943375695254478
2023-06-05,376611241,8091748,0.02148567838419884
2023-06-06,363482389,7259547,0.019972211088334187
2023-06-07,370039450,8177525,0.022099062681019552
2023-06-08,376020437,7340367,0.01952119161012517
2023-06-09,382168070,28706213,0.0751141062098673
2023-06-12,386856721,9402321,0.024304401318647376
2023-06-13,382242128,11197644,0.029294635990515416
2023-06-14,390818436,10998156,0.02814134387457607
2023-06-15,397376888,12061001,0.03035154123004758
2023-06-16,376847583,78599592,0.2085713045425052
2023-06-20,381873847,9130896,0.02391076548376459
2023-06-21,323361095,6567568,0.020310322118373577
2023-06-22,326132343,6023824,0.018470489447898763
2023-06-23,330225543,20292177,0.06144944699205173
2023-06-26,332923046,6132384,0.01841982426173044
2023-06-27,327694374,5474048,0.016704735980606126
2023-06-28,343873862,6168128,0.017937181861179086
2023-06-29,344850070,5856480,0.01698268467801094
2023-06-30,347155494,45277037,0.13042293088410695
2023-07-03,357387305,5709776,0.01597643766333558
2023-07-05,321512681,5996432,0.01865068581851675
2023-07-06,329113097,6540112,0.019871928706623306
2023-07-07,337733449,20184085,0.05976335793734188
2023-07-10,340755124,5883024,0.01726466775008789
2023-07-11,336064580,5579040,0.016601094944311
2023-07-12,340832468,8519456,0.024996022385989355
2023-07-13,347572148,6359936,0.01829817503098666
2023-07-14,356003588,19843213,0.055738800587594076
2023-07-17,364459175,7841344,0.021515013307045982
2023-07-18,359458615,5765504,0.0160394097106283
2023-07-19,371309543,9151984,0.024647855603323398
2023-07-20,381499655,6308016,0.01653478821625671
2023-07-21,383064727,79938458,0.20868133337685252
2023-07-24,372586413,6649664,0.017847306740087703
2023-07-25,325018477,5377744,0.01654596393915168
2023-07-26,329860781,5584896,0.016931070080744154
2023-07-27,334588541,5933392,0.01773339870596465
2023-07-28,349086749,29749664,0.08522140724396274
2023-07-31,352479197,8198400,0.023259244998790667
2023-08-01,342103837,5542640,0.016201630617782285
2023-08-02,345594013,5857904,0.016950247341235045
2023-08-03,356476509,7670128,0.02151650334973405
2023-08-04,358633517,22415936,0.06250373971599536
2023-08-07,362678669,7364640,0.020306239736420782
2023-08-08,357506077,5566304,0.015569816453777372
2023-08-09,360883789,7826464,0.021686937010074455
2023-08-10,367735613,7568368,0.02058100366798034
2023-08-11,376598845,23787504,0.06316403864701178
2023-08-14,374658381,5743696,0.015330488496399071
2023-08-15,366940493,6296256,0.017158793101637874
2023-08-16,368795965,6848032,0.0185686196431135
2023-08-17,374567997,7283584,0.019445291798380736
2023-08-18,381699517,70578323,0.18490545535586833
2023-08-21,374334554,8695984,0.023230513739856355
2023-08-22,332515434,6458976,0.01942459007782478
2023-08-23,332607370,7649664,0.022999081469541702
2023-08-24,336561306,7150096,0.021244557447729896
2023-08-25,339962458,21423904,0.06301844070088468
2023-08-28,344259114,7002160,0.020339795564570006
2023-08-29,343720794,5899968,0.01716500166120296
2023-08-30,358109338,9567744,0.026717382052740553
2023-08-31,361755754,9814960,0.02713145510879697
2023-09-01,362268490,28436272,0.07849501898440021
2023-09-05,363812090,9918464,0.02726260141602221
2023-09-06,349545594,6460912,0.018483746071764246
2023-09-07,350557786,5398864,0.015400781884216943
2023-09-08,352364954,24950016,0.07080731416893407
2023-09-11,355411002,5233872,0.014726252059017576
2023-09-12,346205162,6066976,0.01752422166368507
2023-09-13,352502154,6375344,0.0180859717526719
2023-09-14,358254026,7311920,0.020409875310096307
2023-09-15,352164746,72263219,0.20519719767747566
2023-09-18,355037319,6071808,0.017101886689269416
2023-09-19,297302375,5231952,0.0175980834327341
2023-09-20,302630663,6057584,0.020016425103625404
2023-09-21,306761239,6353344,0.020711039050145444
2023-09-22,315487399,23877264,0.07568373277564724
2023-09-25,318111591,6969824,0.021909996985931896
2023-09-26,311699927,7558224,0.024248398364238307
2023-09-27,318192855,7129600,0.02240653706696211
2023-09-28,324620567,7782080,0.023972849508330753
2023-09-29,327054471,36410089,0.11132729324467788
2023-10-02,327978382,7265040,0.022150972133279198
2023-10-03,307622478,6371680,0.0207126606658438
2023-10-04,316250670,7419552,0.023460984288191388
2023-10-05,319321198,7692352,0.024089700427592658
2023-10-06,320936142,22110640,0.06889420388184264
2023-10-09,326878030,7713232,0.02359666692802817
2023-10-10,320007166,7225856,0.022580294342533568
2023-10-11,331695470,7549216,0.022759478747177344
2023-10-12,335984062,6912112,0.02057273776278114
2023-10-13,343030590,23102704,0.06734881574264266
2023-10-16,346363678,9123920,0.026342023080145258
2023-10-17,348239038,7446064,0.021382048499686012
2023-10-18,350710222,7397456,0.021092786967583738
2023-10-19,355838798,7450560,0.020938020367301264
2023-10-20,358732846,63340778,0.1765681027156348
2023-10-23,351615972,7502208,0.02133636864482368
2023-10-24,314411716,6715440,0.02135874605894139
2023-10-25,315559556,7715840,0.024451295653363132
2023-10-26,320124308,6734688,0.02103772763172986
2023-10-27,322606308,27629472,0.08564454976497236
2023-10-30,329631172,8761376,0.026579330913521736
2023-10-31,328485092,9244352,0.028142379137254727
2023-11-01,327432452,7197104,0.02198042361421158
2023-11-02,332215796,6680240,0.02010813477394073
2023-11-03,340609268,24761408,0.07269739941427548
2023-11-06,352004580,9234432,0.026233840480143752
2023-11-07,344881988,7404272,0.021469001738646902
2023-11-08,352981716,8286944,0.023476978054013428
2023-11-09,357058484,6292320,0.017622659261612727
2023-11-10,359736340,23210736,0.06452152151211635
2023-11-13,366234116,9943648,0.02715106967260254
2023-11-14,354892164,7138448,0.020114414247816417
2023-11-15,368677764,8538624,0.02316012744397571
2023-11-16,378045796,9980976,0.026401499780201232
2023-11-17,381237268,72497803,0.19016452242544138
2023-11-20,373496265,7479152,0.020024703593756153
2023-11-21,332531625,5999312,0.01804132764815978
2023-11-22,333927305,9978624,0.02988262370458145
2023-11-24,340217881,24958784,0.0733611764515105
2023-11-27,334506697,5716896,0.0170905277869519
2023-11-28,326760633,4854896,0.01485765269649236
2023-11-29,333094297,6068064,0.018217255758059405
2023-11-30,340652201,6577872,0.019309641859616224
2023-12-01,345161001,24023552,0.06960100338798125
2023-12-04,356329593,8035120,0.022549684780180466
2023-12-05,349055641,5859248,0.016786000029147215
2023-12-06,357276297,6040480,0.01690702700045058
2023-12-07,365215865,6985536,0.019127142792660444
2023-12-08,369853801,27159760,0.07343377282203462
2023-12-11,372073769,7195792,0.019339691748063003
2023-12-12,366650537,6607792,0.01802204369879322
2023-12-13,372038777,8006352,0.021520208362581516
2023-12-14,385865385,14062560,0.03644421227366637
2023-12-15,368795257,96608164,0.26195609126285485
2023-12-18,374466181,7232544,0.01931427820981249
2023-12-19,317131031,5832411,0.018391170935271862
2023-12-20,324580601,7363448,0.022686038467221892
2023-12-21,338550572,8049993,0.023777815386470533
2023-12-22,342811146,32394639,0.09449704123680973
2023-12-26,343904076,7850532,0.02282767942535232
2023-12-27,325453432,7336384,0.022542039132652316
2023-12-28,330202637,8173311,0.024752409836145555
2023-12-29,338582872,45466604,0.13428500895934276
2024-01-02,341451195,8336902,0.02441608675582465
2024-01-03,316572715,6159355,0.01945636723619722
2024-01-04,322596699,5644833,0.017498111473236124
2024-01-05,327369296,21141948,0.06458134057874505
2024-01-08,340405253,6371668,0.018717889761824563
2024-01-09,350969410,6674081,0.019016133058433783
2024-01-10,350960604,6102966,0.017389319286674126
2024-01-11,359684256,7396071,0.020562676504806483
2024-01-12,368247870,21402303,0.05811928525207763
2024-01-16,374228708,9798749,0.026183851720964175
2024-01-17,369064584,8316978,0.022535291546695795
2024-01-18,375071704,9305511,0.024809952072524243
2024-01-19,382322255,96425490,0.25220998448023907
2024-01-22,376652081,9329209,0.024768770625748913
2024-01-23,320098385,9367527,0.029264524405519885
2024-01-24,327376119,8266250,0.02525000914926235
2024-01-25,346171523,8375713,0.02419526865587959
2024-01-26,352022617,23781113,0.06755563947188087
2024-01-29,358460024,8384961,0.02339162093009289
2024-01-30,351344674,8855861,0.025205621873180865
2024-01-31,356136651,19914786,0.055918945562275196
2024-02-01,362134098,9525763,0.026304518278198703
2024-02-02,360107222,26821852,0.07448296052224135
2024-02-05,377520662,12475671,0.03304632634915225
2024-02-06,370018477,8153608,0.022035677964265553
2024-02-07,367189677,7905221,0.02152898486849346
2024-02-08,384706953,7458869,0.019388443442039896
2024-02-09,387939469,25435485,0.06556560245227329
2024-02-12,395059766,9766330,0.024721145610155603
2024-02-13,398581588,7917937,0.0198652853979798
2024-02-14,408802294,10361568,0.025346159138725382
2024-02-15,413976601,8231315,0.019883527185151222
2024-02-16,424456523,75872105,0.17875118154327435
2024-02-20,415857039,9739470,0.023420236010481477
2024-02-21,371548477,8893176,0.023935439250905608
2024-02-22,373684476,9001228,0.024087776126937636
2024-02-23,390179559,26512843,0.06795036384773812
2024-02-26,393129535,8452910,0.021501589800420363
2024-02-27,383607954,7251707,0.018903953696434564
2024-02-28,386996785,6680490,0.01726239146922112
2024-02-29,391693052,24163052,0.0616887429496707
2024-03-01,394335158,29961769,0.07598046583510568
2024-03-04,401139272,8944720,0.022298290455091616
2024-03-05,386261977,7090513,0.01835674599677203
2024-03-06,392607703,7369449,0.01877051556474428
2024-03-07,397633413,6692815,0.016831621240039
2024-03-08,403575848,28905253,0.07162285142494454
2024-03-11,421256222,8487301,0.020147597962363154
2024-03-12,411000343,7934376,0.019305034983875913
2024-03-13,418216401,9858725,0.0235732624938351
2024-03-14,419130865,7840162,0.018705761504822605
2024-03-15,404329084,88024244,0.21770445778765696
2024-03-18,407246594,7679971,0.01885828172205659
2024-03-19,336767110,7319469,0.021734512613182447
2024-03-20,342990419,9319094,0.02717012920410468
2024-03-21,348932735,6671752,0.019120453115412057
2024-03-22,354496359,28556974,0.08055646630774
2024-03-25,373865122,9875589,0.026414844335225257
2024-03-26,357722755,5388541,0.015063456055514277
2024-03-27,359248165,6142814,0.017099082468521445
2024-03-28,364110301,46514754,0.12774907458605517
2024-04-01,391793781,8512002,0.02172572004148274
2024-04-02,364742072,5805126,0.01591570165780053
2024-04-03,370472976,6811849,0.018386898481901687
2024-04-04,373150952,5941840,0.015923421789903407
2024-04-05,382717753,26207982,0.06847861588485027
2024-04-08,387246570,7581099,0.01957693001644921
2024-04-09,371183219,6391541,0.017219369499567812
2024-04-10,377825442,8926445,0.023625844127246467
2024-04-11,382546767,7592336,0.019846817840183186
2024-04-12,386508787,24805975,0.06417958875537802
2024-04-15,394410761,9446407,0.023950682724906688
2024-04-16,388204843,8698509,0.022407007941423338
2024-04-17,383152511,8203265,0.021409921022284516
2024-04-18,383635124,6740313,0.017569593028192068
2024-04-19,386097523,73714703,0.19092249654240853
2024-04-22,380515981,8121104,0.021342346722620305
2024-04-23,329975729,6887006,0.02087125020034428
2024-04-24,332489434,6755630,0.020318329875108152
2024-04-25,334041398,7097177,0.021246399525606106
2024-04-26,338813417,27230243,0.0803694353107628
2024-04-29,340176477,7290994,0.021432975214215062
2024-04-30,325407438,19181015,0.05894461146275335
2024-05-01,324541135,6954326,0.02142818043697296
2024-05-02,319151404,6799337,0.021304424529493843
2024-05-03,321429676,23652644,0.07358575068221143
2024-05-06,327104157,7452426,0.022783036658259283
2024-05-07,336595682,7271920,0.02160431755033625
2024-05-08,338952307,6308802,0.01861265396255291
2024-05-09,341660577,5595414,0.01637711335949655
2024-05-10,353092754,17699822,0.050127967225291746
2024-05-13,358174887,6588945,0.018395887704991443
2024-05-14,350187879,4972959,0.014200831320035495
2024-05-15,354744338,6317183,0.017807706348790267
2024-05-16,372244104,5783689,0.015537355562789519
2024-05-17,372361149,73783451,0.19815023988982267
2024-05-20,371069676,5847643,0.015758881358982294
2024-05-21,324531479,5779779,0.017809609772862743
2024-05-22,325632790,6388685,0.019619292639417547
2024-05-23,330245383,6025701,0.018246132452364974
2024-05-24,341212372,18499910,0.05421816885350218
2024-05-28,342949806,6070802,0.01770172163328181
2024-05-29,337234797,4357015,0.012919826301317298
2024-05-30,341821533,5720313,0.01673479417693677
2024-05-31,346375493,38243761,0.11041127843302702
2024-06-03,350735177,6954802,0.019829211485108605
2024-06-04,329911554,5918074,0.01793836538383254
2024-06-05,332113870,6133821,0.018469029914348352
2024-06-06,339485784,6942409,0.020449778244617158
2024-06-07,353075363,16648729,0.04715347131144917
2024-06-10,354252460,6845730,0.019324438847933476
2024-06-11,348611707,6340031,0.018186512020951725
2024-06-12,350302119,6147268,0.01754847506360645
2024-06-13,358124720,6141573,0.017149257387202983
2024-06-14,360930961,30153818,0.0835445590936711
2024-06-17,372228379,6152011,0.01652751737126416
2024-06-18,359561254,6818615,0.01896370903189697
2024-06-20,361218975,5911393,0.016365123122338742
2024-06-21,346532505,71300108,0.20575301586787653
2024-06-24,350779173,6015042,0.017147660018002265
2024-06-25,295106553,5541575,0.018778217371540375
2024-06-26,295842143,4328710,0.014631823431592706
2024-06-27,299217102,4871605,0.016281171655756495
2024-06-28,305465758,40362284,0.1321335794370772
2024-07-01,314126578,5467999,0.01740699254044018
2024-07-02,288700936,5608266,0.01942586705018511
2024-07-03,292277430,6390504,0.02186451413644906
2024-07-05,293000389,13355285,0.04558111695885837
2024-07-08,298510871,5558779,0.018621697030256564
2024-07-09,296693095,4725456,0.015927084518094364
2024-07-10,299889078,5907466,0.01969883678124483
2024-07-11,313114891,6186351,0.01975744743484589
2024-07-12,317462046,20482518,0.0645195803973367
2024-07-15,318344057,5733029,0.018008908518747688
2024-07-16,319440234,6345777,0.019865302878534705
2024-07-17,322115269,5989066,0.01859292798690645
2024-07-18,327110600,5807081,0.017752653078194347
2024-07-19,328362684,58132571,0.17703768982470613
2024-07-22,327271590,6458708,0.019735009690269784
2024-07-23,292884381,5837766,0.019931981282402356
2024-07-24,296222654,5393437,0.018207375186099033
2024-07-25,306897515,8310314,0.02707846624303882
2024-07-26,305069947,23147625,0.07587645137657562
2024-07-29,304920075,6213347,0.02037696927629314
2024-07-30,295476422,6511340,0.02203674985613573
2024-07-31,297878743,17114291,0.05745388485139404
2024-08-01,307495711,6645181,0.02161064614003673
2024-08-02,309563812,19882673,0.06422802740263452
2024-08-05,312901235,6937122,0.022170324767174537
2024-08-06,305612587,5889684,0.01927173241722534
2024-08-07,310107659,6926769,0.022336658895612767
2024-08-08,316539252,6209488,0.019616802531649376
2024-08-09,317436325,16232841,0.05113731391642087
2024-08-12,318961208,6405736,0.02008311932402764
2024-08-13,314331292,5425227,0.017259582924375218
2024-08-14,327125084,7429102,0.022710279227624135
2024-08-15,329044860,5981416,0.018178117111447966
2024-08-16,350315872,57646099,0.16455463085612063
2024-08-19,380664828,8942940,0.02349295060167734
2024-08-20,339672186,6994530,0.02059200101829945
2024-08-21,344104272,7283196,0.02116566573750645
2024-08-22,346646322,6155676,0.017757799836110765
2024-08-23,354821976,19239084,0.05422179374819783
2024-08-26,367292070,7436430,0.020246639139255035
2024-08-27,364586760,6157800,0.01688980696940284
2024-08-28,365919030,5766624,0.015759289698598074
2024-08-29,371790486,6744672,0.01814105592793464
2024-08-30,375283296,39499416,0.10525226254674548
2024-09-03,374252040,7006428,0.01872114845386013
2024-09-04,359061948,7067754,0.019683940443613924
2024-09-05,359359524,6474852,0.01801775538861188
2024-09-06,363540690,20303946,0.05585054591825746
2024-09-09,370176462,6842448,0.018484287096568554
2024-09-10,362496330,5892840,0.016256274925597176
2024-09-11,365227452,6904296,0.018904099246077482
2024-09-12,372586824,6619968,0.017767584824738728
2024-09-13,388473192,28848960,0.07426242169112147
2024-09-16,391677768,7653204,0.01953954149371072
2024-09-17,373370400,6570774,0.01759854021636423
2024-09-18,380326986,8360406,0.0219821530097788
2024-09-19,387474696,7570818,0.019538870739574693
2024-09-20,385309206,72723024,0.18873938869760615
2024-09-23,388608372,7097004,0.01826261221155575
2024-09-24,336893400,5560956,0.01650657448320448
2024-09-25,340184952,6542172,0.019231221021204958
2024-09-26,350802468,5136336,0.014641675782052936
2024-09-27,357950916,25317252,0.07072827828718281
2024-09-30,364210074,33359058,0.09159290305627296
2024-10-01,352304640,7072506,0.0200749726146099
2024-10-02,335999052,6509628,0.01937394751935193
2024-10-03,342171432,6362460,0.018594363541138643
2024-10-04,348215418,15932898,0.04575586598523331
2024-10-07,362985246,7990056,0.02201206822604575
2024-10-08,362164860,7267554,0.020066977232412884
2024-10-09,363498048,7474050,0.02056145842081661
2024-10-10,371155752,7643538,0.020593882645795557
2024-10-11,373050918,21499884,0.0576325722913782
2024-10-14,387081774,7754382,0.020032929786045674
2024-10-15,379615680,6898122,0.018171330541457087
2024-10-16,381856626,7254684,0.018998449957497922
2024-10-17,386364312,5436144,0.01406999516042258
2024-10-18,393100902,70464762,0.1792536258286174
2024-10-21,389954718,5939658,0.01523166082068021
2024-10-22,342679212,6427386,0.018756276350956474
2024-10-23,347500314,6309450,0.01815667424116342
2024-10-24,357261390,7388676,0.020681428799232966
2024-10-25,354830292,21823344,0.06150361029491811
2024-10-28,358556400,7119774,0.01985677567043846
2024-10-29,355755240,5918922,0.016637624227263666
2024-10-30,358284546,5912910,0.016503391134263436
2024-10-31,362344158,34850430,0.09618046608605733
2024-11-01,366422364,36821934,0.1004904111147539
2024-11-04,345829986,7203708,0.02083020065240959
2024-11-05,325119222,6384960,0.0196388265225364
2024-11-06,339828588,8256546,0.024296207828165415
2024-11-07,351333846,5475402,0.015584612932509782
2024-11-08,359610912,23206860,0.06453324753393468
2024-11-11,371347506,8406126,0.022636818247541966
2024-11-12,365393124,7741998,0.021188132702792732
2024-11-13,370244214,6583914,0.01778262495683457
2024-11-14,375663978,6605226,0.01758280374702309
2024-11-15,380094228,78286932,0.20596716875163915
2024-11-18,384898104,7737030,0.0201015019808983
2024-11-19,327754080,6791652,0.020721792387756087
2024-11-20,331908102,6080022,0.018318389829483583
2024-11-21,334713078,7043112,0.021042237256113427
2024-11-22,340616790,15926094,0.04675663228462695
2024-11-25,341712342,8006166,0.023429548822090834
2024-11-26,343241910,6366870,0.01854922086874531
2024-11-27,347581494,7746174,0.022285921816079194
2024-11-29,350251722,40599846,0.11591619241203902
2024-12-02,347209578,7328448,0.021106698848036964
2024-12-03,326794608,5935626,0.018163169938226153
2024-12-04,328398768,5673870,0.01727737906739041
2024-12-05,334951740,6187878,0.018473938962072566
2024-12-06,340083072,24601716,0.07234031336908178
2024-12-09,344582442,6010524,0.017442920089352665
2024-12-10,337698756,6326460,0.018734034069109808
2024-12-11,342323892,7069194,0.020650600689010628
2024-12-12,344957742,5771664,0.01673151026133514
2024-12-13,346839516,20287134,0.05849141480176671
2024-12-16,349773714,6717546,0.019205405469663168
2024-12-17,341772372,6781410,0.019841890555155815
2024-12-18,347416488,5498586,0.01582707266328707
2024-12-19,360785394,7736040,0.021442220579472794
2024-12-20,357952554,83066022,0.23205874932799056
2024-12-23,355307850,8227080,0.02315479379360743
2024-12-24,302679054,8148330,0.026920693362547644
2024-12-26,311980392,5333490,0.01709559362307616
2024-12-27,313205886,16578612,0.05293199374931287
2024-12-30,321600132,6766920,0.021041409274048434
2024-12-31,318453462,35670654,0.11201214072529066
2025-01-02,323889354,6677820,0.020617596464748266
2025-01-03,302476392,14099760,0.04661441478712163
2025-01-06,312249960,7504074,0.024032265688680953
2025-01-07,324916128,7786206,0.023963741190465005
2025-01-08,333045108,7801164,0.023423745950953888
2025-01-10,336032838,15710148,0.04675182370123006
2025-01-13,344046870,8532162,0.024799417590981136
2025-01-14,341861940,6554718,0.019173582177647502
2025-01-15,346580244,8162406,0.023551273164895112
2025-01-16,351283986,6876630,0.019575700214242046
2025-01-17,360180936,88931322,0.24690735436369682
2025-01-21,364838832,9212508,0.025250897634712305
2025-01-22,310588416,8516934,0.027421930636331266
2025-01-23,318842424,7520076,0.023585556481655653
2025-01-24,328378518,29247282,0.08906575916759574
2025-01-27,334712898,8316234,0.0248458725364088
2025-01-28,320955570,7786836,0.0242614141265721
2025-01-29,324989658,6295896,0.01937260415837602
2025-01-30,327073626,6075072,0.018574019783545618
2025-01-31,328756482,48870468,0.14865248497214423
2025-02-03,336186918,7886970,0.023460074077004983
2025-02-04,307380510,7962372,0.02590395858214953
2025-02-05,309095766,7053786,0.022820713758984326
2025-02-06,311424372,6040440,0.019396169802664
2025-02-07,312271470,23456628,0.0751161417339855
2025-02-10,322020054,8554194,0.02656416547275034
2025-02-11,315518508,6721056,0.02130162202719341
2025-02-12,318271590,9348552,0.029372876165290152
2025-02-13,323105670,5849946,0.018105364724797308
2025-02-14,328482738,23744880,0.07228653823507766
2025-02-18,331289118,7118406,0.0214869901039128
2025-02-19,322242642,6376824,0.019788889392236303
2025-02-20,327775590,5560110,0.016963160679536876
2025-02-21,335570886,70540614,0.2102107689997874
2025-02-24,355953204,9270558,0.026044316769234643
2025-02-25,312783840,7257294,0.02320226645980176
2025-02-26,317627298,6054930,0.019063002576056923
2025-02-27,322860870,7720038,0.02391134608538966
2025-02-28,330101586,43041636,0.1303890615054482
2025-03-03,334364526,9399204,0.02811064951310056
2025-03-04,314013204,7490340,0.02385358292130926
2025-03-05,324759942,9797238,0.030167630711056107
2025-03-06,329945544,6664266,0.020198078504736528
2025-03-07,339949278,20529990,0.06039133285054366
2025-03-10,350515404,9508158,0.027126220107576215
2025-03-11,354706056,9396288,0.026490351210693736
2025-03-12,364089330,10959858,0.03010211257770174
2025-03-13,362454948,9010116,0.024858581872635933
2025-03-14,365755410,24312114,0.06647096211099106
2025-03-17,378516294,13447026,0.03552561993539966
2025-03-18,376613712,9116982,0.024207780305141945
2025-03-19,377036658,8749674,0.023206427848190825
2025-03-20,380043468,8043426,0.021164489531497487
2025-03-21,374883174,102796200,0.27420862585846545
2025-03-24,359884170,8230716,0.02287045857004491
2025-03-25,300581388,7904268,0.026296598244466153
2025-03-26,305292456,7594488,0.024876107649381286
2025-03-27,310523868,7856748,0.025301591309560785
2025-03-28,312585642,23314662,0.07458647764762016
2025-03-31,318292542,25206516,0.07919292058058966
2025-04-01,317739168,9443988,0.029722454614094035
2025-04-02,308048040,8536356,0.027711119343593292
2025-04-03,311517792,10783872,0.034617194513243084
2025-04-04,326342088,25755372,0.07892139244999867
2025-04-07,343949076,11044242,0.032110108067276794
2025-04-08,343222416,8872668,0.025851073783013052
2025-04-09,354604986,10383372,0.029281517209123507
2025-04-10,368774550,9677754,0.026243009448455704
2025-04-11,380930346,32087340,0.0842341397500529
2025-04-14,351733284,12164256,0.034583750112201495
2025-04-15,353354814,8675694,0.024552358298987262
2025-04-16,353606958,8619822,0.02437684498278453
2025-04-17,354512682,79511526,0.2242840102402881
2025-04-21,289953036,9002196,0.03104708308693136
2025-04-22,299547288,8370378,0.02794342775021218
2025-04-23,302178402,8850960,0.02929051163623534
2025-04-24,311557860,8229384,0.02641366197598096
2025-04-25,318258594,23422392,0.07359547374862091
2025-04-28,306576306,7378614,0.02406778950490714
2025-04-29,312811038,7335702,0.023450905207507415
2025-04-30,319029012,29023110,0.09097326233138947
2025-05-01,304010118,8378028,0.02755838540873827
2025-05-02,308828880,22031820,0.07133989541392631
2025-05-05,302824386,7825896,0.02584301780768739
2025-05-06,308188674,6631956,0.0215191425237126
2025-05-07,310542102,7064892,0.022750190568362933
2025-05-08,313716024,6458130,0.020585910523971195
2025-05-09,321494958,21579624,0.06712274473679304
2025-05-12,316711656,10725804,0.033866148582797975
2025-05-13,323554752,10573830,0.032680187617828586
2025-05-14,331949808,8329950,0.025094004573125103
2025-05-15,336302280,7266276,0.02160638340007686
2025-05-16,343455012,73483776,0.21395458919667767
2025-05-19,286321032,8373456,0.02924499098620181
2025-05-20,292703616,7740360,0.026444360701030765
2025-05-21,296075358,7336836,0.02478029934527682
2025-05-22,303153966,7661664,0.025273177524584984
2025-05-23,302968368,19180620,0.06330898544497557
2025-05-27,294551766,6624378,0.022489690318135795
2025-05-28,300451608,6116742,0.020358493138768623
2025-05-29,306732366,5720058,0.018648367873900857
2025-05-30,310292352,34567920,0.11140435713994008
2025-06-02,286878528,6261228,0.021825362963379398
2025-06-03,292477086,7361280,0.025168740911211074
2025-06-04,303969438,6417612,0.02111268830914508
2025-06-05,308329164,6202998,0.020118103391607807
2025-06-06,314122770,18277992,0.058187415067045285
2025-06-09,317354958,6814026,0.02147130784703228
2025-06-10,321154902,6994548,0.021779359294973488
2025-06-11,325683036,6397992,0.019644842662299426
2025-06-12,330521544,5899842,0.017850098146703564
2025-06-13,334893150,17680608,0.05279477349715872
2025-06-16,329154588,8440272,0.025642273593342712
2025-06-17,338921262,6614874,0.019517435881611936
2025-06-18,342686502,7002504,0.02043414012262438
2025-06-20,336376458,74455776,0.22134657235733185
2025-06-23,276624018,7676640,0.02775116945918991
2025-06-24,282605796,6674724,0.02361849648688734
2025-06-25,292090752,7058880,0.02416673568631163
2025-06-26,297533070,6411654,0.021549382729119826
2025-06-27,309650022,15733386,0.05081022083699384
2025-06-30,306750150,31730670,0.10344141641006532
2025-07-01,291287142,7066800,0.024260597125842238
2025-07-02,297473652,7023672,0.023611072620307226
2025-07-03,302304240,15414516,0.05099007542864764
2025-07-07,299016774,7393284,0.024725315242682674
2025-07-08,305072622,6835428,0.022405904388234484
2025-07-09,308086920,6345828,0.020597524880316243
2025-07-10,319454154,6658164,0.020842314669040116
2025-07-11,325155366,18003888,0.055370108823607725
2025-07-14,317941794,6414210,0.02017416433147509
2025-07-15,323255988,7204536,0.022287401525258058
2025-07-16,328314996,7268256,0.022138056709416952
2025-07-17,331616322,5994378,0.018076245354412924
2025-07-18,340307748,63615150,0.18693418052885472
2025-07-21,288600876,6524370,0.02260689603728022
2025-07-22,302903964,6255216,0.020650822516142444
2025-07-23,306320058,5685372,0.01856023414568562
2025-07-24,314566002,5709924,0.01815175182218198
2025-07-25,323734122,28226916,0.08719166155738134
2025-07-28,309381894,6407424,0.020710403951434857
2025-07-29,315227646,6682896,0.021200221759737407
2025-07-30,318673314,6625296,0.020790244143254494
2025-07-31,321448122,26103060,0.08120458081257666
2025-08-01,316620756,22375530,0.07066981420510536
2025-08-04,307869210,7126704,0.023148479186989826
2025-08-05,313245306,5655042,0.018053078184035103
2025-08-06,324908316,6367662,0.019598334934585054
2025-08-07,329417010,5677704,0.017235612696502832
2025-08-08,333761922,17736804,0.053142083715589344
2025-08-11,329422914,7788960,0.023644256877649986
2025-08-12,332916534,7409790,0.02225720035881426
2025-08-13,343717344,7000632,0.020367409798209078
2025-08-14,349821864,6678270,0.01909048772320303
2025-08-15,352179144,75477870,0.21431669446047605
2025-08-18,292250952,7008642,0.023981588261857912
2025-08-19,295680024,6118812,0.020694032411198666
2025-08-20,300389400,6686532,0.022259547107854005
2025-08-21,305864190,5829120,0.019057870095874903
2025-08-22,310931460,19738512,0.06348187475143235
2025-08-25,312007302,6899706,0.022113924756799443
2025-08-26,315581364,6343938,0.020102384752985605
2025-08-27,317742426,5894064,0.01854981745497216
2025-08-28,323141310,6386580,0.019764046880914113
2025-08-29,329645250,36006318,0.10922747408009065
2025-09-02,306904266,5986890,0.019507353475497143
2025-09-03,311341158,7376778,0.02369355226718852
2025-09-04,315842436,6057630,0.01917927836650804
2025-09-05,326228292,20286864,0.06218609635488022
2025-09-08,320702256,7032384,0.021928077737002262
2025-09-09,324462042,6629850,0.020433360892181035
2025-09-10,330885630,6984684,0.02110905813588822
2025-09-11,336342402,6282738,0.01867958949760964
2025-09-12,354032010,21923442,0.061925027626739175
2025-09-15,347155272,9872010,0.02843687190209227
2025-09-16,352245672,7936884,0.02253223994190055
2025-09-17,358310358,8912070,0.024872487777760532
2025-09-18,361281834,9582390,0.026523309777042373
2025-09-19,349327422,84024342,0.24053176678468718
2025-09-22,281268342,9399852,0.0334195165128111
2025-09-23,295407234,7006518,0.02371816663094987
2025-09-24,301317588,8643744,0.028686490083015003
2025-09-25,303908670,6129342,0.020168368345661214
2025-09-26,307036206,16148070,0.052593373955382966
2025-09-29,302183370,5977854,0.019782207075127928
2025-09-30,309270870,35996652,0.11639198997306148
2025-10-01,292863780,10456254,0.03570347278861182
2025-10-02,296853768,8982198,0.030257988842506457
2025-10-03,312682824,21437190,0.06855889852139752
2025-10-06,302154318,7229088,0.0239251520476368
2025-10-07,305978130,6968880,0.02277574544298313
2025-10-08,316433034,7277130,0.022997377701090463
2025-10-09,323359506,7999596,0.02473901602261849
2025-10-10,332388198,20310804,0.06110567138728554
2025-10-13,335304270,12275532,0.03661012727335682
2025-10-14,335007288,6604272,0.01971381589764101
2025-10-15,340094322,7854948,0.023096380891651582
2025-10-16,342818658,6766956,0.019739170672560067
2025-10-17,348061824,68689350,0.19734812973915805
2025-10-20,291399606,7494804,0.025720021049033266
2025-10-21,303307002,8031654,0.026480278882582472
2025-10-22,306903834,7156242,0.023317538613740484
2025-10-23,311035716,7525134,0.024193793872855425
2025-10-24,315189108,18146682,0.05757395017596864
2025-10-27,313656282,8618904,0.0274788183582435
2025-10-28,330751980,9823770,0.02970131879482626
2025-10-29,334972584,8200602,0.024481412484790098
2025-10-30,346587570,7801794,0.022510311030485022
2025-10-31,349084872,53299674,0.15268399829139545
2025-11-03,310119912,9140256,0.029473296122952596
2025-11-04,321215724,7305552,0.022743444527018236
2025-11-05,325109610,7446438,0.02290439215254203
2025-11-06,328485186,6883632,0.020955684741289976
2025-11-07,331947234,27063234,0.08152872272464846
2025-11-10,321061608,8267040,0.025749076794008955
2025-11-11,326061810,7154352,0.021941704856511715
2025-11-12,331625628,7888284,0.02378671409557044
2025-11-13,335209500,8303346,0.024770616584553838
2025-11-14,339575364,24567570,0.07234791626403145
2025-11-17,327849858,8593272,0.026210998084373122
2025-11-18,332275086,7186158,0.02162713457246686
2025-11-19,337266504,6847236,0.020302152507857704
2025-11-20,340788312,8012952,0.023512989494780562
2025-11-21,358047792,60419430,0.16874683031141272
2025-11-24,313130214,9820908,0.03136365499370176
2025-11-25,316443654,8155080,0.025771033474414375
2025-11-26,318672594,10073772,0.03161166723988822
2025-11-28,322439400,34774740,0.10784891672667794
2025-12-01,297007344,7095258,0.023889166861813357
2025-12-02,302571864,7446600,0.024611012741092148
2025-12-03,304422462,6590970,0.021650734826525384
2025-12-04,307039104,5927976,0.019306908868519886
2025-12-05,311017176,30685446,0.09866158002797891
2025-12-08,292078674,7940664,0.027186729832935356
2025-12-09,294896520,6981966,0.023675986410419493
2025-12-10,296276832,5958756,0.020112122705564773
2025-12-11,302089788,6731046,0.0222816072154018
2025-12-12,305958132,36710478,0.11998529916505046
2025-12-15,284939064,8341218,0.02927369060214222
2025-12-16,299432628,7320924,0.024449319531069942
2025-12-17,308125656,7293978,0.023672089155730675
2025-12-18,319447620,9284238,0.029063412649623123
2025-12-19,315988344,82938420,0.2624730360307214
2025-12-22,251354394,9322614,0.037089520702789064
2025-12-23,256898610,7197642,0.028017442367632896
2025-12-24,264281706,9041148,0.0342102680387571
2025-12-26,265281552,15066864,0.05679574733489195
2025-12-29,264682314,7691760,0.029060347417092628
2025-12-30,265118850,7209918,0.027195041016510144
2025-12-31,268120602,32169096,0.11997994842634285
2026-01-02,247607262,17422128,0.07036194277694488
2026-01-05,243278802,6904782,0.028382176923084323
2026-01-06,247015908,6385932,0.025852310694095056
2026-01-07,273853404,7833816,0.02860587411212168
2026-01-08,281020176,7662600,0.027267081350059362
2026-01-09,282745224,17884422,0.06325278194619478
2026-01-12,284303628,8083602,0.028432989254713274
2026-01-13,290048184,7904142,0.027251134246025824
2026-01-14,294682914,6851430,0.023250177307531306
2026-01-15,302341212,6157584,0.020366340265911217
2026-01-16,306033282,66272922,0.21655462297071337
2026-01-20,252175518,6853266,0.027176571517937755
2026-01-21,263273958,9172134,0.034838743906452
2026-01-22,266769540,7203006,0.02700085624468221
2026-01-23,271476126,23854716,0.08787040080275789
